{
  "horseData": {
    "e39b5981-ae1a-4bc3-ba38-0cce17491d62": {
      "horseId": "e39b5981-ae1a-4bc3-ba38-0cce17491d62",
      "horseName": "SWEM Horse",
      "dimension": "minecraft:overworld",
      "position": {
        "f_82479_": 0.0,
        "f_82480_": 0.0,
        "f_82481_": 0.0
      },
      "isDead": true,
      "inventoryData": {"Inventory":[{"Item":{"id":"minecraft:air","Count":0},"Slot":0},{"Item":{"id":"minecraft:air","Count":0},"Slot":1},{"Item":{"id":"minecraft:air","Count":0},"Slot":2},{"Item":{"id":"minecraft:air","Count":0},"Slot":3},{"Item":{"id":"minecraft:air","Count":0},"Slot":4},{"Item":{"id":"minecraft:air","Count":0},"Slot":5},{"Item":{"id":"minecraft:air","Count":0},"Slot":6},{"Item":{"id":"minecraft:air","Count":0},"Slot":7}]},
      "progressionData": {"JumpLevel":0,"SpeedLevel":0,"AffinityXP":0.0,"AffinityLevel":1,"daysSwiped":[0,0,0,0,0],"HealthLevel":0,"JumpXP":0.0,"HealthXP":0.0,"desensiztingItem":{"id":"minecraft:air","Count":0},"SpeedXP":0.0,"currentSwipes":0},
      "genderData": {"GestationTimer":0,"Pregnant":0,"Foals":[],"TotalOffsprings":0,"Female":1,"Infertile":0,"InLoveTimer":0,"BreedCooldown":0},
      "lineageData": {"Data":{"Offsprings":[]}}
    }
  }
}