{"stats":{"minecraft:crafted":{"minecraft:cooked_chicken":1,"minecraft:furnace":7,"minecraft:diamond_shovel":1,"minecraft:cooked_mutton":33,"minecraft:iron_boots":1,"minecraft:iron_axe":2,"minecraft:stone_pickaxe":3,"minecraft:chest":2,"minecraft:dark_oak_planks":60,"minecraft:smoker":2,"minecraft:cooked_beef":11,"minecraft:diamond_sword":1,"minecraft:cooked_porkchop":41,"minecraft:crafting_table":6,"minecraft:iron_helmet":1,"minecraft:wooden_pickaxe":3,"minecraft:baked_potato":1,"minecraft:iron_sword":2,"minecraft:bucket":3,"minecraft:stone_axe":1,"minecraft:acacia_boat":1,"minecraft:air":0,"minecraft:jungle_planks":40,"minecraft:iron_chestplate":2,"minecraft:diamond_pickaxe":1,"minecraft:shield":2,"minecraft:stick":44,"minecraft:iron_ingot":59,"minecraft:iron_pickaxe":2,"minecraft:stone_sword":1,"minecraft:gold_ingot":16,"minecraft:iron_leggings":1,"minecraft:white_bed":1,"minecraft:acacia_planks":68,"minecraft:torch":40,"minecraft:diamond_chestplate":1},"minecraft:killed":{"minecraft:spider":9,"minecraft:phantom":2,"minecraft:skeleton":16,"minecraft:chicken":1,"realmrpg_demons:chort":3,"minecraft:drowned":2,"minecraft:pig":23,"minecraft:zombie_villager":1,"minecraft:creeper":4,"minecraft:sheep":28,"minecraft:zombie":39,"minecraft:cow":7,"minecraft:enderman":1},"minecraft:dropped":{"minecraft:iron_ingot":11,"minecraft:iron_sword":2,"minecraft:oak_slab":1,"minecraft:moss_block":1,"minecraft:porkchop":18,"minecraft:wheat_seeds":18,"minecraft:glow_ink_sac":8,"minecraft:diamond":1,"minecraft:cooked_porkchop":12,"minecraft:orange_tulip":81,"minecraft:pitcher_pod":4,"minecraft:feather":2,"minecraft:iron_helmet":1,"minecraft:cobblestone":72,"minecraft:leather":2,"minecraft:granite":3,"minecraft:jungle_planks":3,"minecraft:tropical_fish":1,"minecraft:dirt":17,"minecraft:cornflower":2,"minecraft:mutton":24,"minecraft:bone_meal":1,"minecraft:jungle_sapling":1,"swem:star_worm":14,"minecraft:oak_stairs":2,"minecraft:iron_pickaxe":6,"minecraft:dark_oak_planks":11,"minecraft:string":1,"minecraft:dandelion":2,"swem:oat_seeds":8,"minecraft:bone":8,"minecraft:smooth_basalt":8,"minecraft:gravel":2,"minecraft:white_tulip":6,"minecraft:blackstone":16,"minecraft:spyglass":1,"minecraft:raw_copper":11,"minecraft:stone_sword":3,"minecraft:cobbled_deepslate":19,"minecraft:cocoa_beans":10,"minecraft:tuff":31,"minecraft:wheat":1,"minecraft:obsidian":4,"swem:alfalfa_seeds":15,"minecraft:rotten_flesh":4,"minecraft:light_gray_wool":1,"minecraft:azure_bluet":1,"minecraft:cooked_mutton":4,"minecraft:chainmail_chestplate":1,"minecraft:big_dripleaf":1,"minecraft:cobblestone_slab":1,"swem:timothy_seeds":11,"minecraft:gunpowder":1,"minecraft:iron_chestplate":2,"minecraft:andesite":2,"minecraft:golden_sword":1,"minecraft:arrow":8,"minecraft:beef":1,"minecraft:wooden_pickaxe":2,"minecraft:stone_pickaxe":5,"minecraft:red_tulip":4,"minecraft:magma_block":5,"minecraft:black_wool":2},"minecraft:mined":{"minecraft:tuff":11,"minecraft:white_bed":4,"minecraft:deepslate_diamond_ore":26,"minecraft:jungle_leaves":1,"minecraft:dark_oak_log":16,"minecraft:obsidian":5,"minecraft:granite":62,"swem:cantazarite_ore":1,"minecraft:acacia_log":25,"minecraft:grass_block":309,"minecraft:jungle_log":10,"minecraft:moss_block":1,"minecraft:magma_block":5,"minecraft:furnace":20,"minecraft:iron_ore":49,"minecraft:fire":2,"minecraft:andesite":11,"minecraft:deepslate_lapis_ore":19,"minecraft:gold_block":1,"minecraft:deepslate_iron_ore":57,"minecraft:vine":3,"minecraft:pink_tulip":1,"minecraft:white_tulip":22,"minecraft:stone":274,"minecraft:lily_of_the_valley":2,"minecraft:blackstone":209,"minecraft:smoker":3,"minecraft:cornflower":5,"minecraft:dandelion":9,"minecraft:clay":1,"minecraft:crafting_table":21,"minecraft:torch":8,"minecraft:stone_slab":1,"minecraft:cobblestone":17,"minecraft:tall_grass":9,"swem:star_worm_cobble":2,"minecraft:copper_ore":4,"minecraft:lapis_ore":3,"minecraft:wall_torch":3,"minecraft:big_dripleaf":1,"minecraft:coarse_dirt":1,"minecraft:orange_tulip":14,"minecraft:yellow_bed":1,"minecraft:grass":49,"minecraft:coal_ore":59,"minecraft:gravel":2,"minecraft:dirt":21,"minecraft:smooth_basalt":4,"minecraft:acacia_planks":4,"minecraft:deepslate":139},"minecraft:used":{"minecraft:stone_sword":25,"minecraft:tropical_fish":8,"minecraft:chest":2,"minecraft:shield":85,"minecraft:iron_sword":207,"minecraft:cooked_chicken":1,"minecraft:rotten_flesh":36,"minecraft:iron_chestplate":2,"minecraft:torch":67,"minecraft:dirt":87,"minecraft:spyglass":10,"minecraft:carrot":2,"minecraft:tuff":1,"minecraft:granite":61,"minecraft:axolotl_bucket":1,"minecraft:obsidian":1,"minecraft:dark_oak_planks":22,"minecraft:iron_axe":52,"minecraft:iron_boots":1,"minecraft:diamond_chestplate":1,"minecraft:furnace":23,"tombstone:gift":6,"minecraft:egg":4,"minecraft:cooked_beef":6,"minecraft:cobbled_deepslate":72,"minecraft:acacia_planks":9,"minecraft:iron_leggings":1,"minecraft:cooked_mutton":27,"minecraft:acacia_boat":2,"minecraft:water_bucket":202,"minecraft:pink_tulip":1,"minecraft:stone_pickaxe":63,"minecraft:baked_potato":1,"minecraft:wooden_pickaxe":28,"minecraft:glow_berries":10,"minecraft:crafting_table":25,"minecraft:white_bed":5,"minecraft:smoker":3,"tombstone:bag_of_seeds":1,"minecraft:diamond_pickaxe":436,"minecraft:diamond_shovel":304,"minecraft:bread":2,"minecraft:iron_pickaxe":466,"minecraft:stone_axe":12,"minecraft:diamond_sword":165,"minecraft:cobblestone":145,"minecraft:cooked_porkchop":25,"minecraft:andesite":8,"minecraft:bucket":206,"minecraft:yellow_bed":1,"minecraft:coarse_dirt":1},"minecraft:picked_up":{"minecraft:crafting_table":25,"minecraft:cocoa_beans":10,"minecraft:iron_chestplate":4,"minecraft:coarse_dirt":1,"minecraft:azure_bluet":1,"minecraft:wheat":3,"minecraft:chicken":1,"minecraft:chainmail_boots":2,"minecraft:clay_ball":24,"minecraft:oak_stairs":2,"minecraft:gold_block":1,"minecraft:cornflower":9,"minecraft:shield":3,"minecraft:golden_sword":2,"minecraft:moss_carpet":1,"minecraft:string":3,"minecraft:iron_axe":2,"minecraft:raw_copper":19,"minecraft:iron_leggings":3,"minecraft:blackstone":208,"minecraft:cobbled_deepslate":141,"minecraft:beef":14,"minecraft:white_tulip":53,"minecraft:cobblestone_slab":1,"minecraft:jungle_sapling":2,"minecraft:light_gray_wool":1,"minecraft:iron_pickaxe":12,"minecraft:phantom_membrane":1,"minecraft:egg":4,"minecraft:iron_boots":1,"minecraft:furnace":28,"minecraft:stick":4,"minecraft:raw_iron":128,"minecraft:big_dripleaf":2,"minecraft:torch":31,"minecraft:acacia_log":25,"minecraft:porkchop":59,"tombstone:grave_dust":6,"minecraft:carrot":1,"minecraft:stone_sword":3,"minecraft:arrow":8,"minecraft:rotten_flesh":42,"minecraft:tropical_fish":12,"minecraft:red_tulip":28,"swem:alfalfa_seeds":18,"minecraft:pink_tulip":1,"minecraft:obsidian":5,"minecraft:glow_berries":8,"minecraft:mutton":44,"minecraft:cobblestone":322,"minecraft:white_wool":32,"swem:timothy_seeds":21,"minecraft:magma_block":5,"minecraft:feather":2,"minecraft:cooked_beef":4,"minecraft:andesite":10,"minecraft:glow_ink_sac":8,"minecraft:water_bucket":3,"minecraft:jungle_log":12,"swem:star_worm":14,"minecraft:leather":12,"minecraft:smoker":3,"minecraft:potato":1,"minecraft:tuff":37,"minecraft:chainmail_chestplate":3,"minecraft:yellow_bed":1,"minecraft:gunpowder":7,"minecraft:acacia_boat":2,"minecraft:lapis_lazuli":147,"minecraft:dirt":332,"minecraft:bone":18,"minecraft:acacia_planks":19,"minecraft:orange_tulip":88,"minecraft:wheat_seeds":35,"minecraft:iron_ingot":27,"minecraft:stone_pickaxe":7,"minecraft:pitcher_pod":4,"minecraft:moss_block":8,"swem:oat_seeds":29,"minecraft:iron_sword":5,"minecraft:oak_slab":1,"minecraft:smooth_basalt":8,"minecraft:cooked_porkchop":21,"minecraft:dandelion":35,"swem:cantazarite":40,"minecraft:spyglass":1,"minecraft:gravel":2,"minecraft:jungle_planks":14,"minecraft:white_bed":4,"minecraft:lily_of_the_valley":2,"minecraft:dark_oak_log":15,"minecraft:spider_eye":4,"minecraft:diamond":29,"minecraft:iron_helmet":4,"minecraft:granite":67,"minecraft:bone_meal":1,"minecraft:black_wool":2,"minecraft:coal":507,"minecraft:ender_pearl":1},"minecraft:killed_by":{"minecraft:skeleton":3,"minecraft:zombie":7},"minecraft:broken":{"minecraft:shield":1,"minecraft:chainmail_chestplate":1},"minecraft:custom":{"minecraft:mob_kills":138,"minecraft:interact_with_crafting_table":46,"minecraft:leave_game":5,"minecraft:time_since_death":24069,"minecraft:climb_one_cm":2034,"minecraft:sprint_one_cm":713409,"minecraft:walk_one_cm":362637,"minecraft:damage_blocked_by_shield":4394,"minecraft:drop":149,"minecraft:damage_dealt_absorbed":80,"minecraft:talked_to_villager":2,"minecraft:play_time":258727,"minecraft:deaths":14,"minecraft:sneak_time":27799,"minecraft:walk_under_water_one_cm":155998,"minecraft:jump":6894,"minecraft:walk_on_water_one_cm":129681,"minecraft:total_world_time":258727,"minecraft:interact_with_furnace":128,"tombstone:raider_killed":2,"minecraft:sleep_in_bed":11,"minecraft:time_since_rest":1813,"minecraft:damage_taken":8278,"minecraft:damage_dealt":21457,"minecraft:swim_one_cm":260648,"minecraft:fly_one_cm":1467181,"minecraft:open_chest":13,"minecraft:crouch_one_cm":59198,"tombstone:undead_killed":34,"minecraft:interact_with_smoker":19,"minecraft:fall_one_cm":196681,"minecraft:horse_one_cm":6209}},"DataVersion":3465}