{"stats":{"minecraft:killed_by":{"minecraft:creeper":1,"minecraft:zombie":9,"minecraft:enderman":1,"minecraft:warden":1,"minecraft:skeleton":5},"minecraft:crafted":{"minecraft:dark_oak_boat":1,"minecraft:cooked_chicken":1,"minecraft:stone":40,"tombstone:decorative_tombstone":1,"minecraft:diamond_shovel":1,"minecraft:bookshelf":24,"minecraft:cooked_mutton":56,"minecraft:glass":4,"minecraft:diamond_helmet":2,"minecraft:diamond_leggings":2,"minecraft:iron_boots":1,"vampirism:altar_inspiration":1,"tombstone:grave_key":3,"minecraft:chest":4,"minecraft:smoker":2,"tombstone:decorative_grave_original":1,"minecraft:cooked_porkchop":41,"minecraft:diamond_axe":1,"minecraft:crafting_table":9,"minecraft:iron_helmet":1,"minecraft:wooden_pickaxe":3,"minecraft:baked_potato":111,"tombstone:decorative_grave_simple":1,"minecraft:copper_ingot":18,"minecraft:dark_oak_slab":36,"minecraft:iron_chestplate":2,"minecraft:book":76,"minecraft:paper":237,"minecraft:diamond_pickaxe":3,"minecraft:shield":4,"minecraft:stick":232,"minecraft:iron_ingot":94,"minecraft:iron_pickaxe":2,"minecraft:iron_block":12,"minecraft:stone_sword":1,"minecraft:gold_ingot":48,"ancient_elements:raw_aetherium":4,"minecraft:dark_oak_fence_gate":1,"tombstone:strange_tablet":3,"minecraft:furnace":7,"minecraft:bone_meal":42,"minecraft:dark_oak_fence":117,"minecraft:iron_axe":2,"minecraft:iron_hoe":1,"minecraft:stone_pickaxe":3,"minecraft:diamond_boots":2,"minecraft:dark_oak_planks":1088,"tombstone:strange_scroll":1,"minecraft:wheat":81,"minecraft:cooked_beef":375,"tombstone:grave_dust":2,"minecraft:diamond_sword":3,"minecraft:dark_oak_stairs":140,"minecraft:iron_sword":2,"tombstone:ankh_of_pray":1,"minecraft:bucket":3,"minecraft:stone_axe":1,"minecraft:jungle_planks":40,"minecraft:acacia_boat":1,"minecraft:bread":8,"minecraft:air":0,"tombstone:book_of_scribe":1,"tombstone:dark_marble":19,"minecraft:iron_leggings":1,"minecraft:white_bed":1,"vampirism:blood_container":1,"minecraft:acacia_planks":68,"minecraft:torch":136,"minecraft:blackstone_slab":192,"minecraft:diamond_chestplate":2},"minecraft:dropped":{"minecraft:iron_sword":2,"minecraft:moss_block":1,"minecraft:porkchop":18,"minecraft:diamond_axe":1,"minecraft:cooked_beef":30,"minecraft:baked_potato":40,"minecraft:glow_ink_sac":11,"minecraft:golden_pickaxe":1,"minecraft:diamond":1,"minecraft:cooked_porkchop":12,"minecraft:pitcher_pod":4,"minecraft:orange_tulip":119,"minecraft:glow_berries":20,"minecraft:leather":202,"minecraft:jungle_planks":3,"minecraft:leather_helmet":1,"minecraft:dirt":150,"minecraft:dark_oak_log":2,"minecraft:dark_oak_fence":12,"minecraft:cornflower":18,"minecraft:mutton":28,"minecraft:jungle_sapling":3,"minecraft:bone_meal":5,"minecraft:iron_pickaxe":6,"minecraft:dark_oak_planks":11,"minecraft:white_wool":2,"minecraft:bone":34,"minecraft:gravel":8,"minecraft:white_tulip":50,"minecraft:blackstone":16,"minecraft:sugar_cane":19,"minecraft:spyglass":1,"minecraft:cobbled_deepslate":127,"minecraft:wheat":21,"minecraft:obsidian":6,"minecraft:pointed_dripstone":2,"minecraft:rotten_flesh":50,"minecraft:oak_planks":1,"minecraft:cooked_mutton":4,"minecraft:azure_bluet":1,"minecraft:carrot":5,"minecraft:chainmail_chestplate":3,"minecraft:gunpowder":4,"minecraft:leather_boots":3,"minecraft:chainmail_boots":3,"minecraft:leather_leggings":1,"minecraft:arrow":9,"minecraft:beef":163,"deep_dark_regrowth:mossy_fluorite":19,"minecraft:egg":1,"minecraft:iron_ingot":123,"minecraft:oak_slab":1,"minecraft:wheat_seeds":737,"minecraft:dripstone_block":17,"minecraft:poisonous_potato":2,"minecraft:iron_helmet":3,"minecraft:feather":2,"minecraft:cobblestone":325,"minecraft:book":1,"minecraft:granite":17,"minecraft:tropical_fish":1,"minecraft:chainmail_helmet":1,"minecraft:grass_block":2,"minecraft:coal":2,"tombstone:ankh_of_pray":1,"minecraft:stick":1,"securitycraft:reinforced_dark_oak_planks":1,"minecraft:iron_block":8,"minecraft:torch":1,"minecraft:sculk_catalyst":1,"tombstone:grave_key":1,"werewolves:cracked_bone":1,"vampirism:altar_inspiration":1,"minecraft:diamond_helmet":1,"tombstone:grave_dust":2,"minecraft:iron_leggings":2,"minecraft:oak_stairs":2,"minecraft:pumpkin":27,"tombstone:dark_marble":5,"minecraft:paper":34,"minecraft:string":11,"deep_dark_regrowth:apatine_seeds":2,"minecraft:polished_deepslate":1,"minecraft:pink_tulip":1,"deep_dark_regrowth:apatine":2,"minecraft:dandelion":11,"minecraft:smooth_basalt":8,"minecraft:stone_sword":4,"minecraft:raw_copper":17,"minecraft:cocoa_beans":10,"minecraft:tuff":99,"minecraft:white_carpet":2,"minecraft:light_gray_wool":1,"minecraft:iron_hoe":1,"minecraft:big_dripleaf":1,"minecraft:potato":3,"minecraft:cobblestone_slab":1,"minecraft:stone":7,"minecraft:iron_chestplate":2,"minecraft:diamond_pickaxe":1,"minecraft:andesite":55,"minecraft:oak_sapling":2,"minecraft:golden_sword":2,"minecraft:carved_pumpkin":1,"minecraft:stone_bricks":3,"minecraft:diamond_boots":2,"minecraft:bow":4,"minecraft:stone_pickaxe":5,"minecraft:wooden_pickaxe":2,"minecraft:red_tulip":21,"minecraft:bell":1,"minecraft:magma_block":5,"minecraft:black_wool":2},"minecraft:mined":{"minecraft:dark_oak_planks":54,"minecraft:white_bed":5,"tombstone:decorative_grave_original":1,"minecraft:sculk_vein":1,"minecraft:jungle_leaves":3,"minecraft:obsidian":7,"minecraft:granite":76,"minecraft:acacia_log":25,"minecraft:grass_block":949,"minecraft:jungle_log":10,"minecraft:magma_block":5,"minecraft:iron_ore":89,"minecraft:fire":2,"minecraft:pumpkin":34,"minecraft:deepslate_lapis_ore":20,"minecraft:dark_oak_stairs":42,"minecraft:sculk_shrieker":3,"minecraft:red_tulip":4,"minecraft:pointed_dripstone":1,"minecraft:dirt_path":1,"minecraft:pink_tulip":1,"minecraft:deepslate_redstone_ore":4,"minecraft:blackstone":213,"deep_dark_regrowth:sculk_ribs":4,"minecraft:smoker":3,"minecraft:clay":1,"minecraft:torch":25,"minecraft:dead_bush":1,"minecraft:cobblestone":57,"minecraft:oak_planks":1,"minecraft:sugar_cane":204,"minecraft:wall_torch":3,"deep_dark_regrowth:sculk_moss_2":1,"minecraft:dark_oak_slab":2,"minecraft:wheat":864,"minecraft:orange_tulip":18,"minecraft:pitcher_plant":1,"minecraft:grass":116,"deep_dark_regrowth:large_fernus":1,"minecraft:dark_oak_sapling":1,"minecraft:sand":24,"minecraft:dirt":158,"minecraft:smooth_basalt":4,"minecraft:oak_leaves":3,"minecraft:deepslate":637,"minecraft:tuff":77,"minecraft:dark_oak_leaves":35,"minecraft:deepslate_diamond_ore":77,"vampirism:altar_inspiration":1,"minecraft:dark_oak_log":326,"minecraft:dark_oak_fence":15,"minecraft:moss_block":1,"minecraft:hay_block":9,"minecraft:furnace":20,"minecraft:carrots":1,"minecraft:andesite":227,"deep_dark_regrowth:sculk_moss_3":1,"minecraft:gold_block":2,"minecraft:potatoes":15,"minecraft:deepslate_iron_ore":69,"minecraft:vine":3,"minecraft:white_tulip":35,"minecraft:stone":962,"minecraft:lily_of_the_valley":2,"minecraft:dandelion":13,"minecraft:crafting_table":21,"minecraft:cornflower":13,"minecraft:blackstone_slab":7,"minecraft:emerald_ore":7,"minecraft:sculk_sensor":7,"minecraft:stone_slab":1,"minecraft:copper_ore":6,"minecraft:tall_grass":14,"minecraft:deepslate_coal_ore":2,"minecraft:deepslate_gold_ore":13,"minecraft:lapis_ore":4,"minecraft:sculk":1,"minecraft:big_dripleaf":1,"minecraft:coarse_dirt":1,"minecraft:white_carpet":4,"minecraft:birch_leaves":3,"minecraft:yellow_bed":3,"deep_dark_regrowth:apatine_plant":1,"minecraft:coal_ore":80,"minecraft:gravel":6,"minecraft:dripstone_block":17,"minecraft:cracked_stone_bricks":1,"minecraft:acacia_planks":4,"minecraft:stone_bricks":1,"minecraft:deepslate_emerald_ore":1},"minecraft:picked_up":{"minecraft:iron_chestplate":4,"minecraft:wheat":861,"minecraft:chainmail_boots":5,"minecraft:diamond_sword":1,"minecraft:oak_stairs":2,"tombstone:grave_key":1,"minecraft:golden_sword":3,"minecraft:polished_deepslate":1,"minecraft:string":17,"minecraft:raw_copper":27,"minecraft:iron_leggings":6,"minecraft:diamond_leggings":1,"minecraft:cobbled_deepslate":425,"minecraft:white_tulip":115,"minecraft:cobblestone_slab":1,"minecraft:iron_pickaxe":12,"minecraft:deepslate_iron_ore":1,"minecraft:iron_boots":2,"minecraft:furnace":28,"minecraft:tipped_arrow":1,"minecraft:stick":13,"minecraft:big_dripleaf":2,"tombstone:decorative_grave_original":1,"minecraft:torch":56,"minecraft:acacia_log":25,"minecraft:porkchop":59,"minecraft:pointed_dripstone":2,"tombstone:grave_dust":35,"minecraft:stone_sword":4,"minecraft:rotten_flesh":109,"minecraft:tropical_fish":12,"minecraft:red_tulip":45,"minecraft:carved_pumpkin":2,"minecraft:obsidian":9,"minecraft:cobblestone":1008,"minecraft:magma_block":5,"minecraft:feather":2,"minecraft:cooked_beef":35,"minecraft:water_bucket":3,"minecraft:andesite":161,"minecraft:jungle_log":12,"minecraft:dark_oak_boat":3,"minecraft:smoker":3,"minecraft:potato":52,"minecraft:tuff":121,"deep_dark_regrowth:apatine_seeds":2,"deep_dark_regrowth:mossy_fluorite":30,"minecraft:acacia_boat":2,"minecraft:lapis_lazuli":160,"minecraft:dirt":1197,"minecraft:leather_boots":3,"minecraft:bone":85,"minecraft:acacia_planks":19,"minecraft:bow":4,"minecraft:wheat_seeds":2191,"minecraft:orange_tulip":125,"minecraft:raw_gold":13,"minecraft:bell":2,"minecraft:diamond_helmet":1,"minecraft:moss_block":8,"minecraft:pitcher_pod":4,"minecraft:oak_planks":1,"ancient_elements:aero_charge":51,"minecraft:cooked_porkchop":21,"deep_dark_regrowth:sculk_remnants":2,"minecraft:sand":24,"minecraft:poisonous_potato":2,"minecraft:jungle_planks":14,"minecraft:grass_block":3,"minecraft:lily_of_the_valley":2,"minecraft:dark_oak_log":327,"minecraft:bundle":6,"minecraft:diamond":80,"minecraft:deepslate":130,"minecraft:granite":81,"minecraft:bone_meal":1,"minecraft:chainmail_helmet":1,"minecraft:emerald":8,"werewolves:cracked_bone":1,"minecraft:oak_sapling":2,"minecraft:dark_oak_fence":21,"minecraft:cocoa_beans":10,"minecraft:coarse_dirt":1,"minecraft:crafting_table":25,"minecraft:azure_bluet":1,"minecraft:chicken":1,"minecraft:clay_ball":24,"minecraft:golden_pickaxe":1,"minecraft:leather_leggings":2,"minecraft:gold_block":2,"minecraft:shield":3,"minecraft:cornflower":18,"minecraft:moss_carpet":1,"minecraft:iron_axe":2,"minecraft:white_carpet":6,"minecraft:blackstone":209,"ancient_elements:aetherial_shard":25,"minecraft:cracked_stone_bricks":1,"minecraft:beef":741,"minecraft:jungle_sapling":4,"minecraft:light_gray_wool":1,"minecraft:sugar_cane":285,"minecraft:phantom_membrane":1,"deep_dark_regrowth:soul_of_the_depths":1,"minecraft:egg":10,"minecraft:dark_oak_sapling":25,"tombstone:ankh_of_pray":1,"minecraft:raw_iron":174,"minecraft:stone":153,"minecraft:carrot":11,"minecraft:redstone":18,"securitycraft:briefcase":1,"minecraft:dark_oak_planks":54,"minecraft:diamond_chestplate":1,"minecraft:arrow":45,"vampirism:altar_inspiration":1,"minecraft:diamond_boots":3,"minecraft:hay_block":9,"minecraft:pink_tulip":2,"tombstone:essence_of_undeath":2,"minecraft:glow_berries":28,"minecraft:mutton":51,"minecraft:white_wool":37,"deep_dark_regrowth:sculk_bone":4,"minecraft:glow_ink_sac":11,"minecraft:salmon":6,"minecraft:leather":580,"minecraft:blackstone_slab":11,"minecraft:chainmail_chestplate":5,"minecraft:yellow_bed":3,"minecraft:gunpowder":36,"minecraft:paper":17,"minecraft:white_banner":1,"tombstone:gift":2,"minecraft:apple":2,"minecraft:stone_bricks":3,"minecraft:iron_ingot":154,"minecraft:stone_pickaxe":7,"tombstone:bag_of_seeds":1,"minecraft:iron_sword":5,"minecraft:dark_oak_stairs":42,"minecraft:sculk_catalyst":2,"minecraft:oak_slab":1,"minecraft:smooth_basalt":8,"minecraft:dark_oak_slab":2,"minecraft:pitcher_plant":1,"minecraft:pumpkin":34,"deep_dark_regrowth:apatine":2,"minecraft:dandelion":79,"minecraft:spyglass":1,"minecraft:dripstone_block":19,"minecraft:gravel":8,"minecraft:white_bed":4,"minecraft:spider_eye":6,"minecraft:leather_helmet":1,"minecraft:iron_helmet":5,"minecraft:diamond_axe":1,"minecraft:black_wool":2,"minecraft:coal":560,"minecraft:ender_pearl":4},"minecraft:killed":{"vampirism:vampire":2,"minecraft:spider":18,"minecraft:skeleton":68,"minecraft:chicken":1,"realmrpg_demons:chort":44,"minecraft:pig":23,"minecraft:zombie_villager":2,"minecraft:creeper":24,"minecraft:sheep":31,"minecraft:pillager":1,"minecraft:zombie":135,"minecraft:donkey":1,"minecraft:stray":1,"minecraft:cow":220,"minecraft:phantom":3,"minecraft:drowned":2,"ancient_elements:aetherial_glaze":27,"minecraft:enderman":7},"minecraft:used":{"minecraft:chest":4,"minecraft:shield":139,"minecraft:iron_sword":207,"minecraft:stone":53,"minecraft:rotten_flesh":40,"minecraft:iron_chestplate":2,"minecraft:carrot":10,"minecraft:tuff":1,"minecraft:axolotl_bucket":1,"minecraft:milk_bucket":1,"minecraft:obsidian":1,"tombstone:decorative_grave_simple":1,"minecraft:grass_block":1,"minecraft:dark_oak_slab":35,"minecraft:dark_oak_boat":4,"minecraft:furnace":23,"minecraft:egg":9,"minecraft:potato":14,"minecraft:dark_oak_sapling":25,"minecraft:dark_oak_stairs":177,"minecraft:diamond_boots":1,"minecraft:stone_pickaxe":63,"minecraft:blackstone":100,"minecraft:wooden_pickaxe":28,"minecraft:sugar_cane":56,"minecraft:diamond_axe":390,"minecraft:large_amethyst_bud":5,"minecraft:white_wool":1,"minecraft:glow_berries":10,"tombstone:dust_of_vanishing":1,"minecraft:dark_oak_log":15,"minecraft:deepslate_iron_ore":1,"minecraft:bread":10,"minecraft:deepslate":66,"tombstone:grave_key":2,"minecraft:blackstone_slab":192,"minecraft:diamond_sword":1044,"minecraft:dark_oak_fence":118,"minecraft:andesite":67,"securitycraft:briefcase":6,"minecraft:coarse_dirt":1,"minecraft:bone_meal":36,"minecraft:stone_sword":25,"minecraft:tropical_fish":8,"minecraft:cooked_chicken":1,"minecraft:torch":187,"minecraft:dirt":920,"minecraft:spyglass":10,"minecraft:white_carpet":2,"minecraft:diamond_helmet":2,"tombstone:tablet_of_recall":1,"tombstone:decorative_tombstone":1,"minecraft:granite":61,"minecraft:iron_hoe":57,"minecraft:dark_oak_planks":295,"tombstone:ankh_of_pray":8,"minecraft:bookshelf":24,"minecraft:iron_block":4,"minecraft:iron_axe":275,"minecraft:iron_boots":1,"minecraft:diamond_chestplate":2,"minecraft:pitcher_plant":1,"tombstone:decorative_grave_original":2,"tombstone:gift":11,"minecraft:pumpkin":7,"minecraft:cooked_beef":105,"minecraft:cobbled_deepslate":105,"minecraft:iron_leggings":1,"minecraft:acacia_planks":9,"minecraft:wheat_seeds":969,"minecraft:cooked_mutton":50,"minecraft:acacia_boat":2,"minecraft:water_bucket":438,"vampirism:altar_inspiration":1,"minecraft:pink_tulip":1,"minecraft:bundle":3,"minecraft:baked_potato":113,"minecraft:cracked_stone_bricks":1,"minecraft:crafting_table":28,"minecraft:white_bed":5,"minecraft:dark_oak_fence_gate":1,"minecraft:smoker":3,"tombstone:bag_of_seeds":1,"minecraft:diamond_pickaxe":2170,"minecraft:apple":10,"minecraft:diamond_shovel":1083,"minecraft:iron_pickaxe":466,"minecraft:stone_axe":12,"minecraft:cobblestone":251,"minecraft:white_banner":1,"minecraft:cooked_porkchop":34,"minecraft:bucket":442,"minecraft:yellow_bed":3,"minecraft:diamond_leggings":3},"minecraft:custom":{"minecraft:animals_bred":516,"minecraft:interact_with_crafting_table":123,"minecraft:open_barrel":13,"minecraft:bell_ring":3,"minecraft:leave_game":16,"minecraft:time_since_death":6144,"minecraft:sprint_one_cm":2777518,"minecraft:damage_blocked_by_shield":7829,"minecraft:drop":439,"minecraft:talked_to_villager":6,"minecraft:play_time":944789,"minecraft:deaths":30,"minecraft:jump":22655,"minecraft:walk_on_water_one_cm":261125,"minecraft:enchant_item":6,"vampirism:altar_of_inspiration_rituals_performed":3,"minecraft:interact_with_furnace":190,"minecraft:traded_with_villager":2,"tombstone:trade_grave_guardian":2,"minecraft:sleep_in_bed":22,"minecraft:damage_dealt":91130,"minecraft:player_kills":1,"minecraft:crouch_one_cm":324853,"tombstone:undead_killed":185,"minecraft:interact_with_smoker":113,"minecraft:horse_one_cm":6281,"minecraft:interact_with_anvil":1,"minecraft:mob_kills":620,"tombstone:use_vanishing":3,"minecraft:climb_one_cm":2831,"minecraft:walk_one_cm":1607467,"tombstone:consume_soul":2,"minecraft:damage_dealt_absorbed":400,"minecraft:sneak_time":94741,"minecraft:walk_under_water_one_cm":251103,"minecraft:boat_one_cm":44694,"minecraft:interact_with_blast_furnace":17,"minecraft:total_world_time":944789,"tombstone:raider_killed":4,"minecraft:interact_with_grindstone":1,"tombstone:pray_on_grave":5,"minecraft:time_since_rest":5901,"minecraft:damage_taken":28914,"minecraft:swim_one_cm":455196,"minecraft:fly_one_cm":5074291,"minecraft:open_chest":254,"minecraft:fall_one_cm":652383},"minecraft:broken":{"minecraft:diamond_helmet":1,"minecraft:iron_boots":2,"minecraft:iron_leggings":2,"minecraft:chainmail_chestplate":1,"minecraft:diamond_chestplate":1,"minecraft:shield":1,"minecraft:iron_axe":1,"minecraft:iron_helmet":1}},"DataVersion":3465}