{"stats":{"minecraft:killed_by":{"minecraft:creeper":1,"minecraft:zombie":9,"minecraft:enderman":1,"minecraft:skeleton":4},"minecraft:dropped":{"minecraft:iron_sword":2,"minecraft:moss_block":1,"minecraft:porkchop":18,"minecraft:cooked_beef":30,"minecraft:baked_potato":40,"minecraft:glow_ink_sac":11,"minecraft:golden_pickaxe":1,"minecraft:diamond":1,"minecraft:cooked_porkchop":12,"minecraft:pitcher_pod":4,"minecraft:orange_tulip":119,"minecraft:leather":3,"minecraft:jungle_planks":3,"minecraft:dirt":147,"swem:oat_bushel":3,"minecraft:cornflower":18,"minecraft:mutton":26,"swem:star_worm":42,"minecraft:jungle_sapling":3,"minecraft:bone_meal":1,"swem:leggings_gold":1,"minecraft:iron_pickaxe":6,"minecraft:dark_oak_planks":11,"swem:oat_seeds":27,"minecraft:bone":13,"minecraft:gravel":6,"minecraft:white_tulip":48,"minecraft:spyglass":1,"minecraft:blackstone":16,"minecraft:sugar_cane":1,"minecraft:cobbled_deepslate":38,"minecraft:wheat":5,"minecraft:obsidian":6,"minecraft:pointed_dripstone":2,"swem:alfalfa_seeds":36,"minecraft:rotten_flesh":32,"minecraft:oak_planks":1,"minecraft:cooked_mutton":4,"minecraft:azure_bluet":1,"minecraft:carrot":5,"minecraft:chainmail_chestplate":2,"swem:timothy_seeds":26,"minecraft:gunpowder":4,"minecraft:leather_boots":2,"minecraft:chainmail_boots":3,"minecraft:leather_leggings":1,"minecraft:arrow":8,"minecraft:beef":1,"deep_dark_regrowth:mossy_fluorite":19,"minecraft:iron_ingot":123,"minecraft:oak_slab":1,"minecraft:wheat_seeds":659,"minecraft:dripstone_block":16,"minecraft:poisonous_potato":2,"minecraft:iron_helmet":3,"minecraft:feather":2,"minecraft:cobblestone":149,"minecraft:book":1,"minecraft:granite":17,"minecraft:tropical_fish":1,"minecraft:grass_block":1,"minecraft:chainmail_helmet":1,"tombstone:ankh_of_pray":1,"minecraft:iron_block":8,"tombstone:grave_dust":2,"minecraft:iron_leggings":1,"minecraft:oak_stairs":2,"minecraft:pumpkin":27,"tombstone:dark_marble":5,"minecraft:string":3,"minecraft:pink_tulip":1,"minecraft:polished_deepslate":1,"swem:alfalfa_bushel":2,"minecraft:dandelion":11,"deep_dark_regrowth:apatine":2,"minecraft:smooth_basalt":8,"minecraft:stone_sword":4,"minecraft:raw_copper":17,"minecraft:cocoa_beans":10,"minecraft:tuff":51,"minecraft:light_gray_wool":1,"minecraft:iron_hoe":1,"minecraft:big_dripleaf":1,"minecraft:potato":3,"minecraft:cobblestone_slab":1,"minecraft:diamond_pickaxe":1,"minecraft:iron_chestplate":2,"minecraft:andesite":20,"minecraft:oak_sapling":2,"minecraft:carved_pumpkin":1,"minecraft:golden_sword":2,"minecraft:stone_pickaxe":5,"minecraft:bow":1,"minecraft:wooden_pickaxe":2,"minecraft:red_tulip":19,"minecraft:bell":1,"minecraft:magma_block":5,"minecraft:black_wool":2},"minecraft:killed":{"minecraft:spider":17,"minecraft:skeleton":49,"minecraft:chicken":1,"realmrpg_demons:chort":37,"minecraft:pig":23,"minecraft:zombie_villager":2,"minecraft:creeper":19,"minecraft:sheep":31,"minecraft:pillager":1,"minecraft:zombie":98,"minecraft:donkey":1,"minecraft:stray":1,"minecraft:cow":112,"minecraft:phantom":3,"minecraft:drowned":2,"minecraft:enderman":6},"minecraft:crafted":{"minecraft:dark_oak_boat":1,"minecraft:cooked_chicken":1,"minecraft:stone":40,"tombstone:decorative_tombstone":1,"minecraft:diamond_shovel":1,"minecraft:bookshelf":24,"minecraft:cooked_mutton":56,"minecraft:diamond_helmet":1,"minecraft:diamond_leggings":1,"minecraft:iron_boots":1,"tombstone:grave_key":2,"minecraft:chest":4,"minecraft:smoker":2,"minecraft:cooked_porkchop":41,"minecraft:diamond_axe":1,"minecraft:crafting_table":9,"minecraft:iron_helmet":1,"minecraft:wooden_pickaxe":3,"minecraft:baked_potato":111,"tombstone:decorative_grave_simple":1,"minecraft:copper_ingot":17,"minecraft:dark_oak_slab":36,"minecraft:iron_chestplate":2,"minecraft:book":76,"minecraft:paper":237,"minecraft:diamond_pickaxe":2,"minecraft:shield":4,"minecraft:stick":232,"minecraft:iron_ingot":94,"minecraft:iron_pickaxe":2,"minecraft:iron_block":12,"minecraft:stone_sword":1,"minecraft:gold_ingot":29,"minecraft:dark_oak_fence_gate":1,"minecraft:furnace":7,"minecraft:bone_meal":36,"minecraft:dark_oak_fence":96,"minecraft:iron_axe":2,"minecraft:iron_hoe":1,"minecraft:stone_pickaxe":3,"minecraft:diamond_boots":1,"minecraft:dark_oak_planks":996,"tombstone:strange_scroll":1,"minecraft:wheat":81,"minecraft:cooked_beef":144,"tombstone:grave_dust":2,"minecraft:diamond_sword":2,"minecraft:dark_oak_stairs":140,"minecraft:iron_sword":2,"tombstone:ankh_of_pray":1,"minecraft:bucket":3,"minecraft:stone_axe":1,"minecraft:jungle_planks":40,"minecraft:acacia_boat":1,"minecraft:bread":8,"minecraft:air":0,"tombstone:book_of_scribe":1,"tombstone:dark_marble":8,"minecraft:iron_leggings":1,"minecraft:white_bed":1,"minecraft:acacia_planks":68,"minecraft:torch":136,"minecraft:blackstone_slab":192,"minecraft:diamond_chestplate":1},"minecraft:custom":{"minecraft:animals_bred":338,"minecraft:interact_with_crafting_table":111,"minecraft:open_barrel":2,"minecraft:bell_ring":3,"minecraft:leave_game":13,"minecraft:time_since_death":124040,"minecraft:sprint_one_cm":2064782,"minecraft:damage_blocked_by_shield":6734,"minecraft:drop":341,"minecraft:talked_to_villager":3,"minecraft:play_time":746868,"minecraft:deaths":21,"minecraft:jump":17147,"minecraft:walk_on_water_one_cm":230349,"minecraft:enchant_item":2,"minecraft:interact_with_furnace":179,"minecraft:traded_with_villager":2,"tombstone:trade_grave_guardian":2,"minecraft:sleep_in_bed":20,"minecraft:damage_dealt":62921,"minecraft:player_kills":1,"minecraft:crouch_one_cm":271362,"tombstone:undead_killed":129,"minecraft:interact_with_smoker":102,"minecraft:horse_one_cm":6281,"minecraft:interact_with_anvil":1,"minecraft:mob_kills":408,"tombstone:use_vanishing":2,"minecraft:climb_one_cm":2831,"minecraft:walk_one_cm":1240638,"minecraft:damage_dealt_absorbed":320,"minecraft:sneak_time":81358,"minecraft:walk_under_water_one_cm":228331,"minecraft:boat_one_cm":44694,"minecraft:interact_with_blast_furnace":16,"minecraft:total_world_time":746868,"tombstone:raider_killed":4,"tombstone:pray_on_grave":4,"minecraft:time_since_rest":122272,"minecraft:damage_taken":18390,"minecraft:swim_one_cm":376143,"minecraft:fly_one_cm":3749895,"minecraft:open_chest":197,"minecraft:fall_one_cm":464819},"minecraft:mined":{"minecraft:dark_oak_planks":54,"minecraft:white_bed":5,"minecraft:sculk_vein":1,"minecraft:jungle_leaves":2,"minecraft:obsidian":7,"minecraft:granite":76,"swem:cantazarite_ore":1,"minecraft:acacia_log":25,"minecraft:grass_block":945,"minecraft:jungle_log":10,"swem:alfalfa_plant":5,"minecraft:magma_block":5,"minecraft:iron_ore":75,"minecraft:fire":2,"minecraft:pumpkin":27,"minecraft:deepslate_lapis_ore":20,"minecraft:dark_oak_stairs":42,"minecraft:sculk_shrieker":3,"minecraft:red_tulip":4,"minecraft:pointed_dripstone":1,"minecraft:dirt_path":1,"minecraft:pink_tulip":1,"minecraft:deepslate_redstone_ore":4,"minecraft:blackstone":213,"deep_dark_regrowth:sculk_ribs":4,"minecraft:smoker":3,"minecraft:clay":1,"minecraft:torch":24,"swem:star_worm_cobble":4,"minecraft:cobblestone":57,"minecraft:sugar_cane":204,"minecraft:oak_planks":1,"minecraft:wall_torch":3,"deep_dark_regrowth:sculk_moss_2":1,"minecraft:dark_oak_slab":2,"minecraft:wheat":560,"minecraft:orange_tulip":18,"minecraft:pitcher_plant":1,"deep_dark_regrowth:large_fernus":1,"minecraft:grass":108,"minecraft:dark_oak_sapling":1,"minecraft:dirt":151,"minecraft:smooth_basalt":4,"minecraft:oak_leaves":3,"minecraft:deepslate":399,"minecraft:tuff":29,"minecraft:dark_oak_leaves":33,"minecraft:deepslate_diamond_ore":77,"minecraft:dark_oak_log":303,"minecraft:dark_oak_fence":9,"minecraft:moss_block":1,"minecraft:hay_block":9,"minecraft:furnace":20,"minecraft:carrots":1,"minecraft:andesite":64,"deep_dark_regrowth:sculk_moss_3":1,"minecraft:gold_block":1,"minecraft:potatoes":15,"minecraft:deepslate_iron_ore":62,"minecraft:vine":3,"minecraft:stone":782,"minecraft:white_tulip":35,"minecraft:lily_of_the_valley":2,"minecraft:dandelion":13,"minecraft:crafting_table":21,"minecraft:cornflower":13,"minecraft:blackstone_slab":7,"minecraft:emerald_ore":7,"minecraft:sculk_sensor":7,"minecraft:stone_slab":1,"minecraft:tall_grass":11,"minecraft:copper_ore":6,"minecraft:deepslate_coal_ore":2,"minecraft:deepslate_gold_ore":13,"minecraft:lapis_ore":4,"minecraft:sculk":1,"swem:oat_plant":7,"minecraft:big_dripleaf":1,"minecraft:coarse_dirt":1,"minecraft:birch_leaves":3,"minecraft:yellow_bed":3,"deep_dark_regrowth:apatine_plant":1,"minecraft:coal_ore":80,"minecraft:gravel":6,"minecraft:dripstone_block":13,"minecraft:acacia_planks":4,"minecraft:deepslate_emerald_ore":1},"minecraft:used":{"minecraft:chest":4,"minecraft:shield":124,"minecraft:iron_sword":207,"minecraft:stone":15,"minecraft:rotten_flesh":40,"minecraft:iron_chestplate":2,"minecraft:carrot":8,"minecraft:tuff":1,"minecraft:axolotl_bucket":1,"minecraft:obsidian":1,"tombstone:decorative_grave_simple":1,"minecraft:grass_block":1,"minecraft:dark_oak_slab":35,"minecraft:dark_oak_boat":4,"minecraft:furnace":23,"minecraft:egg":4,"minecraft:potato":14,"minecraft:dark_oak_sapling":25,"minecraft:dark_oak_stairs":177,"minecraft:stone_pickaxe":63,"minecraft:blackstone":100,"minecraft:wooden_pickaxe":28,"minecraft:sugar_cane":56,"minecraft:diamond_axe":299,"minecraft:large_amethyst_bud":5,"minecraft:white_wool":1,"minecraft:glow_berries":10,"minecraft:dark_oak_log":15,"minecraft:bread":10,"tombstone:grave_key":2,"minecraft:blackstone_slab":192,"swem:oat_seeds":7,"minecraft:diamond_sword":702,"minecraft:dark_oak_fence":97,"minecraft:andesite":8,"securitycraft:briefcase":4,"minecraft:coarse_dirt":1,"minecraft:bone_meal":36,"minecraft:stone_sword":25,"minecraft:tropical_fish":8,"minecraft:cooked_chicken":1,"minecraft:torch":187,"minecraft:dirt":916,"minecraft:spyglass":10,"minecraft:diamond_helmet":2,"swem:alfalfa_seeds":5,"tombstone:decorative_tombstone":1,"minecraft:granite":61,"minecraft:iron_hoe":57,"minecraft:dark_oak_planks":294,"tombstone:ankh_of_pray":8,"minecraft:bookshelf":24,"minecraft:iron_axe":275,"minecraft:iron_boots":1,"minecraft:diamond_chestplate":1,"minecraft:pitcher_plant":1,"tombstone:gift":10,"minecraft:cooked_beef":34,"minecraft:cobbled_deepslate":105,"minecraft:acacia_planks":9,"minecraft:iron_leggings":1,"minecraft:cooked_mutton":50,"minecraft:wheat_seeds":664,"minecraft:acacia_boat":2,"minecraft:water_bucket":367,"minecraft:pink_tulip":1,"minecraft:bundle":2,"minecraft:baked_potato":86,"minecraft:crafting_table":28,"minecraft:white_bed":5,"minecraft:dark_oak_fence_gate":1,"minecraft:smoker":3,"tombstone:bag_of_seeds":1,"minecraft:diamond_pickaxe":1510,"minecraft:apple":10,"minecraft:diamond_shovel":1048,"minecraft:iron_pickaxe":466,"minecraft:stone_axe":12,"minecraft:cobblestone":251,"minecraft:white_banner":1,"minecraft:cooked_porkchop":34,"minecraft:bucket":371,"minecraft:yellow_bed":3,"minecraft:diamond_leggings":1},"minecraft:picked_up":{"minecraft:iron_chestplate":4,"minecraft:wheat":559,"minecraft:chainmail_boots":5,"minecraft:oak_stairs":2,"minecraft:golden_sword":3,"minecraft:polished_deepslate":1,"minecraft:string":9,"minecraft:raw_copper":27,"minecraft:iron_leggings":5,"minecraft:cobbled_deepslate":400,"minecraft:white_tulip":113,"minecraft:cobblestone_slab":1,"minecraft:iron_pickaxe":12,"minecraft:iron_boots":2,"minecraft:furnace":28,"minecraft:tipped_arrow":1,"minecraft:stick":10,"minecraft:big_dripleaf":2,"minecraft:torch":55,"minecraft:acacia_log":25,"minecraft:porkchop":59,"minecraft:pointed_dripstone":2,"tombstone:grave_dust":21,"minecraft:stone_sword":4,"minecraft:rotten_flesh":84,"minecraft:tropical_fish":12,"swem:leggings_gold":1,"minecraft:red_tulip":43,"minecraft:carved_pumpkin":2,"minecraft:obsidian":9,"minecraft:cobblestone":896,"minecraft:magma_block":5,"minecraft:feather":2,"minecraft:cooked_beef":4,"minecraft:water_bucket":3,"minecraft:andesite":28,"minecraft:jungle_log":12,"swem:star_worm":42,"minecraft:dark_oak_boat":3,"minecraft:smoker":3,"minecraft:potato":52,"minecraft:tuff":73,"deep_dark_regrowth:mossy_fluorite":24,"minecraft:acacia_boat":2,"minecraft:lapis_lazuli":160,"minecraft:dirt":1186,"minecraft:leather_boots":2,"minecraft:bone":50,"minecraft:acacia_planks":19,"minecraft:bow":1,"minecraft:wheat_seeds":1386,"minecraft:orange_tulip":125,"minecraft:raw_gold":13,"minecraft:bell":2,"swem:oat_seeds":56,"minecraft:moss_block":8,"minecraft:pitcher_pod":4,"minecraft:oak_planks":1,"swem:oat_bushel":3,"minecraft:cooked_porkchop":21,"swem:cantazarite":40,"minecraft:poisonous_potato":2,"minecraft:jungle_planks":14,"minecraft:grass_block":2,"minecraft:lily_of_the_valley":2,"minecraft:dark_oak_log":302,"minecraft:bundle":4,"minecraft:diamond":80,"minecraft:granite":81,"minecraft:bone_meal":1,"minecraft:chainmail_helmet":1,"minecraft:emerald":8,"minecraft:oak_sapling":2,"minecraft:dark_oak_fence":9,"minecraft:cocoa_beans":10,"minecraft:coarse_dirt":1,"minecraft:crafting_table":25,"minecraft:azure_bluet":1,"minecraft:chicken":1,"minecraft:clay_ball":24,"minecraft:golden_pickaxe":1,"minecraft:leather_leggings":2,"minecraft:gold_block":1,"minecraft:shield":3,"minecraft:cornflower":18,"minecraft:moss_carpet":1,"minecraft:iron_axe":2,"minecraft:blackstone":209,"minecraft:beef":237,"minecraft:jungle_sapling":4,"minecraft:light_gray_wool":1,"minecraft:sugar_cane":285,"minecraft:phantom_membrane":1,"minecraft:egg":4,"minecraft:dark_oak_sapling":25,"tombstone:ankh_of_pray":1,"minecraft:raw_iron":160,"minecraft:carrot":10,"minecraft:redstone":18,"securitycraft:briefcase":1,"minecraft:dark_oak_planks":53,"minecraft:arrow":36,"minecraft:hay_block":9,"swem:alfalfa_seeds":45,"minecraft:pink_tulip":2,"tombstone:essence_of_undeath":1,"deep_dark_regrowth:sculk_bone":4,"minecraft:glow_berries":8,"minecraft:mutton":49,"minecraft:white_wool":35,"swem:timothy_seeds":36,"minecraft:glow_ink_sac":11,"minecraft:salmon":6,"minecraft:leather":123,"minecraft:blackstone_slab":11,"minecraft:chainmail_chestplate":4,"minecraft:yellow_bed":3,"minecraft:gunpowder":28,"minecraft:white_banner":1,"tombstone:gift":1,"minecraft:apple":2,"minecraft:iron_ingot":151,"minecraft:stone_pickaxe":7,"tombstone:bag_of_seeds":1,"minecraft:iron_sword":5,"minecraft:dark_oak_stairs":42,"minecraft:oak_slab":1,"minecraft:pumpkin":27,"minecraft:smooth_basalt":8,"minecraft:dark_oak_slab":2,"minecraft:pitcher_plant":1,"deep_dark_regrowth:apatine":2,"minecraft:dandelion":79,"minecraft:spyglass":1,"minecraft:dripstone_block":15,"minecraft:gravel":6,"minecraft:white_bed":4,"minecraft:spider_eye":6,"swem:alfalfa_bushel":2,"minecraft:iron_helmet":5,"minecraft:black_wool":2,"minecraft:coal":558,"minecraft:ender_pearl":3},"minecraft:broken":{"minecraft:iron_boots":2,"minecraft:iron_leggings":2,"minecraft:chainmail_chestplate":1,"minecraft:shield":1,"minecraft:iron_axe":1,"minecraft:iron_helmet":1}},"DataVersion":3465}