{"stats":{"minecraft:custom":{"minecraft:mob_kills":57,"minecraft:interact_with_crafting_table":29,"minecraft:leave_game":4,"minecraft:time_since_death":1451,"minecraft:climb_one_cm":1831,"minecraft:sprint_one_cm":243770,"minecraft:walk_one_cm":101551,"minecraft:damage_blocked_by_shield":1845,"minecraft:drop":37,"minecraft:play_time":95105,"minecraft:deaths":5,"minecraft:sneak_time":8590,"minecraft:walk_under_water_one_cm":81349,"minecraft:jump":2646,"minecraft:walk_on_water_one_cm":65263,"minecraft:total_world_time":95105,"minecraft:interact_with_furnace":97,"minecraft:time_since_rest":1476,"minecraft:damage_taken":3563,"minecraft:damage_dealt":9313,"minecraft:swim_one_cm":84009,"minecraft:fly_one_cm":544430,"minecraft:open_chest":5,"minecraft:crouch_one_cm":17753,"minecraft:interact_with_smoker":4,"minecraft:fall_one_cm":85385},"minecraft:mined":{"minecraft:tuff":11,"minecraft:granite":10,"swem:cantazarite_ore":1,"minecraft:acacia_log":13,"minecraft:grass_block":6,"minecraft:jungle_log":7,"minecraft:moss_block":1,"minecraft:furnace":13,"minecraft:iron_ore":40,"minecraft:deepslate_lapis_ore":14,"minecraft:vine":1,"minecraft:deepslate_iron_ore":45,"minecraft:stone":82,"minecraft:smoker":2,"minecraft:clay":1,"minecraft:crafting_table":15,"minecraft:torch":6,"swem:star_worm_cobble":2,"minecraft:copper_ore":1,"minecraft:wall_torch":1,"minecraft:big_dripleaf":1,"minecraft:coarse_dirt":1,"minecraft:grass":7,"minecraft:coal_ore":59,"minecraft:dirt":7,"minecraft:acacia_planks":4,"minecraft:deepslate":8},"minecraft:killed_by":{"minecraft:skeleton":2,"minecraft:zombie":2},"minecraft:crafted":{"minecraft:furnace":5,"minecraft:cooked_mutton":12,"minecraft:iron_boots":1,"minecraft:iron_axe":1,"minecraft:stone_pickaxe":1,"minecraft:chest":1,"minecraft:smoker":2,"minecraft:cooked_beef":6,"minecraft:cooked_porkchop":20,"minecraft:crafting_table":1,"minecraft:baked_potato":1,"minecraft:wooden_pickaxe":1,"minecraft:iron_helmet":1,"minecraft:iron_sword":1,"minecraft:bucket":2,"minecraft:stone_axe":1,"minecraft:acacia_boat":1,"minecraft:air":0,"minecraft:jungle_planks":28,"minecraft:iron_chestplate":2,"minecraft:shield":1,"minecraft:stick":16,"minecraft:iron_ingot":56,"minecraft:iron_pickaxe":1,"minecraft:stone_sword":1,"minecraft:iron_leggings":1,"minecraft:acacia_planks":20,"minecraft:torch":8},"minecraft:used":{"minecraft:stone_sword":25,"minecraft:tropical_fish":8,"minecraft:chest":1,"minecraft:shield":38,"minecraft:iron_sword":158,"minecraft:rotten_flesh":14,"minecraft:iron_chestplate":2,"minecraft:torch":20,"minecraft:dirt":8,"minecraft:carrot":2,"minecraft:granite":9,"minecraft:iron_axe":26,"minecraft:iron_boots":1,"minecraft:furnace":14,"minecraft:cooked_beef":6,"minecraft:acacia_planks":9,"minecraft:iron_leggings":1,"minecraft:cooked_mutton":10,"minecraft:acacia_boat":2,"minecraft:water_bucket":42,"minecraft:stone_pickaxe":31,"minecraft:baked_potato":1,"minecraft:wooden_pickaxe":20,"minecraft:glow_berries":5,"minecraft:crafting_table":14,"minecraft:smoker":2,"minecraft:iron_pickaxe":240,"minecraft:stone_axe":12,"minecraft:cobblestone":10,"minecraft:cooked_porkchop":10,"minecraft:bucket":44,"minecraft:coarse_dirt":1},"minecraft:killed":{"minecraft:spider":6,"minecraft:skeleton":4,"minecraft:drowned":2,"minecraft:pig":12,"minecraft:zombie_villager":1,"minecraft:creeper":1,"minecraft:sheep":8,"minecraft:zombie":19,"minecraft:enderman":1,"minecraft:cow":3},"minecraft:picked_up":{"minecraft:iron_chestplate":2,"minecraft:cocoa_beans":4,"minecraft:crafting_table":19,"minecraft:coarse_dirt":1,"minecraft:chainmail_boots":2,"minecraft:clay_ball":24,"minecraft:oak_stairs":2,"minecraft:golden_sword":2,"minecraft:shield":3,"minecraft:string":3,"minecraft:raw_copper":8,"minecraft:iron_axe":2,"minecraft:iron_leggings":2,"minecraft:cobbled_deepslate":7,"minecraft:beef":6,"minecraft:jungle_sapling":2,"minecraft:iron_pickaxe":7,"minecraft:furnace":21,"minecraft:stick":4,"minecraft:raw_iron":93,"minecraft:big_dripleaf":2,"minecraft:torch":18,"minecraft:acacia_log":13,"minecraft:porkchop":22,"minecraft:carrot":1,"minecraft:rotten_flesh":22,"minecraft:tropical_fish":11,"swem:alfalfa_seeds":5,"minecraft:glow_berries":3,"minecraft:mutton":14,"minecraft:cobblestone":110,"minecraft:white_wool":14,"swem:timothy_seeds":2,"minecraft:cooked_beef":3,"minecraft:glow_ink_sac":6,"minecraft:water_bucket":3,"minecraft:jungle_log":9,"swem:star_worm":14,"minecraft:leather":10,"minecraft:smoker":2,"minecraft:potato":1,"minecraft:tuff":11,"minecraft:chainmail_chestplate":3,"minecraft:gunpowder":4,"minecraft:acacia_boat":2,"minecraft:lapis_lazuli":88,"minecraft:dirt":19,"minecraft:bone":10,"minecraft:acacia_planks":13,"minecraft:wheat_seeds":4,"minecraft:iron_ingot":18,"minecraft:stone_pickaxe":5,"swem:oat_seeds":4,"minecraft:moss_block":8,"minecraft:iron_sword":5,"minecraft:oak_slab":1,"minecraft:cooked_porkchop":13,"swem:cantazarite":40,"minecraft:jungle_planks":11,"minecraft:spider_eye":4,"minecraft:iron_helmet":3,"minecraft:granite":15,"minecraft:coal":470,"minecraft:ender_pearl":1},"minecraft:broken":{"minecraft:chainmail_chestplate":1},"minecraft:dropped":{"minecraft:iron_ingot":11,"minecraft:iron_sword":1,"minecraft:oak_slab":1,"minecraft:moss_block":1,"minecraft:wheat_seeds":3,"minecraft:glow_ink_sac":6,"minecraft:cooked_porkchop":7,"minecraft:iron_helmet":1,"minecraft:cobblestone":14,"minecraft:granite":3,"minecraft:dirt":1,"swem:star_worm":14,"minecraft:jungle_sapling":1,"minecraft:oak_stairs":2,"minecraft:iron_pickaxe":1,"minecraft:string":1,"minecraft:cocoa_beans":4,"minecraft:tuff":6,"swem:alfalfa_seeds":2,"minecraft:rotten_flesh":4,"minecraft:chainmail_chestplate":1,"minecraft:big_dripleaf":1,"swem:timothy_seeds":2,"minecraft:iron_chestplate":1,"minecraft:golden_sword":1,"minecraft:stone_pickaxe":1}},"DataVersion":3465}