{"stats":{"minecraft:custom":{"minecraft:interact_with_furnace":22,"minecraft:mob_kills":10,"minecraft:interact_with_crafting_table":14,"minecraft:leave_game":1,"minecraft:time_since_death":15919,"minecraft:time_since_rest":15943,"minecraft:sprint_one_cm":52874,"minecraft:damage_taken":700,"minecraft:walk_one_cm":42916,"minecraft:damage_blocked_by_shield":45,"minecraft:drop":9,"minecraft:damage_dealt":1509,"minecraft:swim_one_cm":19460,"minecraft:fly_one_cm":135315,"minecraft:crouch_one_cm":2489,"minecraft:play_time":26347,"minecraft:deaths":2,"minecraft:sneak_time":1345,"minecraft:walk_under_water_one_cm":4564,"minecraft:boat_one_cm":196447,"minecraft:jump":414,"minecraft:walk_on_water_one_cm":4010,"minecraft:total_world_time":26347,"minecraft:fall_one_cm":5187},"minecraft:mined":{"minecraft:crafting_table":10,"minecraft:grass_block":8,"swem:star_worm_cobble":5,"minecraft:furnace":1,"minecraft:spruce_log":9,"minecraft:dirt":18,"furnitura:small_table_spruce":3,"minecraft:stone":27},"minecraft:killed_by":{"minecraft:skeleton":1,"minecraft:zombie":1},"minecraft:used":{"minecraft:stone_sword":25,"minecraft:stone_pickaxe":25,"minecraft:shield":1,"minecraft:wooden_pickaxe":8,"minecraft:rotten_flesh":8,"minecraft:dirt":13,"minecraft:crafting_table":8,"minecraft:carrot":2,"minecraft:smoker":1,"minecraft:spruce_boat":7,"minecraft:wooden_axe":6,"minecraft:stone_axe":11,"minecraft:wooden_sword":15,"minecraft:cobblestone":3,"minecraft:smooth_stone_slab":2},"minecraft:crafted":{"minecraft:wooden_sword":1,"minecraft:smooth_stone":3,"minecraft:smooth_stone_slab":6,"minecraft:cooked_porkchop":5,"minecraft:crafting_table":1,"minecraft:spruce_planks":40,"minecraft:wooden_pickaxe":1,"minecraft:furnace":1,"minecraft:stone":8,"minecraft:stone_axe":1,"minecraft:air":0,"minecraft:shield":1,"minecraft:stick":12,"minecraft:stone_slab":6,"minecraft:stone_pickaxe":1,"minecraft:wooden_axe":1,"minecraft:stone_sword":1,"minecraft:spruce_boat":1,"minecraft:smoker":1},"minecraft:killed":{"minecraft:pig":4,"minecraft:spider":1,"minecraft:zombie":5},"minecraft:picked_up":{"minecraft:wooden_axe":1,"minecraft:crafting_table":9,"swem:star_worm":38,"minecraft:wooden_pickaxe":1,"minecraft:dirt":40,"minecraft:wooden_sword":1,"furnitura:small_table_spruce":2,"minecraft:wheat_seeds":1,"minecraft:smooth_stone":2,"minecraft:iron_ingot":2,"minecraft:stone_pickaxe":1,"minecraft:furnace":1,"minecraft:stick":5,"minecraft:cooked_porkchop":6,"minecraft:porkchop":19,"minecraft:spruce_log":27,"minecraft:carrot":1,"minecraft:stone_sword":2,"minecraft:arrow":6,"minecraft:rotten_flesh":9,"minecraft:spruce_boat":8,"minecraft:stone_axe":1,"swem:alfalfa_seeds":2,"minecraft:snowball":3,"minecraft:cobblestone":27},"minecraft:dropped":{"minecraft:porkchop":1,"minecraft:wheat_seeds":1,"minecraft:stone_sword":1,"swem:alfalfa_seeds":2,"minecraft:dirt":3,"minecraft:wooden_axe":1,"minecraft:wooden_sword":1,"minecraft:wooden_pickaxe":1}},"DataVersion":3465}