{"stats":{"minecraft:killed_by":{"minecraft:creeper":1,"minecraft:zombie":7,"minecraft:enderman":1,"minecraft:skeleton":3},"minecraft:dropped":{"minecraft:iron_sword":2,"minecraft:moss_block":1,"minecraft:porkchop":18,"minecraft:baked_potato":7,"minecraft:glow_ink_sac":8,"minecraft:golden_pickaxe":1,"minecraft:diamond":1,"minecraft:cooked_porkchop":12,"minecraft:pitcher_pod":4,"minecraft:orange_tulip":119,"minecraft:leather":3,"minecraft:jungle_planks":3,"minecraft:dirt":19,"swem:oat_bushel":3,"minecraft:cornflower":18,"minecraft:mutton":24,"swem:star_worm":35,"minecraft:jungle_sapling":3,"minecraft:bone_meal":1,"swem:leggings_gold":1,"minecraft:iron_pickaxe":6,"minecraft:dark_oak_planks":11,"swem:oat_seeds":27,"minecraft:bone":13,"minecraft:gravel":2,"minecraft:white_tulip":48,"minecraft:blackstone":16,"minecraft:spyglass":1,"minecraft:cobbled_deepslate":19,"minecraft:pointed_dripstone":2,"minecraft:wheat":4,"minecraft:obsidian":6,"swem:alfalfa_seeds":35,"minecraft:rotten_flesh":15,"minecraft:oak_planks":1,"minecraft:cooked_mutton":4,"minecraft:azure_bluet":1,"minecraft:carrot":5,"minecraft:chainmail_chestplate":1,"swem:timothy_seeds":25,"minecraft:gunpowder":4,"minecraft:leather_boots":2,"minecraft:chainmail_boots":2,"minecraft:arrow":8,"minecraft:beef":1,"minecraft:iron_ingot":11,"minecraft:oak_slab":1,"minecraft:wheat_seeds":32,"minecraft:dripstone_block":16,"minecraft:poisonous_potato":2,"minecraft:iron_helmet":2,"minecraft:feather":2,"minecraft:cobblestone":72,"minecraft:book":1,"minecraft:granite":3,"minecraft:tropical_fish":1,"minecraft:chainmail_helmet":1,"tombstone:ankh_of_pray":1,"tombstone:grave_dust":2,"minecraft:oak_stairs":2,"tombstone:dark_marble":5,"minecraft:string":1,"swem:alfalfa_bushel":2,"minecraft:dandelion":11,"minecraft:smooth_basalt":8,"minecraft:stone_sword":4,"minecraft:raw_copper":11,"minecraft:cocoa_beans":10,"minecraft:tuff":31,"minecraft:light_gray_wool":1,"minecraft:iron_hoe":1,"minecraft:big_dripleaf":1,"minecraft:cobblestone_slab":1,"minecraft:iron_chestplate":2,"minecraft:andesite":2,"minecraft:oak_sapling":2,"minecraft:golden_sword":1,"minecraft:stone_pickaxe":5,"minecraft:wooden_pickaxe":2,"minecraft:bell":1,"minecraft:red_tulip":19,"minecraft:magma_block":5,"minecraft:black_wool":2},"minecraft:killed":{"minecraft:spider":13,"minecraft:skeleton":29,"minecraft:chicken":1,"realmrpg_demons:chort":24,"minecraft:pig":23,"minecraft:zombie_villager":1,"minecraft:creeper":8,"minecraft:sheep":30,"minecraft:zombie":63,"minecraft:donkey":1,"minecraft:cow":50,"minecraft:phantom":2,"minecraft:drowned":2,"minecraft:enderman":4},"minecraft:crafted":{"minecraft:dark_oak_boat":1,"minecraft:cooked_chicken":1,"minecraft:stone":40,"tombstone:decorative_tombstone":1,"minecraft:diamond_shovel":1,"minecraft:bookshelf":16,"minecraft:cooked_mutton":56,"minecraft:diamond_helmet":1,"minecraft:iron_boots":1,"tombstone:grave_key":1,"minecraft:chest":4,"minecraft:smoker":2,"minecraft:cooked_porkchop":41,"minecraft:diamond_axe":1,"minecraft:crafting_table":9,"minecraft:iron_helmet":1,"minecraft:wooden_pickaxe":3,"minecraft:baked_potato":111,"tombstone:decorative_grave_simple":1,"minecraft:book":51,"minecraft:dark_oak_slab":36,"minecraft:iron_chestplate":2,"minecraft:paper":159,"minecraft:diamond_pickaxe":1,"minecraft:shield":3,"minecraft:stick":232,"minecraft:iron_ingot":65,"minecraft:iron_pickaxe":2,"minecraft:stone_sword":1,"minecraft:gold_ingot":16,"minecraft:dark_oak_fence_gate":1,"minecraft:furnace":7,"minecraft:bone_meal":36,"minecraft:dark_oak_fence":96,"minecraft:iron_axe":2,"minecraft:iron_hoe":1,"minecraft:stone_pickaxe":3,"minecraft:dark_oak_planks":892,"tombstone:strange_scroll":1,"minecraft:wheat":81,"minecraft:cooked_beef":32,"minecraft:diamond_sword":1,"minecraft:dark_oak_stairs":140,"minecraft:iron_sword":2,"tombstone:ankh_of_pray":1,"minecraft:bucket":3,"minecraft:stone_axe":1,"minecraft:jungle_planks":40,"minecraft:acacia_boat":1,"minecraft:bread":8,"minecraft:air":0,"tombstone:book_of_scribe":1,"tombstone:dark_marble":8,"minecraft:iron_leggings":1,"minecraft:white_bed":1,"minecraft:acacia_planks":68,"minecraft:torch":136,"minecraft:blackstone_slab":192,"minecraft:diamond_chestplate":1},"minecraft:custom":{"minecraft:animals_bred":99,"minecraft:interact_with_crafting_table":98,"minecraft:bell_ring":3,"minecraft:leave_game":9,"minecraft:time_since_death":48707,"minecraft:sprint_one_cm":1557819,"minecraft:damage_blocked_by_shield":4394,"minecraft:drop":268,"minecraft:talked_to_villager":3,"minecraft:play_time":582403,"minecraft:deaths":16,"minecraft:jump":13418,"minecraft:walk_on_water_one_cm":194771,"minecraft:interact_with_furnace":147,"minecraft:sleep_in_bed":20,"minecraft:damage_dealt":39219,"minecraft:player_kills":1,"minecraft:crouch_one_cm":169148,"tombstone:undead_killed":71,"minecraft:interact_with_smoker":52,"minecraft:horse_one_cm":6209,"minecraft:mob_kills":254,"tombstone:use_vanishing":1,"minecraft:climb_one_cm":2244,"minecraft:walk_one_cm":1035364,"minecraft:damage_dealt_absorbed":240,"minecraft:sneak_time":52842,"minecraft:walk_under_water_one_cm":202581,"minecraft:boat_one_cm":44694,"minecraft:interact_with_blast_furnace":2,"minecraft:total_world_time":582403,"tombstone:raider_killed":2,"tombstone:pray_on_grave":1,"minecraft:time_since_rest":48216,"minecraft:damage_taken":13572,"minecraft:swim_one_cm":330876,"minecraft:fly_one_cm":2889672,"minecraft:open_chest":150,"minecraft:fall_one_cm":364028},"minecraft:mined":{"minecraft:dark_oak_planks":54,"minecraft:white_bed":5,"minecraft:jungle_leaves":2,"minecraft:obsidian":7,"minecraft:granite":62,"swem:cantazarite_ore":1,"minecraft:acacia_log":25,"minecraft:grass_block":945,"minecraft:jungle_log":10,"swem:alfalfa_plant":5,"minecraft:magma_block":5,"minecraft:iron_ore":74,"minecraft:fire":2,"minecraft:deepslate_lapis_ore":19,"minecraft:dark_oak_stairs":42,"minecraft:pointed_dripstone":1,"minecraft:red_tulip":4,"minecraft:dirt_path":1,"minecraft:pink_tulip":1,"minecraft:blackstone":213,"minecraft:smoker":3,"minecraft:clay":1,"minecraft:torch":23,"swem:star_worm_cobble":4,"minecraft:cobblestone":22,"minecraft:sugar_cane":186,"minecraft:oak_planks":1,"minecraft:wall_torch":3,"deep_dark_regrowth:sculk_moss_2":1,"minecraft:dark_oak_slab":2,"minecraft:wheat":167,"minecraft:orange_tulip":18,"minecraft:grass":107,"minecraft:dark_oak_sapling":1,"minecraft:dirt":143,"minecraft:smooth_basalt":4,"minecraft:oak_leaves":3,"minecraft:deepslate":139,"minecraft:tuff":11,"minecraft:dark_oak_leaves":33,"minecraft:deepslate_diamond_ore":26,"minecraft:dark_oak_log":303,"minecraft:dark_oak_fence":9,"minecraft:moss_block":1,"minecraft:hay_block":9,"minecraft:furnace":20,"minecraft:carrots":1,"minecraft:andesite":11,"deep_dark_regrowth:sculk_moss_3":1,"minecraft:gold_block":1,"minecraft:potatoes":14,"minecraft:deepslate_iron_ore":57,"minecraft:vine":3,"minecraft:stone":661,"minecraft:white_tulip":35,"minecraft:lily_of_the_valley":2,"minecraft:dandelion":13,"minecraft:crafting_table":21,"minecraft:cornflower":13,"minecraft:blackstone_slab":7,"minecraft:emerald_ore":6,"minecraft:stone_slab":1,"minecraft:tall_grass":11,"minecraft:copper_ore":4,"minecraft:deepslate_coal_ore":2,"minecraft:lapis_ore":3,"swem:oat_plant":7,"minecraft:big_dripleaf":1,"minecraft:coarse_dirt":1,"minecraft:birch_leaves":3,"minecraft:yellow_bed":3,"minecraft:coal_ore":66,"minecraft:gravel":2,"minecraft:dripstone_block":13,"minecraft:acacia_planks":4,"minecraft:deepslate_emerald_ore":1},"minecraft:used":{"minecraft:chest":4,"minecraft:shield":85,"minecraft:iron_sword":207,"minecraft:stone":15,"minecraft:rotten_flesh":40,"minecraft:iron_chestplate":2,"minecraft:carrot":8,"minecraft:tuff":1,"minecraft:axolotl_bucket":1,"minecraft:obsidian":1,"tombstone:decorative_grave_simple":1,"minecraft:grass_block":1,"minecraft:dark_oak_slab":35,"minecraft:dark_oak_boat":4,"minecraft:furnace":23,"minecraft:egg":4,"minecraft:potato":14,"minecraft:dark_oak_sapling":25,"minecraft:dark_oak_stairs":177,"minecraft:stone_pickaxe":63,"minecraft:blackstone":100,"minecraft:wooden_pickaxe":28,"minecraft:sugar_cane":50,"minecraft:diamond_axe":207,"minecraft:glow_berries":10,"minecraft:dark_oak_log":15,"minecraft:bread":10,"minecraft:blackstone_slab":192,"swem:oat_seeds":7,"minecraft:diamond_sword":428,"minecraft:dark_oak_fence":97,"minecraft:andesite":8,"securitycraft:briefcase":3,"minecraft:coarse_dirt":1,"minecraft:bone_meal":36,"minecraft:stone_sword":25,"minecraft:tropical_fish":8,"minecraft:cooked_chicken":1,"minecraft:torch":187,"minecraft:dirt":916,"minecraft:spyglass":10,"minecraft:diamond_helmet":2,"swem:alfalfa_seeds":5,"tombstone:decorative_tombstone":1,"minecraft:granite":61,"minecraft:iron_hoe":57,"minecraft:dark_oak_planks":294,"tombstone:ankh_of_pray":2,"minecraft:bookshelf":15,"minecraft:iron_axe":275,"minecraft:iron_boots":1,"minecraft:diamond_chestplate":1,"tombstone:gift":9,"minecraft:cooked_beef":17,"minecraft:cobbled_deepslate":72,"minecraft:acacia_planks":9,"minecraft:iron_leggings":1,"minecraft:cooked_mutton":50,"minecraft:wheat_seeds":269,"minecraft:acacia_boat":2,"minecraft:water_bucket":288,"minecraft:pink_tulip":1,"minecraft:bundle":1,"minecraft:baked_potato":36,"minecraft:crafting_table":28,"minecraft:white_bed":5,"minecraft:dark_oak_fence_gate":1,"minecraft:smoker":3,"tombstone:bag_of_seeds":1,"minecraft:diamond_pickaxe":907,"minecraft:apple":10,"minecraft:diamond_shovel":1035,"minecraft:iron_pickaxe":466,"minecraft:stone_axe":12,"minecraft:cobblestone":175,"minecraft:cooked_porkchop":34,"minecraft:bucket":292,"minecraft:yellow_bed":3},"minecraft:picked_up":{"minecraft:iron_chestplate":4,"minecraft:wheat":186,"minecraft:chainmail_boots":4,"minecraft:oak_stairs":2,"minecraft:golden_sword":2,"minecraft:string":5,"minecraft:raw_copper":19,"minecraft:iron_leggings":4,"minecraft:cobbled_deepslate":141,"minecraft:white_tulip":113,"minecraft:cobblestone_slab":1,"minecraft:iron_pickaxe":12,"minecraft:iron_boots":2,"minecraft:furnace":28,"minecraft:stick":10,"minecraft:big_dripleaf":2,"minecraft:torch":54,"minecraft:acacia_log":25,"minecraft:porkchop":59,"minecraft:pointed_dripstone":2,"tombstone:grave_dust":19,"minecraft:stone_sword":4,"minecraft:rotten_flesh":59,"minecraft:tropical_fish":12,"swem:leggings_gold":1,"minecraft:red_tulip":43,"minecraft:obsidian":9,"minecraft:cobblestone":712,"minecraft:magma_block":5,"minecraft:feather":2,"minecraft:cooked_beef":4,"minecraft:andesite":10,"minecraft:water_bucket":3,"minecraft:jungle_log":12,"swem:star_worm":42,"minecraft:dark_oak_boat":3,"minecraft:smoker":3,"minecraft:potato":49,"minecraft:tuff":37,"minecraft:acacia_boat":2,"minecraft:lapis_lazuli":147,"minecraft:dirt":1112,"minecraft:leather_boots":2,"minecraft:bone":35,"minecraft:acacia_planks":19,"minecraft:wheat_seeds":476,"minecraft:orange_tulip":125,"minecraft:bell":2,"minecraft:moss_block":8,"swem:oat_seeds":56,"minecraft:pitcher_pod":4,"minecraft:oak_planks":1,"swem:oat_bushel":3,"minecraft:cooked_porkchop":21,"minecraft:poisonous_potato":2,"swem:cantazarite":40,"minecraft:jungle_planks":14,"minecraft:grass_block":1,"minecraft:lily_of_the_valley":2,"minecraft:dark_oak_log":302,"minecraft:bundle":1,"minecraft:diamond":29,"minecraft:granite":67,"minecraft:bone_meal":1,"minecraft:chainmail_helmet":1,"minecraft:emerald":7,"minecraft:oak_sapling":2,"minecraft:dark_oak_fence":9,"minecraft:cocoa_beans":10,"minecraft:coarse_dirt":1,"minecraft:crafting_table":25,"minecraft:azure_bluet":1,"minecraft:chicken":1,"minecraft:clay_ball":24,"minecraft:golden_pickaxe":1,"minecraft:leather_leggings":1,"minecraft:gold_block":1,"minecraft:shield":3,"minecraft:cornflower":18,"minecraft:moss_carpet":1,"minecraft:iron_axe":2,"minecraft:blackstone":209,"minecraft:beef":107,"minecraft:jungle_sapling":4,"minecraft:light_gray_wool":1,"minecraft:sugar_cane":264,"minecraft:phantom_membrane":1,"minecraft:egg":4,"minecraft:dark_oak_sapling":25,"tombstone:ankh_of_pray":1,"minecraft:raw_iron":153,"minecraft:carrot":10,"securitycraft:briefcase":1,"minecraft:dark_oak_planks":53,"minecraft:arrow":17,"minecraft:hay_block":9,"swem:alfalfa_seeds":44,"minecraft:pink_tulip":1,"tombstone:essence_of_undeath":1,"minecraft:glow_berries":8,"minecraft:mutton":47,"minecraft:white_wool":34,"swem:timothy_seeds":35,"minecraft:glow_ink_sac":8,"minecraft:leather":64,"minecraft:blackstone_slab":11,"minecraft:chainmail_chestplate":3,"minecraft:yellow_bed":3,"minecraft:gunpowder":15,"tombstone:gift":1,"minecraft:apple":2,"minecraft:iron_ingot":27,"minecraft:stone_pickaxe":7,"minecraft:iron_sword":5,"minecraft:dark_oak_stairs":42,"minecraft:oak_slab":1,"minecraft:smooth_basalt":8,"minecraft:dark_oak_slab":2,"minecraft:dandelion":79,"minecraft:spyglass":1,"minecraft:dripstone_block":15,"minecraft:gravel":2,"minecraft:white_bed":4,"minecraft:spider_eye":4,"swem:alfalfa_bushel":2,"minecraft:iron_helmet":5,"minecraft:black_wool":2,"minecraft:coal":539,"minecraft:ender_pearl":3},"minecraft:broken":{"minecraft:iron_boots":1,"minecraft:iron_leggings":1,"minecraft:chainmail_chestplate":1,"minecraft:shield":1,"minecraft:iron_axe":1,"minecraft:iron_helmet":1}},"DataVersion":3465}