{"stats":{"minecraft:custom":{"minecraft:time_since_rest":52116,"minecraft:interact_with_furnace":24,"minecraft:sprint_one_cm":55804,"minecraft:damage_taken":85,"minecraft:walk_one_cm":58926,"minecraft:mob_kills":5,"minecraft:drop":21,"minecraft:damage_dealt":617,"minecraft:interact_with_crafting_table":19,"minecraft:swim_one_cm":12908,"minecraft:fly_one_cm":218744,"minecraft:crouch_one_cm":23035,"minecraft:play_time":52116,"minecraft:sneak_time":7945,"minecraft:walk_under_water_one_cm":6171,"minecraft:boat_one_cm":251326,"minecraft:jump":507,"minecraft:leave_game":2,"minecraft:time_since_death":52116,"minecraft:walk_on_water_one_cm":7919,"minecraft:interact_with_smoker":1,"minecraft:total_world_time":52116,"minecraft:fall_one_cm":5927},"minecraft:mined":{"minecraft:furnace":1,"minecraft:iron_ore":4,"minecraft:smoker":1,"minecraft:spruce_log":75,"minecraft:stripped_spruce_log":1,"minecraft:crafting_table":1,"minecraft:grass":2,"minecraft:coal_ore":15,"minecraft:grass_block":7,"minecraft:dirt":43,"swem:star_worm_cobble":10,"minecraft:spruce_leaves":13,"minecraft:stone":47,"minecraft:fern":3},"minecraft:crafted":{"minecraft:cooked_porkchop":12,"minecraft:shield":1,"minecraft:crafting_table":2,"minecraft:spruce_planks":40,"minecraft:stick":20,"minecraft:iron_ingot":4,"minecraft:wooden_pickaxe":1,"minecraft:stone_pickaxe":1,"minecraft:wooden_axe":1,"minecraft:spruce_door":3,"furnitura:small_table_spruce":1,"minecraft:furnace":2,"minecraft:torch":4,"minecraft:stone_axe":1,"minecraft:air":0},"minecraft:used":{"minecraft:wooden_axe":16,"minecraft:spruce_door":3,"minecraft:stone_pickaxe":73,"minecraft:wooden_pickaxe":11,"furnitura:small_table_spruce":3,"minecraft:stone_axe":64,"minecraft:dirt":47,"minecraft:crafting_table":3,"minecraft:cooked_porkchop":2,"minecraft:furnace":2,"minecraft:porkchop":1},"minecraft:killed":{"minecraft:skeleton":1,"minecraft:pig":4},"minecraft:picked_up":{"minecraft:raw_iron":4,"minecraft:crafting_table":2,"swem:star_worm":37,"minecraft:smoker":1,"minecraft:porkchop":9,"minecraft:stripped_spruce_log":1,"minecraft:spruce_sapling":1,"minecraft:spruce_log":77,"minecraft:spruce_door":1,"minecraft:dirt":51,"furnitura:small_table_spruce":2,"minecraft:spruce_boat":1,"minecraft:wheat_seeds":1,"minecraft:spruce_planks":9,"swem:alfalfa_seeds":1,"minecraft:coal":15,"minecraft:cobblestone":45,"minecraft:furnace":1},"minecraft:dropped":{"minecraft:iron_ingot":2,"minecraft:spruce_boat":1,"minecraft:wheat_seeds":1,"minecraft:cooked_porkchop":6,"swem:alfalfa_seeds":1,"minecraft:spruce_log":15}},"DataVersion":3465}