{"stats":{"minecraft:killed_by":{"minecraft:creeper":1,"minecraft:zombie":3,"minecraft:player":1,"minecraft:skeleton":1},"minecraft:dropped":{"minecraft:lapis_lazuli":45,"minecraft:glow_ink_sac":14,"minecraft:diamond":58,"minecraft:cooked_porkchop":8,"minecraft:orange_tulip":32,"minecraft:jungle_planks":3,"minecraft:rail":1,"minecraft:flint":1,"minecraft:dirt":8,"minecraft:cornflower":37,"minecraft:bone_meal":3,"minecraft:iron_pickaxe":1,"swem:oat_seeds":36,"minecraft:bone":1,"minecraft:gravel":2,"minecraft:white_tulip":101,"minecraft:blackstone":65,"minecraft:cobbled_deepslate":79,"minecraft:birch_sapling":1,"minecraft:wheat":2,"minecraft:pointed_dripstone":6,"swem:alfalfa_seeds":30,"minecraft:rotten_flesh":46,"minecraft:oak_planks":8,"minecraft:diamond_shovel":1,"minecraft:cooked_mutton":3,"swem:timothy_seeds":36,"minecraft:leather_boots":4,"minecraft:arrow":8,"minecraft:egg":8,"minecraft:iron_ingot":137,"minecraft:wheat_seeds":177,"minecraft:dripstone_block":14,"minecraft:cobblestone":4,"minecraft:granite":1,"minecraft:chainmail_helmet":1,"minecraft:coal":1,"tombstone:ankh_of_pray":1,"minecraft:stick":4,"minecraft:gray_wool":2,"minecraft:torch":1,"tombstone:grave_dust":2,"minecraft:string":1,"minecraft:redstone":8,"minecraft:dandelion":23,"minecraft:pink_tulip":6,"minecraft:smooth_basalt":4,"minecraft:oak_trapdoor":8,"minecraft:raw_copper":8,"minecraft:cocoa_beans":6,"minecraft:tuff":27,"minecraft:raw_iron":1,"minecraft:composter":1,"minecraft:light_gray_wool":1,"minecraft:stone_slab":3,"swem:cantazarite":14,"minecraft:lily_of_the_valley":2,"minecraft:cobblestone_slab":1,"minecraft:stone":2,"minecraft:iron_chestplate":1,"minecraft:andesite":2,"minecraft:golden_sword":2,"minecraft:bow":1,"minecraft:stone_pickaxe":2,"minecraft:red_tulip":26},"minecraft:killed":{"minecraft:witch":1,"minecraft:spider":12,"minecraft:skeleton":20,"minecraft:chicken":8,"realmrpg_demons:chort":6,"minecraft:pig":11,"minecraft:zombie_villager":1,"minecraft:salmon":16,"minecraft:creeper":6,"minecraft:sheep":45,"minecraft:zombie":35,"minecraft:cow":1,"minecraft:phantom":1,"minecraft:drowned":1,"minecraft:bat":1},"minecraft:custom":{"minecraft:animals_bred":62,"minecraft:interact_with_crafting_table":123,"minecraft:leave_game":10,"minecraft:time_since_death":4998,"minecraft:sprint_one_cm":1691521,"minecraft:damage_blocked_by_shield":4275,"minecraft:drop":218,"minecraft:talked_to_villager":11,"minecraft:play_time":629024,"minecraft:deaths":9,"minecraft:jump":12570,"minecraft:walk_on_water_one_cm":121224,"minecraft:interact_with_furnace":140,"minecraft:sleep_in_bed":13,"minecraft:damage_dealt":23184,"minecraft:player_kills":1,"minecraft:crouch_one_cm":373752,"tombstone:undead_killed":47,"minecraft:interact_with_smoker":71,"minecraft:mob_kills":170,"minecraft:climb_one_cm":9781,"minecraft:walk_one_cm":1764522,"minecraft:damage_dealt_absorbed":157,"minecraft:sneak_time":96027,"minecraft:walk_under_water_one_cm":79169,"minecraft:interact_with_blast_furnace":12,"minecraft:total_world_time":629024,"tombstone:raider_killed":2,"tombstone:pray_on_grave":1,"minecraft:time_since_rest":4746,"minecraft:damage_taken":10406,"minecraft:swim_one_cm":122041,"minecraft:fly_one_cm":2754738,"minecraft:open_chest":154,"minecraft:fall_one_cm":461726},"minecraft:crafted":{"minecraft:oak_planks":140,"minecraft:smooth_stone":14,"minecraft:cobblestone_slab":6,"minecraft:cooked_chicken":7,"minecraft:stone":22,"securitycraft:keypad_item":1,"minecraft:diamond_shovel":2,"minecraft:heavy_weighted_pressure_plate":1,"minecraft:cooked_mutton":41,"minecraft:bow":1,"minecraft:iron_boots":3,"minecraft:chest":10,"securitycraft:briefcase":1,"minecraft:raw_iron_block":7,"minecraft:smoker":1,"minecraft:cooked_porkchop":17,"minecraft:crafting_table":11,"minecraft:iron_helmet":3,"minecraft:baked_potato":11,"minecraft:wooden_pickaxe":2,"minecraft:string":16,"minecraft:iron_chestplate":4,"minecraft:diamond_pickaxe":1,"minecraft:shield":3,"minecraft:stick":142,"minecraft:iron_ingot":271,"minecraft:iron_pickaxe":6,"minecraft:stone_sword":1,"minecraft:gold_ingot":52,"minecraft:shears":1,"minecraft:raw_iron":63,"minecraft:furnace":4,"minecraft:stone_button":8,"minecraft:blast_furnace":1,"minecraft:dark_oak_trapdoor":4,"minecraft:iron_axe":3,"securitycraft:universal_block_remover":1,"minecraft:iron_hoe":1,"minecraft:stone_pickaxe":6,"minecraft:dark_oak_planks":12,"minecraft:wheat":90,"minecraft:cooked_beef":33,"minecraft:enchanting_table":1,"minecraft:iron_sword":1,"minecraft:cooked_salmon":15,"securitycraft:taser":1,"minecraft:bucket":2,"minecraft:stone_axe":1,"minecraft:jungle_planks":176,"minecraft:air":0,"minecraft:jungle_door":6,"minecraft:wooden_axe":2,"minecraft:iron_leggings":3,"minecraft:white_bed":1,"minecraft:acacia_planks":20,"minecraft:torch":248},"minecraft:mined":{"minecraft:dark_oak_planks":22,"minecraft:white_bed":6,"minecraft:farmland":45,"minecraft:jungle_leaves":6,"minecraft:cave_vines_plant":14,"minecraft:granite":4,"swem:cantazarite_ore":5,"minecraft:acacia_log":9,"minecraft:grass_block":1751,"minecraft:jungle_log":72,"swem:alfalfa_plant":1,"minecraft:composter":2,"minecraft:oxeye_daisy":1,"minecraft:dark_oak_trapdoor":1,"minecraft:iron_ore":187,"minecraft:fire":5,"minecraft:deepslate_lapis_ore":15,"minecraft:pointed_dripstone":2,"minecraft:red_tulip":70,"minecraft:cave_vines":31,"minecraft:dirt_path":219,"minecraft:pink_tulip":9,"minecraft:deepslate_redstone_ore":5,"minecraft:jungle_door":1,"minecraft:blackstone":118,"minecraft:smoker":2,"minecraft:torch":16,"minecraft:poppy":2,"minecraft:melon":2,"minecraft:cobblestone":43,"minecraft:oak_planks":1,"minecraft:sugar_cane":22,"minecraft:wall_torch":9,"minecraft:amethyst_block":1,"minecraft:wheat":124,"minecraft:orange_tulip":181,"minecraft:grass":777,"minecraft:oak_log":69,"minecraft:beetroots":3,"minecraft:dirt":300,"minecraft:smooth_basalt":2,"minecraft:oak_leaves":2,"minecraft:deepslate":187,"minecraft:diamond_ore":1,"minecraft:tuff":26,"minecraft:dark_oak_leaves":1,"minecraft:deepslate_diamond_ore":72,"minecraft:dark_oak_log":28,"minecraft:glow_lichen":1,"minecraft:jungle_planks":3,"minecraft:moss_block":1,"minecraft:rooted_dirt":3,"minecraft:hay_block":10,"minecraft:redstone_ore":1,"minecraft:oak_trapdoor":8,"minecraft:furnace":8,"minecraft:carrots":21,"minecraft:andesite":18,"minecraft:potatoes":36,"minecraft:deepslate_iron_ore":115,"minecraft:cobblestone_slab":1,"minecraft:vine":10,"minecraft:bamboo":7,"minecraft:stone":854,"minecraft:white_tulip":244,"minecraft:acacia_leaves":7,"minecraft:flowering_azalea":1,"minecraft:lily_of_the_valley":12,"minecraft:dandelion":180,"minecraft:crafting_table":19,"minecraft:cornflower":103,"minecraft:emerald_ore":2,"minecraft:stone_slab":4,"minecraft:tall_grass":58,"minecraft:copper_ore":5,"minecraft:lapis_ore":3,"minecraft:deepslate_gold_ore":66,"minecraft:birch_leaves":2,"minecraft:coal_ore":390,"minecraft:gravel":11,"minecraft:dripstone_block":7,"minecraft:gold_ore":10,"minecraft:fern":5},"minecraft:used":{"minecraft:chest":10,"minecraft:shield":81,"minecraft:iron_sword":54,"minecraft:rotten_flesh":8,"minecraft:iron_chestplate":1,"securitycraft:keypad_item":1,"minecraft:jungle_planks":57,"minecraft:carrot":27,"minecraft:lava_bucket":20,"minecraft:iron_helmet":1,"minecraft:furnace":8,"minecraft:potato":31,"minecraft:oak_planks":23,"minecraft:stone_pickaxe":636,"minecraft:blackstone":4,"minecraft:wooden_pickaxe":24,"minecraft:sugar_cane":22,"minecraft:glow_berries":33,"minecraft:dark_oak_trapdoor":5,"minecraft:blast_furnace":1,"securitycraft:universal_block_remover":1,"minecraft:melon_slice":9,"minecraft:bread":3,"minecraft:andesite":13,"securitycraft:briefcase":4,"minecraft:enchanting_table":1,"minecraft:stone_sword":8,"minecraft:white_tulip":1,"minecraft:tropical_fish":2,"minecraft:cooked_salmon":15,"minecraft:cooked_chicken":7,"minecraft:torch":276,"minecraft:dirt":1911,"minecraft:spyglass":24,"swem:alfalfa_seeds":1,"minecraft:granite":4,"minecraft:iron_hoe":191,"minecraft:wooden_axe":97,"tombstone:ankh_of_pray":6,"minecraft:red_tulip":2,"minecraft:iron_axe":394,"tombstone:gift":6,"minecraft:cooked_beef":15,"minecraft:cobbled_deepslate":72,"minecraft:cooked_mutton":51,"minecraft:wheat_seeds":152,"minecraft:water_bucket":83,"minecraft:amethyst_block":2,"minecraft:bundle":2,"minecraft:baked_potato":16,"minecraft:cobblestone_slab":6,"minecraft:leather_boots":1,"minecraft:crafting_table":29,"minecraft:white_bed":7,"minecraft:smoker":3,"minecraft:diamond_pickaxe":207,"minecraft:diamond_shovel":2273,"minecraft:iron_pickaxe":1303,"minecraft:stone_axe":78,"minecraft:cobblestone":431,"minecraft:cooked_porkchop":15,"minecraft:jungle_door":8,"minecraft:bucket":104},"minecraft:picked_up":{"minecraft:wheat":111,"minecraft:stone_slab":3,"minecraft:golden_sword":2,"minecraft:amethyst_block":2,"minecraft:dark_oak_trapdoor":1,"minecraft:string":4,"minecraft:raw_copper":15,"minecraft:cobbled_deepslate":211,"minecraft:white_tulip":159,"minecraft:cobblestone_slab":1,"minecraft:iron_pickaxe":1,"minecraft:melon_slice":9,"minecraft:furnace":8,"minecraft:stick":2,"minecraft:jungle_door":2,"minecraft:composter":3,"minecraft:torch":41,"minecraft:acacia_log":9,"minecraft:porkchop":28,"minecraft:pointed_dripstone":6,"tombstone:grave_dust":6,"minecraft:rotten_flesh":57,"minecraft:tropical_fish":2,"minecraft:red_tulip":56,"minecraft:obsidian":4,"minecraft:cobblestone":857,"minecraft:feather":8,"minecraft:andesite":15,"minecraft:jungle_log":71,"minecraft:smoker":2,"minecraft:potato":92,"minecraft:flint":1,"minecraft:tuff":27,"minecraft:lapis_lazuli":113,"minecraft:dirt":2322,"minecraft:leather_boots":4,"minecraft:bone":14,"minecraft:bow":2,"minecraft:orange_tulip":115,"minecraft:wheat_seeds":408,"minecraft:raw_gold":72,"minecraft:bamboo":13,"swem:oat_seeds":45,"minecraft:oak_planks":6,"minecraft:cooked_porkchop":6,"swem:cantazarite":21,"minecraft:jungle_planks":6,"minecraft:lily_of_the_valley":2,"minecraft:dark_oak_log":27,"minecraft:bundle":1,"minecraft:diamond":74,"minecraft:granite":6,"minecraft:bone_meal":4,"minecraft:bread":3,"minecraft:emerald":2,"minecraft:chainmail_helmet":1,"minecraft:rooted_dirt":3,"minecraft:cocoa_beans":6,"minecraft:crafting_table":19,"minecraft:chicken":7,"minecraft:clay_ball":44,"minecraft:shield":1,"minecraft:cornflower":80,"minecraft:oak_trapdoor":8,"minecraft:blackstone":182,"minecraft:beef":2,"minecraft:jungle_sapling":1,"minecraft:light_gray_wool":1,"tombstone:dark_marble":5,"minecraft:sugar_cane":31,"minecraft:birch_sapling":1,"minecraft:egg":8,"tombstone:ankh_of_pray":1,"minecraft:raw_iron":301,"minecraft:carrot":24,"minecraft:redstone":27,"minecraft:dark_oak_planks":33,"minecraft:arrow":18,"minecraft:beetroot_seeds":3,"minecraft:hay_block":10,"swem:alfalfa_seeds":80,"minecraft:pink_tulip":14,"minecraft:rail":1,"minecraft:glow_berries":30,"minecraft:mutton":81,"minecraft:white_wool":44,"minecraft:oxeye_daisy":1,"swem:timothy_seeds":91,"minecraft:glow_ink_sac":16,"minecraft:salmon":15,"minecraft:leather":5,"minecraft:oak_log":69,"securitycraft:keypad_chest":1,"minecraft:gunpowder":6,"minecraft:cooked_mutton":16,"minecraft:iron_ingot":6,"minecraft:stone_pickaxe":1,"minecraft:book":1,"minecraft:smooth_basalt":4,"minecraft:dandelion":98,"minecraft:spyglass":1,"minecraft:dripstone_block":14,"minecraft:gravel":9,"minecraft:white_bed":7,"minecraft:spider_eye":5,"minecraft:diamond_shovel":1,"minecraft:iron_helmet":1,"minecraft:gray_wool":3,"minecraft:baked_potato":7,"tombstone:magic_scroll":1,"minecraft:coal":454},"minecraft:broken":{"minecraft:iron_boots":1,"minecraft:iron_leggings":1,"minecraft:stone_pickaxe":3,"minecraft:diamond_shovel":1,"minecraft:stone_axe":1,"minecraft:wooden_axe":2,"minecraft:shield":2,"minecraft:iron_axe":2,"minecraft:iron_pickaxe":5,"minecraft:iron_helmet":1}},"DataVersion":3465}