{"stats":{"minecraft:killed":{"minecraft:witch":3,"minecraft:spider":41,"minecraft:skeleton":66,"deep_dark_regrowth:sculk_parasite":1,"minecraft:chicken":8,"realmrpg_demons:chort":37,"minecraft:pig":11,"minecraft:zombie_villager":3,"minecraft:salmon":16,"minecraft:creeper":34,"minecraft:sheep":49,"minecraft:zombie":93,"minecraft:cow":177,"minecraft:slime":10,"minecraft:phantom":26,"minecraft:drowned":3,"minecraft:rabbit":1,"minecraft:bat":1,"minecraft:enderman":6},"minecraft:custom":{"minecraft:animals_bred":244,"minecraft:interact_with_crafting_table":172,"minecraft:open_barrel":17,"minecraft:leave_game":16,"minecraft:time_since_death":381161,"minecraft:sprint_one_cm":2877137,"minecraft:damage_blocked_by_shield":6090,"minecraft:drop":379,"minecraft:talked_to_villager":11,"minecraft:play_time":1141369,"minecraft:deaths":10,"minecraft:jump":21369,"minecraft:walk_on_water_one_cm":182764,"minecraft:enchant_item":10,"minecraft:interact_with_furnace":206,"minecraft:traded_with_villager":4,"tombstone:trade_grave_guardian":4,"minecraft:sleep_in_bed":15,"minecraft:damage_dealt":77645,"minecraft:player_kills":1,"minecraft:crouch_one_cm":623160,"tombstone:undead_killed":180,"minecraft:interact_with_smoker":222,"minecraft:interact_with_anvil":10,"minecraft:mob_kills":593,"minecraft:climb_one_cm":9781,"minecraft:walk_one_cm":2848320,"tombstone:consume_soul":2,"minecraft:damage_dealt_absorbed":393,"minecraft:sneak_time":157959,"minecraft:walk_under_water_one_cm":150479,"minecraft:interact_with_blast_furnace":41,"minecraft:total_world_time":1141369,"tombstone:raider_killed":29,"tombstone:pray_on_grave":4,"minecraft:time_since_rest":61555,"minecraft:damage_taken":20869,"minecraft:swim_one_cm":159311,"minecraft:fly_one_cm":4478468,"minecraft:open_chest":498,"tombstone:use_magic_impregnation":2,"minecraft:fish_caught":77,"minecraft:fall_one_cm":789818},"minecraft:killed_by":{"minecraft:creeper":1,"minecraft:zombie":4,"minecraft:player":1,"minecraft:skeleton":1},"minecraft:used":{"minecraft:diamond_hoe":1139,"minecraft:chest":16,"minecraft:shield":118,"minecraft:iron_sword":54,"minecraft:stone":15,"minecraft:rotten_flesh":8,"minecraft:iron_chestplate":1,"securitycraft:keypad_item":4,"minecraft:jungle_planks":57,"minecraft:carrot":27,"minecraft:tuff":31,"minecraft:lava_bucket":20,"minecraft:iron_helmet":1,"minecraft:furnace":9,"minecraft:potato":293,"minecraft:diamond_boots":1,"minecraft:oak_planks":23,"minecraft:stone_pickaxe":636,"minecraft:blackstone":4,"minecraft:wooden_pickaxe":24,"minecraft:diamond_axe":49,"minecraft:sugar_cane":27,"minecraft:glow_berries":33,"minecraft:dark_oak_trapdoor":5,"minecraft:blast_furnace":1,"securitycraft:universal_block_remover":7,"minecraft:cobbled_deepslate_stairs":189,"minecraft:redstone_torch":2,"minecraft:dark_oak_log":2,"minecraft:melon_slice":9,"minecraft:bread":3,"minecraft:diamond_sword":1021,"minecraft:andesite":36,"securitycraft:briefcase":22,"minecraft:enchanting_table":1,"minecraft:stone_sword":8,"minecraft:white_tulip":1,"minecraft:tropical_fish":2,"minecraft:cooked_salmon":15,"minecraft:cooked_chicken":7,"minecraft:torch":390,"minecraft:anvil":1,"minecraft:dirt":1975,"minecraft:spyglass":96,"swem:alfalfa_seeds":1,"minecraft:granite":4,"minecraft:iron_hoe":193,"minecraft:wooden_axe":97,"tombstone:ankh_of_pray":33,"minecraft:bookshelf":4,"minecraft:red_tulip":2,"minecraft:iron_axe":406,"minecraft:pitcher_plant":4,"tombstone:gift":11,"minecraft:cooked_beef":109,"minecraft:cobbled_deepslate":164,"minecraft:cooked_mutton":51,"minecraft:wheat_seeds":544,"minecraft:water_bucket":210,"minecraft:amethyst_block":2,"minecraft:bundle":2,"minecraft:baked_potato":85,"minecraft:cobblestone_slab":6,"minecraft:leather_boots":1,"minecraft:crafting_table":33,"minecraft:white_bed":7,"minecraft:smoker":7,"tombstone:bag_of_seeds":2,"minecraft:diamond_pickaxe":1678,"minecraft:diamond_shovel":2273,"minecraft:iron_pickaxe":1311,"minecraft:stone_axe":78,"minecraft:fishing_rod":125,"minecraft:cobblestone":434,"minecraft:cooked_porkchop":15,"minecraft:jungle_door":8,"minecraft:bucket":231,"minecraft:diamond_leggings":1},"minecraft:crafted":{"minecraft:smooth_stone":14,"minecraft:oak_planks":192,"minecraft:cobblestone_slab":6,"minecraft:cooked_chicken":7,"minecraft:stone":38,"minecraft:diamond_shovel":2,"securitycraft:keypad_item":4,"minecraft:bookshelf":4,"minecraft:heavy_weighted_pressure_plate":4,"minecraft:cooked_mutton":41,"minecraft:iron_bars":16,"minecraft:glass":24,"minecraft:diamond_helmet":2,"minecraft:bow":1,"minecraft:diamond_leggings":1,"minecraft:iron_boots":3,"minecraft:chest":16,"securitycraft:briefcase":7,"tombstone:book_of_magic_impregnation":2,"minecraft:raw_iron_block":7,"minecraft:smoker":6,"minecraft:cooked_porkchop":17,"minecraft:diamond_axe":1,"minecraft:crafting_table":12,"minecraft:baked_potato":507,"minecraft:wooden_pickaxe":2,"minecraft:iron_helmet":3,"tombstone:impregnated_diamond":2,"minecraft:string":16,"minecraft:iron_chestplate":4,"minecraft:book":12,"minecraft:paper":75,"minecraft:diamond_pickaxe":4,"minecraft:shield":3,"minecraft:stick":250,"minecraft:iron_ingot":497,"minecraft:iron_pickaxe":6,"minecraft:iron_block":3,"minecraft:stone_sword":1,"minecraft:gold_ingot":120,"securitycraft:sc_manual":1,"minecraft:shears":1,"minecraft:raw_iron":63,"minecraft:fishing_rod":4,"minecraft:diamond_hoe":1,"minecraft:blast_furnace":1,"minecraft:furnace":11,"minecraft:stone_button":32,"minecraft:dark_oak_trapdoor":4,"minecraft:iron_axe":3,"securitycraft:universal_block_remover":1,"minecraft:iron_hoe":1,"minecraft:stone_pickaxe":6,"minecraft:diamond_boots":2,"minecraft:cobbled_deepslate_stairs":188,"minecraft:dark_oak_planks":92,"minecraft:wheat":90,"minecraft:cooked_beef":493,"tombstone:grave_dust":26,"minecraft:diamond_sword":1,"minecraft:enchanting_table":1,"minecraft:iron_sword":1,"minecraft:cooked_salmon":15,"tombstone:ankh_of_pray":1,"securitycraft:taser":1,"minecraft:bucket":2,"minecraft:stone_axe":1,"minecraft:jungle_planks":176,"minecraft:air":0,"minecraft:jungle_door":6,"minecraft:wooden_axe":2,"minecraft:iron_leggings":3,"minecraft:anvil":1,"minecraft:white_bed":1,"minecraft:acacia_planks":20,"minecraft:torch":384,"minecraft:lapis_block":42,"tombstone:bone_needle":2,"minecraft:diamond_chestplate":2},"minecraft:broken":{"minecraft:diamond_helmet":1,"minecraft:iron_boots":1,"minecraft:iron_leggings":1,"minecraft:stone_pickaxe":3,"minecraft:diamond_boots":1,"minecraft:diamond_shovel":1,"minecraft:stone_axe":1,"minecraft:wooden_axe":2,"minecraft:fishing_rod":1,"minecraft:shield":3,"minecraft:iron_axe":2,"minecraft:iron_pickaxe":5,"minecraft:iron_helmet":1},"minecraft:dropped":{"minecraft:lapis_lazuli":60,"minecraft:oak_log":1,"minecraft:baked_potato":164,"minecraft:glow_ink_sac":14,"minecraft:diamond":58,"minecraft:crafting_table":1,"minecraft:cooked_porkchop":8,"minecraft:orange_tulip":36,"minecraft:jungle_planks":3,"minecraft:rail":1,"minecraft:flint":1,"minecraft:emerald":2,"minecraft:dirt":19,"minecraft:dark_oak_log":63,"minecraft:cornflower":37,"minecraft:bone_meal":3,"minecraft:phantom_membrane":5,"minecraft:iron_pickaxe":2,"minecraft:dark_oak_planks":4,"minecraft:fishing_rod":1,"swem:oat_seeds":50,"minecraft:bone":23,"minecraft:gravel":4,"minecraft:white_tulip":104,"minecraft:blackstone":65,"minecraft:cobbled_deepslate":140,"minecraft:wheat":6,"minecraft:birch_sapling":1,"minecraft:pointed_dripstone":6,"swem:alfalfa_seeds":30,"minecraft:rotten_flesh":76,"minecraft:oak_planks":10,"minecraft:diamond_shovel":1,"minecraft:cooked_mutton":3,"minecraft:azure_bluet":1,"swem:timothy_seeds":54,"deep_dark_regrowth:sculk_soil":5,"minecraft:beetroot_seeds":3,"minecraft:leather_boots":5,"minecraft:chainmail_boots":2,"minecraft:leather_leggings":3,"minecraft:iron_bars":45,"minecraft:arrow":24,"deep_dark_regrowth:mossy_fluorite":8,"minecraft:egg":8,"minecraft:enchanted_book":8,"minecraft:iron_ingot":137,"deep_dark_regrowth:large_infected_mushroom":3,"minecraft:wheat_seeds":420,"minecraft:dripstone_block":14,"minecraft:poisonous_potato":1,"minecraft:iron_helmet":2,"minecraft:cobblestone":64,"minecraft:granite":1,"deep_dark_regrowth:short_infected_mushroom":6,"minecraft:grass_block":1,"minecraft:chainmail_helmet":3,"minecraft:coal":71,"tombstone:ankh_of_pray":2,"minecraft:stick":51,"minecraft:gray_wool":2,"minecraft:torch":34,"tombstone:grave_dust":2,"minecraft:iron_leggings":3,"minecraft:chainmail_leggings":1,"minecraft:string":22,"deep_dark_regrowth:apatine_seeds":8,"deep_dark_regrowth:apatine":2,"minecraft:pink_tulip":8,"minecraft:smooth_basalt":4,"minecraft:dandelion":26,"minecraft:redstone":20,"minecraft:oak_trapdoor":8,"minecraft:stone_sword":1,"minecraft:raw_copper":8,"minecraft:cocoa_beans":7,"minecraft:tuff":36,"minecraft:composter":1,"minecraft:raw_iron":1,"minecraft:light_gray_wool":1,"minecraft:iron_boots":1,"minecraft:iron_hoe":1,"minecraft:stone_slab":3,"swem:cantazarite":28,"minecraft:flint_and_steel":1,"minecraft:lily_of_the_valley":2,"minecraft:diamond_sword":1,"minecraft:cobblestone_slab":1,"minecraft:stone":43,"minecraft:bundle":1,"minecraft:diamond_pickaxe":2,"minecraft:iron_chestplate":2,"minecraft:andesite":50,"minecraft:golden_sword":2,"minecraft:spider_eye":2,"minecraft:bow":5,"minecraft:stone_pickaxe":2,"minecraft:red_tulip":28},"minecraft:picked_up":{"minecraft:wheat":509,"minecraft:chainmail_boots":1,"minecraft:stone_slab":3,"minecraft:diamond_sword":1,"minecraft:enchanted_book":9,"minecraft:golden_sword":2,"minecraft:amethyst_block":2,"minecraft:string":28,"minecraft:dark_oak_trapdoor":1,"minecraft:raw_copper":15,"minecraft:iron_leggings":1,"minecraft:pufferfish":12,"minecraft:cobbled_deepslate":355,"minecraft:white_tulip":162,"minecraft:redstone_torch":2,"minecraft:cobblestone_slab":1,"minecraft:iron_pickaxe":1,"minecraft:melon_slice":9,"minecraft:furnace":9,"minecraft:stick":33,"minecraft:jungle_door":2,"minecraft:composter":3,"minecraft:torch":56,"minecraft:acacia_log":9,"minecraft:porkchop":28,"minecraft:pointed_dripstone":6,"tombstone:grave_dust":30,"minecraft:stone_sword":1,"minecraft:rotten_flesh":86,"minecraft:tropical_fish":2,"minecraft:red_tulip":58,"minecraft:obsidian":4,"minecraft:cod":47,"minecraft:iron_bars":30,"minecraft:cobblestone":1031,"minecraft:feather":8,"minecraft:cooked_beef":30,"minecraft:andesite":128,"minecraft:jungle_log":71,"minecraft:smoker":2,"minecraft:potato":781,"minecraft:flint":1,"minecraft:tuff":67,"deep_dark_regrowth:apatine_seeds":8,"deep_dark_regrowth:mossy_fluorite":117,"minecraft:lapis_lazuli":261,"minecraft:dirt":2333,"minecraft:leather_boots":5,"minecraft:bone":31,"minecraft:bow":5,"minecraft:wheat_seeds":1262,"minecraft:orange_tulip":119,"minecraft:raw_gold":107,"minecraft:bamboo":13,"swem:oat_seeds":53,"minecraft:pitcher_pod":2,"minecraft:oak_planks":6,"minecraft:cooked_porkchop":6,"swem:cantazarite":35,"minecraft:poisonous_potato":1,"minecraft:jungle_planks":6,"minecraft:grass_block":1,"minecraft:lily_of_the_valley":2,"minecraft:dark_oak_log":108,"minecraft:bundle":5,"minecraft:iron_hoe":1,"minecraft:diamond":118,"minecraft:granite":6,"minecraft:bone_meal":5,"minecraft:chainmail_helmet":2,"minecraft:emerald":4,"minecraft:bread":3,"minecraft:rooted_dirt":3,"minecraft:fishing_rod":1,"minecraft:cocoa_beans":6,"minecraft:crafting_table":22,"minecraft:azure_bluet":1,"minecraft:chicken":7,"minecraft:clay_ball":44,"minecraft:leather_leggings":2,"minecraft:shield":1,"minecraft:cornflower":80,"minecraft:oak_trapdoor":8,"minecraft:flint_and_steel":1,"minecraft:blackstone":182,"minecraft:beef":323,"deep_dark_regrowth:sculk_soil":5,"minecraft:jungle_sapling":1,"minecraft:light_gray_wool":1,"tombstone:dark_marble":5,"minecraft:sugar_cane":122,"minecraft:birch_sapling":1,"minecraft:phantom_membrane":9,"minecraft:egg":8,"tombstone:ankh_of_pray":2,"minecraft:raw_iron":478,"minecraft:carrot":24,"minecraft:redstone":488,"minecraft:dark_oak_planks":37,"minecraft:arrow":40,"deep_dark_regrowth:large_infected_mushroom":7,"minecraft:beetroot_seeds":3,"minecraft:hay_block":10,"swem:alfalfa_seeds":80,"minecraft:pink_tulip":16,"tombstone:essence_of_undeath":1,"deep_dark_regrowth:sculk_bone":22,"minecraft:glow_berries":30,"minecraft:mutton":82,"minecraft:rail":1,"minecraft:white_wool":44,"minecraft:oxeye_daisy":1,"swem:timothy_seeds":99,"minecraft:glow_ink_sac":16,"minecraft:salmon":31,"minecraft:leather":204,"minecraft:oak_log":69,"securitycraft:keypad_chest":7,"minecraft:cobbled_deepslate_stairs":1,"minecraft:gunpowder":25,"tombstone:gift":1,"minecraft:cooked_mutton":16,"deep_dark_regrowth:pulse_flower_petal":10,"minecraft:iron_ingot":6,"minecraft:stone_pickaxe":1,"deep_dark_regrowth:short_infected_mushroom":18,"tombstone:bag_of_seeds":1,"minecraft:book":7,"deep_dark_regrowth:plasma_chunk":6,"minecraft:smooth_basalt":4,"minecraft:pitcher_plant":4,"deep_dark_regrowth:apatine":10,"minecraft:dandelion":101,"minecraft:spyglass":1,"minecraft:dripstone_block":14,"minecraft:gravel":11,"minecraft:white_bed":7,"minecraft:spider_eye":10,"minecraft:diamond_shovel":1,"minecraft:slime_ball":8,"minecraft:chainmail_leggings":1,"minecraft:iron_helmet":2,"minecraft:gray_wool":4,"minecraft:baked_potato":158,"tombstone:magic_scroll":4,"minecraft:coal":1043,"minecraft:ender_pearl":3},"minecraft:mined":{"minecraft:dark_oak_planks":22,"minecraft:white_bed":6,"minecraft:farmland":46,"minecraft:cobbled_deepslate_stairs":1,"minecraft:sculk_vein":113,"minecraft:jungle_leaves":6,"deep_dark_regrowth:fluorescent_moss":11,"minecraft:cave_vines_plant":14,"minecraft:granite":5,"swem:cantazarite_ore":6,"minecraft:acacia_log":9,"minecraft:grass_block":1753,"minecraft:jungle_log":72,"deep_dark_regrowth:sculk_tendril":2,"swem:alfalfa_plant":1,"minecraft:composter":2,"minecraft:oxeye_daisy":1,"minecraft:tall_seagrass":1,"deep_dark_regrowth:vilethorn":5,"minecraft:raw_iron_block":1,"minecraft:sculk_catalyst":2,"minecraft:dark_oak_trapdoor":1,"deep_dark_regrowth:sculk_biter_on":3,"minecraft:iron_ore":304,"minecraft:cobbled_deepslate":6,"minecraft:fire":5,"minecraft:deepslate_lapis_ore":35,"minecraft:sculk_shrieker":2,"minecraft:red_tulip":74,"minecraft:pointed_dripstone":2,"minecraft:cave_vines":31,"minecraft:dirt_path":219,"minecraft:pink_tulip":10,"minecraft:deepslate_redstone_ore":107,"minecraft:jungle_door":1,"deep_dark_regrowth:sculk_biter":15,"minecraft:blackstone":118,"deep_dark_regrowth:sculk_ribs":19,"minecraft:smoker":2,"minecraft:soul_fire":4,"minecraft:torch":27,"minecraft:poppy":2,"minecraft:melon":2,"minecraft:cobblestone":52,"deep_dark_regrowth:overloaded_sculk":26,"minecraft:sugar_cane":84,"minecraft:oak_planks":1,"minecraft:wall_torch":12,"minecraft:amethyst_block":1,"minecraft:deepslate_copper_ore":1,"minecraft:wheat":517,"minecraft:orange_tulip":184,"minecraft:pitcher_plant":2,"deep_dark_regrowth:large_fernus":1,"minecraft:grass":821,"minecraft:oak_log":69,"minecraft:beetroots":3,"deep_dark_regrowth:large_infected_mushroom":7,"minecraft:dirt":308,"minecraft:smooth_basalt":2,"minecraft:oak_leaves":2,"minecraft:deepslate":335,"minecraft:diamond_ore":1,"minecraft:tuff":74,"deep_dark_regrowth:short_infected_mushroom":5,"deep_dark_regrowth:sculk_soil":20,"minecraft:dark_oak_leaves":1,"minecraft:deepslate_diamond_ore":116,"minecraft:dark_oak_log":69,"deep_dark_regrowth:sculk_sprouts":11,"minecraft:glow_lichen":1,"minecraft:jungle_planks":3,"minecraft:spruce_leaves":1,"minecraft:moss_block":1,"minecraft:rooted_dirt":3,"minecraft:hay_block":10,"minecraft:redstone_ore":5,"deep_dark_regrowth:pulse_flower_activated":2,"minecraft:oak_trapdoor":8,"minecraft:furnace":9,"minecraft:carrots":21,"minecraft:andesite":137,"deep_dark_regrowth:sculk_ribs_medium":1,"minecraft:bookshelf":2,"minecraft:potatoes":271,"minecraft:deepslate_iron_ore":176,"minecraft:cobblestone_slab":1,"minecraft:vine":10,"minecraft:bamboo":7,"minecraft:stone":1039,"minecraft:white_tulip":248,"deep_dark_regrowth:pulse_flower":8,"minecraft:redstone_wall_torch":1,"minecraft:acacia_leaves":7,"minecraft:flowering_azalea":1,"minecraft:lily_of_the_valley":12,"minecraft:dandelion":181,"deep_dark_regrowth:infected_mushroom":2,"minecraft:crafting_table":20,"minecraft:cornflower":104,"minecraft:emerald_ore":4,"minecraft:sculk_sensor":43,"minecraft:stone_slab":4,"minecraft:copper_ore":5,"minecraft:tall_grass":77,"minecraft:lapis_ore":4,"minecraft:deepslate_gold_ore":98,"minecraft:sculk":1105,"minecraft:redstone_torch":1,"minecraft:birch_leaves":2,"deep_dark_regrowth:apatine_plant":8,"minecraft:coal_ore":862,"minecraft:gravel":13,"minecraft:dripstone_block":8,"deep_dark_regrowth:sculk_biter_charge":1,"minecraft:gold_ore":14,"minecraft:fern":5}},"DataVersion":3465}