{"stats":{"minecraft:custom":{"minecraft:interact_with_furnace":33,"minecraft:mob_kills":55,"minecraft:interact_with_crafting_table":33,"minecraft:leave_game":2,"minecraft:time_since_death":22496,"minecraft:climb_one_cm":9155,"minecraft:time_since_rest":22521,"minecraft:sprint_one_cm":288849,"minecraft:damage_taken":2385,"minecraft:walk_one_cm":297706,"minecraft:damage_blocked_by_shield":1290,"minecraft:drop":26,"minecraft:damage_dealt":4604,"minecraft:swim_one_cm":76519,"minecraft:fly_one_cm":682458,"minecraft:open_chest":3,"minecraft:crouch_one_cm":118776,"minecraft:play_time":135839,"minecraft:deaths":6,"minecraft:sneak_time":34730,"minecraft:walk_under_water_one_cm":25019,"minecraft:jump":2603,"minecraft:walk_on_water_one_cm":35093,"minecraft:interact_with_smoker":8,"minecraft:total_world_time":135839,"minecraft:fall_one_cm":82933},"minecraft:mined":{"minecraft:acacia_leaves":7,"minecraft:jungle_door":1,"minecraft:deepslate_diamond_ore":9,"minecraft:smoker":1,"minecraft:jungle_leaves":6,"minecraft:crafting_table":8,"minecraft:glow_lichen":1,"swem:cantazarite_ore":3,"minecraft:granite":3,"minecraft:acacia_log":9,"minecraft:grass_block":1,"minecraft:melon":2,"minecraft:jungle_planks":3,"minecraft:jungle_log":72,"minecraft:tall_grass":6,"minecraft:copper_ore":5,"minecraft:cobblestone":3,"minecraft:deepslate_gold_ore":9,"minecraft:moss_block":1,"minecraft:rooted_dirt":3,"minecraft:furnace":4,"minecraft:iron_ore":64,"minecraft:fire":1,"minecraft:deepslate_lapis_ore":7,"minecraft:grass":44,"minecraft:oak_log":3,"minecraft:coal_ore":104,"minecraft:deepslate_iron_ore":20,"minecraft:vine":10,"minecraft:dripstone_block":3,"minecraft:gravel":2,"minecraft:dirt":4,"minecraft:bamboo":7,"minecraft:stone":256,"minecraft:oak_leaves":1,"minecraft:deepslate":12,"minecraft:fern":5},"minecraft:killed_by":{"minecraft:skeleton":1,"minecraft:zombie":3},"minecraft:crafted":{"minecraft:oak_planks":12,"minecraft:cooked_porkchop":8,"minecraft:crafting_table":7,"minecraft:wooden_pickaxe":2,"minecraft:iron_helmet":1,"minecraft:iron_sword":1,"minecraft:furnace":3,"minecraft:cooked_salmon":15,"minecraft:bucket":1,"minecraft:stone_axe":1,"minecraft:cooked_mutton":7,"minecraft:air":0,"minecraft:jungle_planks":176,"minecraft:jungle_door":6,"minecraft:iron_boots":1,"minecraft:iron_chestplate":2,"minecraft:shield":1,"minecraft:stick":58,"minecraft:iron_ingot":69,"minecraft:iron_pickaxe":1,"minecraft:stone_pickaxe":6,"minecraft:wooden_axe":2,"minecraft:stone_sword":1,"minecraft:iron_leggings":1,"minecraft:acacia_planks":12,"minecraft:torch":104,"minecraft:smoker":1},"minecraft:used":{"minecraft:cooked_mutton":6,"minecraft:stone_sword":8,"minecraft:tropical_fish":1,"minecraft:stone_pickaxe":437,"minecraft:shield":27,"minecraft:wooden_pickaxe":19,"minecraft:iron_sword":54,"minecraft:rotten_flesh":4,"minecraft:iron_chestplate":1,"minecraft:torch":94,"minecraft:crafting_table":15,"minecraft:jungle_planks":57,"minecraft:smoker":2,"minecraft:wooden_axe":97,"minecraft:lava_bucket":20,"minecraft:melon_slice":9,"minecraft:iron_pickaxe":50,"minecraft:iron_helmet":1,"minecraft:stone_axe":36,"minecraft:cobblestone":107,"minecraft:cooked_porkchop":5,"minecraft:furnace":5,"minecraft:jungle_door":8,"minecraft:bucket":20},"minecraft:killed":{"minecraft:pig":5,"minecraft:salmon":16,"minecraft:spider":1,"minecraft:sheep":14,"minecraft:skeleton":6,"minecraft:zombie":5,"minecraft:chicken":7},"minecraft:picked_up":{"minecraft:cocoa_beans":6,"swem:timothy_seeds":5,"minecraft:crafting_table":8,"minecraft:feather":7,"minecraft:chicken":7,"minecraft:salmon":15,"minecraft:clay_ball":28,"minecraft:glow_ink_sac":16,"minecraft:jungle_log":71,"minecraft:smoker":1,"minecraft:oak_log":3,"minecraft:lapis_lazuli":39,"minecraft:string":1,"minecraft:dirt":5,"minecraft:raw_copper":15,"minecraft:cooked_mutton":12,"minecraft:bone":3,"minecraft:wheat_seeds":13,"minecraft:cobbled_deepslate":8,"minecraft:raw_gold":7,"minecraft:iron_ingot":6,"minecraft:jungle_sapling":1,"minecraft:iron_pickaxe":1,"minecraft:bamboo":13,"minecraft:melon_slice":9,"swem:oat_seeds":5,"minecraft:egg":4,"minecraft:furnace":4,"minecraft:raw_iron":82,"minecraft:jungle_door":2,"minecraft:cooked_porkchop":5,"minecraft:dripstone_block":3,"swem:cantazarite":12,"minecraft:acacia_log":9,"minecraft:gravel":2,"minecraft:porkchop":8,"minecraft:jungle_planks":3,"minecraft:pointed_dripstone":1,"minecraft:spider_eye":2,"minecraft:arrow":3,"minecraft:rotten_flesh":6,"minecraft:tropical_fish":1,"minecraft:diamond":9,"minecraft:iron_helmet":1,"swem:alfalfa_seeds":3,"minecraft:granite":1,"minecraft:bone_meal":2,"minecraft:gray_wool":2,"minecraft:rooted_dirt":3,"minecraft:mutton":14,"minecraft:coal":154,"minecraft:white_wool":11,"minecraft:cobblestone":255},"minecraft:dropped":{"minecraft:iron_ingot":15,"minecraft:wheat_seeds":9,"minecraft:glow_ink_sac":14,"minecraft:cocoa_beans":6,"minecraft:rotten_flesh":2,"minecraft:cobblestone":3,"minecraft:cooked_mutton":3,"minecraft:arrow":1,"minecraft:iron_pickaxe":1,"swem:oat_seeds":1},"minecraft:broken":{"minecraft:stone_pickaxe":2,"minecraft:wooden_axe":2}},"DataVersion":3465}