{"stats":{"minecraft:killed_by":{"minecraft:creeper":1,"minecraft:zombie":3,"minecraft:player":1,"minecraft:skeleton":1},"minecraft:dropped":{"minecraft:lapis_lazuli":45,"minecraft:glow_ink_sac":14,"minecraft:diamond":58,"minecraft:crafting_table":1,"minecraft:cooked_porkchop":8,"minecraft:orange_tulip":32,"minecraft:jungle_planks":3,"minecraft:rail":1,"minecraft:flint":1,"minecraft:dirt":8,"minecraft:cornflower":37,"minecraft:bone_meal":3,"minecraft:iron_pickaxe":1,"swem:oat_seeds":36,"minecraft:bone":8,"minecraft:gravel":3,"minecraft:white_tulip":101,"minecraft:blackstone":65,"minecraft:cobbled_deepslate":113,"minecraft:wheat":2,"minecraft:birch_sapling":1,"minecraft:pointed_dripstone":6,"swem:alfalfa_seeds":30,"minecraft:rotten_flesh":47,"minecraft:oak_planks":8,"minecraft:diamond_shovel":1,"minecraft:cooked_mutton":3,"swem:timothy_seeds":36,"minecraft:leather_boots":5,"minecraft:arrow":9,"minecraft:egg":8,"minecraft:iron_ingot":137,"minecraft:wheat_seeds":177,"minecraft:dripstone_block":14,"minecraft:iron_helmet":1,"minecraft:cobblestone":4,"minecraft:granite":1,"minecraft:chainmail_helmet":1,"minecraft:coal":1,"tombstone:ankh_of_pray":1,"minecraft:stick":6,"minecraft:gray_wool":2,"minecraft:torch":1,"tombstone:grave_dust":2,"minecraft:chainmail_leggings":1,"minecraft:string":9,"minecraft:pink_tulip":6,"minecraft:smooth_basalt":4,"minecraft:dandelion":23,"minecraft:redstone":8,"minecraft:oak_trapdoor":8,"minecraft:raw_copper":8,"minecraft:cocoa_beans":6,"minecraft:tuff":36,"minecraft:composter":1,"minecraft:raw_iron":1,"minecraft:light_gray_wool":1,"minecraft:stone_slab":3,"swem:cantazarite":28,"minecraft:flint_and_steel":1,"minecraft:lily_of_the_valley":2,"minecraft:cobblestone_slab":1,"minecraft:stone":2,"minecraft:iron_chestplate":1,"minecraft:andesite":25,"minecraft:golden_sword":2,"minecraft:bow":1,"minecraft:stone_pickaxe":2,"minecraft:red_tulip":26},"minecraft:killed":{"minecraft:witch":1,"minecraft:spider":17,"minecraft:skeleton":27,"minecraft:chicken":8,"realmrpg_demons:chort":8,"minecraft:pig":11,"minecraft:zombie_villager":1,"minecraft:salmon":16,"minecraft:creeper":7,"minecraft:sheep":45,"minecraft:zombie":48,"minecraft:cow":9,"minecraft:phantom":1,"minecraft:drowned":1,"minecraft:bat":1},"minecraft:custom":{"minecraft:animals_bred":62,"minecraft:interact_with_crafting_table":125,"minecraft:leave_game":12,"minecraft:time_since_death":57696,"minecraft:sprint_one_cm":1849383,"minecraft:damage_blocked_by_shield":6090,"minecraft:drop":239,"minecraft:talked_to_villager":11,"minecraft:play_time":681722,"minecraft:deaths":9,"minecraft:jump":14197,"minecraft:walk_on_water_one_cm":129299,"minecraft:interact_with_furnace":141,"minecraft:sleep_in_bed":13,"minecraft:damage_dealt":29352,"minecraft:player_kills":1,"minecraft:crouch_one_cm":405517,"tombstone:undead_killed":67,"minecraft:interact_with_smoker":75,"minecraft:mob_kills":206,"minecraft:climb_one_cm":9781,"minecraft:walk_one_cm":1878755,"minecraft:damage_dealt_absorbed":237,"minecraft:sneak_time":105750,"minecraft:walk_under_water_one_cm":88639,"minecraft:interact_with_blast_furnace":12,"minecraft:total_world_time":681722,"tombstone:raider_killed":2,"tombstone:pray_on_grave":1,"minecraft:time_since_rest":57444,"minecraft:damage_taken":12714,"minecraft:swim_one_cm":127605,"minecraft:fly_one_cm":3018721,"minecraft:open_chest":154,"minecraft:fall_one_cm":513020},"minecraft:crafted":{"minecraft:oak_planks":144,"minecraft:smooth_stone":14,"minecraft:cobblestone_slab":6,"minecraft:cooked_chicken":7,"minecraft:stone":22,"securitycraft:keypad_item":1,"minecraft:diamond_shovel":2,"minecraft:heavy_weighted_pressure_plate":1,"minecraft:cooked_mutton":41,"minecraft:bow":1,"minecraft:iron_boots":3,"minecraft:chest":10,"securitycraft:briefcase":1,"minecraft:raw_iron_block":7,"minecraft:smoker":2,"minecraft:cooked_porkchop":17,"minecraft:crafting_table":11,"minecraft:baked_potato":13,"minecraft:wooden_pickaxe":2,"minecraft:iron_helmet":3,"minecraft:string":16,"minecraft:iron_chestplate":4,"minecraft:diamond_pickaxe":1,"minecraft:shield":3,"minecraft:stick":150,"minecraft:iron_ingot":271,"minecraft:iron_pickaxe":6,"minecraft:stone_sword":1,"minecraft:gold_ingot":52,"minecraft:shears":1,"minecraft:raw_iron":63,"minecraft:furnace":4,"minecraft:stone_button":8,"minecraft:blast_furnace":1,"minecraft:dark_oak_trapdoor":4,"minecraft:iron_axe":3,"securitycraft:universal_block_remover":1,"minecraft:iron_hoe":1,"minecraft:stone_pickaxe":6,"minecraft:dark_oak_planks":12,"minecraft:wheat":90,"minecraft:cooked_beef":33,"minecraft:diamond_sword":1,"minecraft:enchanting_table":1,"minecraft:iron_sword":1,"minecraft:cooked_salmon":15,"securitycraft:taser":1,"minecraft:bucket":2,"minecraft:stone_axe":1,"minecraft:jungle_planks":176,"minecraft:air":0,"minecraft:jungle_door":6,"minecraft:wooden_axe":2,"minecraft:iron_leggings":3,"minecraft:white_bed":1,"minecraft:acacia_planks":20,"minecraft:torch":248},"minecraft:mined":{"minecraft:dark_oak_planks":22,"minecraft:white_bed":6,"minecraft:farmland":45,"minecraft:jungle_leaves":6,"minecraft:cave_vines_plant":14,"minecraft:granite":4,"swem:cantazarite_ore":6,"minecraft:acacia_log":9,"minecraft:grass_block":1751,"minecraft:jungle_log":72,"swem:alfalfa_plant":1,"minecraft:composter":2,"minecraft:oxeye_daisy":1,"minecraft:dark_oak_trapdoor":1,"minecraft:iron_ore":226,"minecraft:cobbled_deepslate":4,"minecraft:fire":5,"minecraft:deepslate_lapis_ore":35,"minecraft:red_tulip":70,"minecraft:pointed_dripstone":2,"minecraft:cave_vines":31,"minecraft:dirt_path":219,"minecraft:pink_tulip":9,"minecraft:deepslate_redstone_ore":90,"minecraft:jungle_door":1,"minecraft:blackstone":118,"minecraft:smoker":2,"minecraft:torch":23,"minecraft:poppy":2,"minecraft:melon":2,"minecraft:cobblestone":43,"minecraft:sugar_cane":22,"minecraft:oak_planks":1,"minecraft:wall_torch":10,"minecraft:amethyst_block":1,"minecraft:deepslate_copper_ore":1,"minecraft:wheat":124,"minecraft:orange_tulip":181,"minecraft:grass":782,"minecraft:oak_log":69,"minecraft:beetroots":3,"minecraft:dirt":300,"minecraft:smooth_basalt":2,"minecraft:oak_leaves":2,"minecraft:deepslate":280,"minecraft:diamond_ore":1,"minecraft:tuff":35,"minecraft:dark_oak_leaves":1,"minecraft:deepslate_diamond_ore":103,"minecraft:dark_oak_log":28,"minecraft:glow_lichen":1,"minecraft:jungle_planks":3,"minecraft:moss_block":1,"minecraft:rooted_dirt":3,"minecraft:hay_block":10,"minecraft:redstone_ore":5,"minecraft:oak_trapdoor":8,"minecraft:furnace":9,"minecraft:carrots":21,"minecraft:andesite":45,"minecraft:potatoes":36,"minecraft:deepslate_iron_ore":157,"minecraft:cobblestone_slab":1,"minecraft:vine":10,"minecraft:bamboo":7,"minecraft:stone":864,"minecraft:white_tulip":244,"minecraft:redstone_wall_torch":1,"minecraft:acacia_leaves":7,"minecraft:flowering_azalea":1,"minecraft:lily_of_the_valley":12,"minecraft:dandelion":180,"minecraft:crafting_table":20,"minecraft:cornflower":103,"minecraft:emerald_ore":2,"minecraft:stone_slab":4,"minecraft:tall_grass":58,"minecraft:copper_ore":5,"minecraft:lapis_ore":4,"minecraft:deepslate_gold_ore":98,"minecraft:redstone_torch":1,"minecraft:birch_leaves":2,"minecraft:coal_ore":473,"minecraft:gravel":13,"minecraft:dripstone_block":7,"minecraft:gold_ore":14,"minecraft:fern":5},"minecraft:used":{"minecraft:chest":10,"minecraft:shield":118,"minecraft:iron_sword":54,"minecraft:rotten_flesh":8,"minecraft:iron_chestplate":1,"securitycraft:keypad_item":1,"minecraft:jungle_planks":57,"minecraft:carrot":27,"minecraft:lava_bucket":20,"minecraft:iron_helmet":1,"minecraft:furnace":9,"minecraft:potato":31,"minecraft:oak_planks":23,"minecraft:stone_pickaxe":636,"minecraft:blackstone":4,"minecraft:wooden_pickaxe":24,"minecraft:sugar_cane":22,"minecraft:glow_berries":33,"minecraft:dark_oak_trapdoor":5,"minecraft:blast_furnace":1,"securitycraft:universal_block_remover":1,"minecraft:redstone_torch":1,"minecraft:melon_slice":9,"minecraft:bread":3,"minecraft:diamond_sword":97,"minecraft:andesite":13,"securitycraft:briefcase":5,"minecraft:enchanting_table":1,"minecraft:stone_sword":8,"minecraft:white_tulip":1,"minecraft:tropical_fish":2,"minecraft:cooked_salmon":15,"minecraft:cooked_chicken":7,"minecraft:torch":286,"minecraft:dirt":1911,"minecraft:spyglass":24,"swem:alfalfa_seeds":1,"minecraft:granite":4,"minecraft:iron_hoe":191,"minecraft:wooden_axe":97,"tombstone:ankh_of_pray":6,"minecraft:red_tulip":2,"minecraft:iron_axe":406,"tombstone:gift":8,"minecraft:cooked_beef":41,"minecraft:cobbled_deepslate":140,"minecraft:cooked_mutton":51,"minecraft:wheat_seeds":152,"minecraft:water_bucket":85,"minecraft:amethyst_block":2,"minecraft:bundle":2,"minecraft:baked_potato":18,"minecraft:cobblestone_slab":6,"minecraft:leather_boots":1,"minecraft:crafting_table":31,"minecraft:white_bed":7,"minecraft:smoker":4,"minecraft:diamond_pickaxe":701,"minecraft:diamond_shovel":2273,"minecraft:iron_pickaxe":1303,"minecraft:stone_axe":78,"minecraft:cobblestone":431,"minecraft:cooked_porkchop":15,"minecraft:jungle_door":8,"minecraft:bucket":106},"minecraft:picked_up":{"minecraft:wheat":111,"minecraft:stone_slab":3,"minecraft:enchanted_book":1,"minecraft:golden_sword":2,"minecraft:amethyst_block":2,"minecraft:raw_copper":15,"minecraft:string":11,"minecraft:dark_oak_trapdoor":1,"minecraft:cobbled_deepslate":307,"minecraft:white_tulip":159,"minecraft:redstone_torch":2,"minecraft:cobblestone_slab":1,"minecraft:iron_pickaxe":1,"minecraft:melon_slice":9,"minecraft:furnace":9,"minecraft:stick":3,"minecraft:jungle_door":2,"minecraft:composter":3,"minecraft:acacia_log":9,"minecraft:torch":49,"minecraft:porkchop":28,"minecraft:pointed_dripstone":6,"tombstone:grave_dust":6,"minecraft:rotten_flesh":62,"minecraft:tropical_fish":2,"minecraft:red_tulip":56,"minecraft:obsidian":4,"minecraft:cobblestone":857,"minecraft:feather":8,"minecraft:cooked_beef":30,"minecraft:andesite":38,"minecraft:jungle_log":71,"minecraft:smoker":2,"minecraft:potato":109,"minecraft:flint":1,"minecraft:tuff":36,"minecraft:lapis_lazuli":246,"minecraft:dirt":2322,"minecraft:leather_boots":5,"minecraft:bone":16,"minecraft:bow":2,"minecraft:wheat_seeds":408,"minecraft:orange_tulip":115,"minecraft:raw_gold":107,"minecraft:bamboo":13,"swem:oat_seeds":45,"minecraft:oak_planks":6,"minecraft:cooked_porkchop":6,"swem:cantazarite":35,"minecraft:jungle_planks":6,"minecraft:lily_of_the_valley":2,"minecraft:dark_oak_log":27,"minecraft:bundle":2,"minecraft:diamond":105,"minecraft:granite":6,"minecraft:bone_meal":4,"minecraft:emerald":2,"minecraft:chainmail_helmet":1,"minecraft:bread":3,"minecraft:rooted_dirt":3,"minecraft:cocoa_beans":6,"minecraft:crafting_table":21,"minecraft:chicken":7,"minecraft:clay_ball":44,"minecraft:shield":1,"minecraft:cornflower":80,"minecraft:oak_trapdoor":8,"minecraft:flint_and_steel":1,"minecraft:blackstone":182,"minecraft:beef":17,"minecraft:jungle_sapling":1,"minecraft:light_gray_wool":1,"tombstone:dark_marble":5,"minecraft:sugar_cane":31,"minecraft:birch_sapling":1,"minecraft:egg":8,"tombstone:ankh_of_pray":1,"minecraft:raw_iron":382,"minecraft:carrot":24,"minecraft:redstone":412,"minecraft:dark_oak_planks":33,"minecraft:arrow":19,"minecraft:beetroot_seeds":3,"minecraft:hay_block":10,"swem:alfalfa_seeds":80,"minecraft:pink_tulip":14,"minecraft:rail":1,"minecraft:glow_berries":30,"minecraft:mutton":81,"minecraft:white_wool":44,"minecraft:oxeye_daisy":1,"swem:timothy_seeds":91,"minecraft:glow_ink_sac":16,"minecraft:salmon":15,"minecraft:leather":11,"minecraft:oak_log":69,"securitycraft:keypad_chest":1,"minecraft:gunpowder":6,"minecraft:cooked_mutton":16,"minecraft:iron_ingot":6,"minecraft:stone_pickaxe":1,"minecraft:book":1,"minecraft:smooth_basalt":4,"minecraft:dandelion":98,"minecraft:spyglass":1,"minecraft:dripstone_block":14,"minecraft:gravel":10,"minecraft:white_bed":7,"minecraft:spider_eye":5,"minecraft:diamond_shovel":1,"minecraft:chainmail_leggings":1,"minecraft:iron_helmet":2,"minecraft:gray_wool":3,"minecraft:baked_potato":40,"tombstone:magic_scroll":1,"minecraft:coal":579},"minecraft:broken":{"minecraft:iron_boots":1,"minecraft:iron_leggings":1,"minecraft:stone_pickaxe":3,"minecraft:diamond_shovel":1,"minecraft:stone_axe":1,"minecraft:wooden_axe":2,"minecraft:shield":3,"minecraft:iron_axe":2,"minecraft:iron_pickaxe":5,"minecraft:iron_helmet":1}},"DataVersion":3465}