{"stats":{"minecraft:crafted":{"minecraft:oak_planks":112,"minecraft:raw_iron":63,"minecraft:cobblestone_slab":6,"minecraft:cooked_chicken":7,"minecraft:furnace":3,"minecraft:cooked_mutton":18,"minecraft:iron_boots":2,"minecraft:iron_axe":2,"minecraft:stone_pickaxe":6,"minecraft:chest":8,"minecraft:raw_iron_block":7,"minecraft:smoker":1,"minecraft:cooked_porkchop":17,"minecraft:crafting_table":9,"minecraft:wooden_pickaxe":2,"minecraft:iron_helmet":2,"minecraft:iron_sword":1,"minecraft:cooked_salmon":15,"minecraft:bucket":2,"minecraft:stone_axe":1,"minecraft:air":0,"minecraft:jungle_planks":176,"minecraft:jungle_door":6,"minecraft:iron_chestplate":3,"minecraft:shield":2,"minecraft:stick":90,"minecraft:iron_ingot":194,"minecraft:iron_pickaxe":4,"minecraft:wooden_axe":2,"minecraft:stone_sword":1,"minecraft:iron_leggings":2,"minecraft:white_bed":1,"minecraft:acacia_planks":20,"minecraft:torch":192},"minecraft:killed":{"minecraft:spider":6,"minecraft:phantom":1,"minecraft:skeleton":13,"minecraft:chicken":8,"realmrpg_demons:chort":1,"minecraft:drowned":1,"minecraft:pig":11,"minecraft:salmon":16,"minecraft:bat":1,"minecraft:creeper":1,"minecraft:sheep":32,"minecraft:zombie":23},"minecraft:dropped":{"minecraft:iron_ingot":15,"minecraft:wheat_seeds":12,"minecraft:glow_ink_sac":14,"minecraft:diamond":4,"minecraft:dripstone_block":14,"minecraft:cooked_porkchop":8,"minecraft:cobblestone":4,"minecraft:granite":1,"minecraft:jungle_planks":3,"minecraft:chainmail_helmet":1,"minecraft:gray_wool":2,"minecraft:bone_meal":3,"minecraft:iron_pickaxe":1,"minecraft:string":1,"swem:oat_seeds":9,"minecraft:smooth_basalt":4,"minecraft:gravel":2,"minecraft:blackstone":65,"minecraft:cobbled_deepslate":79,"minecraft:raw_copper":8,"minecraft:cocoa_beans":6,"minecraft:tuff":25,"minecraft:raw_iron":1,"minecraft:pointed_dripstone":6,"swem:alfalfa_seeds":8,"minecraft:rotten_flesh":31,"minecraft:stone_slab":1,"minecraft:cooked_mutton":3,"swem:timothy_seeds":5,"minecraft:cobblestone_slab":1,"minecraft:leather_boots":4,"minecraft:golden_sword":2,"minecraft:arrow":1,"minecraft:stone_pickaxe":2,"minecraft:egg":8},"minecraft:mined":{"minecraft:diamond_ore":1,"minecraft:tuff":24,"minecraft:white_bed":3,"minecraft:deepslate_diamond_ore":69,"minecraft:jungle_leaves":6,"minecraft:cave_vines_plant":14,"minecraft:glow_lichen":1,"minecraft:granite":4,"swem:cantazarite_ore":4,"minecraft:acacia_log":9,"minecraft:grass_block":8,"minecraft:jungle_planks":3,"minecraft:jungle_log":72,"minecraft:moss_block":1,"minecraft:oxeye_daisy":1,"minecraft:rooted_dirt":3,"minecraft:furnace":6,"minecraft:carrots":19,"minecraft:iron_ore":121,"minecraft:fire":4,"minecraft:deepslate_lapis_ore":13,"minecraft:potatoes":8,"minecraft:red_tulip":28,"minecraft:cave_vines":31,"minecraft:pointed_dripstone":2,"minecraft:cobblestone_slab":1,"minecraft:deepslate_iron_ore":89,"minecraft:vine":10,"minecraft:bamboo":7,"minecraft:white_tulip":127,"minecraft:stone":355,"minecraft:deepslate_redstone_ore":2,"minecraft:acacia_leaves":7,"minecraft:flowering_azalea":1,"minecraft:jungle_door":1,"minecraft:blackstone":118,"minecraft:lily_of_the_valley":4,"minecraft:smoker":2,"minecraft:dandelion":132,"minecraft:cornflower":16,"minecraft:torch":3,"minecraft:crafting_table":17,"minecraft:poppy":2,"minecraft:melon":2,"minecraft:tall_grass":41,"minecraft:copper_ore":5,"minecraft:cobblestone":30,"minecraft:deepslate_gold_ore":54,"minecraft:wall_torch":5,"minecraft:amethyst_block":1,"minecraft:wheat":19,"minecraft:orange_tulip":135,"minecraft:grass":410,"minecraft:oak_log":69,"minecraft:coal_ore":183,"minecraft:beetroots":3,"minecraft:gravel":2,"minecraft:dripstone_block":7,"minecraft:dirt":5,"minecraft:smooth_basalt":2,"minecraft:gold_ore":9,"minecraft:oak_leaves":2,"minecraft:deepslate":168,"minecraft:fern":5},"minecraft:used":{"minecraft:stone_sword":8,"minecraft:tropical_fish":2,"minecraft:chest":8,"minecraft:shield":69,"minecraft:iron_sword":54,"minecraft:cooked_salmon":15,"minecraft:cooked_chicken":7,"minecraft:rotten_flesh":8,"minecraft:iron_chestplate":1,"minecraft:torch":173,"minecraft:spyglass":10,"minecraft:jungle_planks":57,"minecraft:granite":4,"minecraft:wooden_axe":97,"minecraft:lava_bucket":20,"minecraft:iron_axe":191,"minecraft:iron_helmet":1,"minecraft:furnace":7,"tombstone:gift":2,"minecraft:cobbled_deepslate":64,"minecraft:cooked_mutton":28,"minecraft:water_bucket":33,"minecraft:amethyst_block":2,"minecraft:bundle":2,"minecraft:stone_pickaxe":636,"minecraft:blackstone":4,"minecraft:wooden_pickaxe":24,"minecraft:cobblestone_slab":6,"minecraft:leather_boots":1,"minecraft:glow_berries":33,"minecraft:crafting_table":25,"minecraft:white_bed":3,"minecraft:smoker":3,"minecraft:bread":3,"minecraft:melon_slice":9,"minecraft:iron_pickaxe":619,"minecraft:stone_axe":78,"minecraft:cobblestone":307,"minecraft:cooked_porkchop":12,"minecraft:jungle_door":8,"minecraft:bucket":53},"minecraft:picked_up":{"minecraft:cocoa_beans":6,"minecraft:crafting_table":17,"minecraft:wheat":1,"minecraft:chicken":7,"minecraft:clay_ball":44,"minecraft:stone_slab":1,"minecraft:shield":1,"minecraft:golden_sword":2,"minecraft:amethyst_block":2,"minecraft:cornflower":10,"minecraft:raw_copper":15,"minecraft:string":3,"minecraft:blackstone":182,"minecraft:cobbled_deepslate":189,"minecraft:beef":1,"minecraft:white_tulip":39,"minecraft:cobblestone_slab":1,"minecraft:jungle_sapling":1,"minecraft:iron_pickaxe":1,"minecraft:melon_slice":9,"minecraft:egg":8,"minecraft:furnace":6,"minecraft:raw_iron":209,"minecraft:jungle_door":2,"minecraft:torch":14,"minecraft:acacia_log":9,"minecraft:porkchop":28,"tombstone:grave_dust":2,"minecraft:pointed_dripstone":6,"minecraft:carrot":18,"minecraft:redstone":9,"minecraft:dark_oak_planks":11,"minecraft:rotten_flesh":42,"minecraft:arrow":12,"minecraft:tropical_fish":2,"minecraft:beetroot_seeds":3,"minecraft:red_tulip":28,"swem:alfalfa_seeds":45,"minecraft:obsidian":4,"minecraft:glow_berries":30,"minecraft:mutton":63,"minecraft:cobblestone":362,"minecraft:white_wool":33,"minecraft:oxeye_daisy":1,"swem:timothy_seeds":49,"minecraft:feather":8,"minecraft:glow_ink_sac":16,"minecraft:jungle_log":71,"minecraft:salmon":15,"minecraft:leather":2,"minecraft:potato":10,"minecraft:smoker":2,"minecraft:tuff":25,"minecraft:oak_log":69,"minecraft:lapis_lazuli":84,"minecraft:dirt":12,"minecraft:cooked_mutton":16,"minecraft:leather_boots":4,"minecraft:bone":10,"minecraft:orange_tulip":67,"minecraft:wheat_seeds":36,"minecraft:raw_gold":59,"minecraft:stone_pickaxe":1,"minecraft:iron_ingot":6,"minecraft:bamboo":13,"swem:oat_seeds":12,"minecraft:smooth_basalt":4,"minecraft:cooked_porkchop":6,"minecraft:dandelion":67,"minecraft:spyglass":1,"swem:cantazarite":21,"minecraft:gravel":2,"minecraft:dripstone_block":14,"minecraft:jungle_planks":6,"minecraft:white_bed":3,"minecraft:spider_eye":3,"minecraft:bundle":1,"minecraft:diamond":72,"minecraft:iron_helmet":1,"minecraft:granite":6,"minecraft:bone_meal":4,"minecraft:gray_wool":3,"minecraft:bread":3,"minecraft:chainmail_helmet":1,"minecraft:rooted_dirt":3,"tombstone:magic_scroll":1,"minecraft:coal":236},"minecraft:killed_by":{"minecraft:skeleton":1,"minecraft:zombie":3},"minecraft:broken":{"minecraft:stone_pickaxe":3,"minecraft:shield":1,"minecraft:iron_axe":1,"minecraft:stone_axe":1,"minecraft:iron_pickaxe":2,"minecraft:wooden_axe":2},"minecraft:custom":{"minecraft:mob_kills":117,"minecraft:interact_with_crafting_table":64,"minecraft:leave_game":4,"minecraft:time_since_death":207588,"minecraft:climb_one_cm":9658,"minecraft:sprint_one_cm":842381,"minecraft:walk_one_cm":697469,"minecraft:damage_blocked_by_shield":3615,"minecraft:drop":91,"minecraft:damage_dealt_absorbed":157,"minecraft:talked_to_villager":9,"minecraft:play_time":320931,"minecraft:deaths":6,"minecraft:sneak_time":67630,"minecraft:walk_under_water_one_cm":46050,"minecraft:jump":6534,"minecraft:walk_on_water_one_cm":75406,"minecraft:total_world_time":320931,"minecraft:interact_with_furnace":77,"tombstone:raider_killed":1,"minecraft:sleep_in_bed":4,"minecraft:time_since_rest":4291,"minecraft:damage_taken":5945,"minecraft:damage_dealt":14209,"minecraft:player_kills":1,"minecraft:swim_one_cm":102932,"minecraft:fly_one_cm":1494690,"minecraft:open_chest":22,"minecraft:crouch_one_cm":229547,"tombstone:undead_killed":27,"minecraft:interact_with_smoker":35,"minecraft:fall_one_cm":300311}},"DataVersion":3465}