{"stats":{"minecraft:killed":{"minecraft:witch":3,"minecraft:spider":34,"minecraft:skeleton":47,"minecraft:chicken":8,"realmrpg_demons:chort":31,"minecraft:pig":11,"minecraft:zombie_villager":2,"minecraft:salmon":16,"minecraft:creeper":25,"minecraft:sheep":48,"minecraft:zombie":92,"minecraft:cow":35,"minecraft:phantom":14,"minecraft:drowned":2,"minecraft:rabbit":1,"minecraft:bat":1,"minecraft:enderman":5},"minecraft:custom":{"minecraft:animals_bred":244,"minecraft:open_barrel":10,"minecraft:interact_with_crafting_table":148,"minecraft:leave_game":15,"minecraft:time_since_death":167510,"minecraft:sprint_one_cm":2548406,"minecraft:damage_blocked_by_shield":6090,"minecraft:drop":313,"minecraft:talked_to_villager":11,"minecraft:play_time":927718,"minecraft:deaths":10,"minecraft:jump":19021,"minecraft:walk_on_water_one_cm":164535,"minecraft:enchant_item":4,"minecraft:interact_with_furnace":202,"minecraft:sleep_in_bed":14,"minecraft:damage_dealt":59299,"minecraft:player_kills":1,"minecraft:crouch_one_cm":478175,"tombstone:undead_killed":146,"minecraft:interact_with_smoker":186,"minecraft:mob_kills":381,"minecraft:climb_one_cm":9781,"minecraft:walk_one_cm":2554393,"minecraft:damage_dealt_absorbed":393,"minecraft:sneak_time":124947,"minecraft:walk_under_water_one_cm":134821,"minecraft:interact_with_blast_furnace":40,"minecraft:total_world_time":927718,"tombstone:raider_killed":17,"tombstone:pray_on_grave":3,"minecraft:time_since_rest":166673,"minecraft:damage_taken":18601,"minecraft:swim_one_cm":140404,"minecraft:fly_one_cm":4028865,"minecraft:open_chest":390,"minecraft:fall_one_cm":734220},"minecraft:killed_by":{"minecraft:creeper":1,"minecraft:zombie":4,"minecraft:player":1,"minecraft:skeleton":1},"minecraft:used":{"minecraft:chest":10,"minecraft:shield":118,"minecraft:iron_sword":54,"minecraft:stone":15,"minecraft:rotten_flesh":8,"minecraft:iron_chestplate":1,"securitycraft:keypad_item":1,"minecraft:jungle_planks":57,"minecraft:carrot":27,"minecraft:lava_bucket":20,"minecraft:iron_helmet":1,"minecraft:furnace":9,"minecraft:potato":293,"minecraft:oak_planks":23,"minecraft:stone_pickaxe":636,"minecraft:blackstone":4,"minecraft:wooden_pickaxe":24,"minecraft:sugar_cane":27,"minecraft:glow_berries":33,"minecraft:dark_oak_trapdoor":5,"minecraft:blast_furnace":1,"securitycraft:universal_block_remover":1,"minecraft:cobbled_deepslate_stairs":189,"minecraft:redstone_torch":2,"minecraft:dark_oak_log":2,"minecraft:melon_slice":9,"minecraft:bread":3,"minecraft:diamond_sword":703,"minecraft:andesite":36,"securitycraft:briefcase":7,"minecraft:enchanting_table":1,"minecraft:stone_sword":8,"minecraft:white_tulip":1,"minecraft:tropical_fish":2,"minecraft:cooked_salmon":15,"minecraft:cooked_chicken":7,"minecraft:torch":318,"minecraft:dirt":1974,"minecraft:spyglass":64,"swem:alfalfa_seeds":1,"minecraft:granite":4,"minecraft:iron_hoe":193,"minecraft:wooden_axe":97,"tombstone:ankh_of_pray":23,"minecraft:bookshelf":4,"minecraft:red_tulip":2,"minecraft:iron_axe":406,"minecraft:pitcher_plant":4,"tombstone:gift":10,"minecraft:cooked_beef":88,"minecraft:cobbled_deepslate":140,"minecraft:cooked_mutton":51,"minecraft:wheat_seeds":544,"minecraft:water_bucket":202,"minecraft:amethyst_block":2,"minecraft:bundle":2,"minecraft:baked_potato":70,"minecraft:cobblestone_slab":6,"minecraft:leather_boots":1,"minecraft:crafting_table":31,"minecraft:white_bed":7,"minecraft:smoker":7,"tombstone:bag_of_seeds":2,"minecraft:diamond_pickaxe":1327,"minecraft:diamond_shovel":2273,"minecraft:iron_pickaxe":1311,"minecraft:stone_axe":78,"minecraft:fishing_rod":31,"minecraft:cobblestone":434,"minecraft:cooked_porkchop":15,"minecraft:jungle_door":8,"minecraft:bucket":223,"minecraft:diamond_leggings":1},"minecraft:crafted":{"minecraft:smooth_stone":14,"minecraft:oak_planks":192,"minecraft:cobblestone_slab":6,"minecraft:cooked_chicken":7,"minecraft:stone":38,"securitycraft:keypad_item":1,"minecraft:diamond_shovel":2,"minecraft:bookshelf":4,"minecraft:heavy_weighted_pressure_plate":1,"minecraft:cooked_mutton":41,"minecraft:glass":24,"minecraft:diamond_helmet":1,"minecraft:bow":1,"minecraft:diamond_leggings":1,"minecraft:iron_boots":3,"minecraft:chest":10,"securitycraft:briefcase":1,"tombstone:book_of_magic_impregnation":1,"minecraft:raw_iron_block":7,"minecraft:smoker":6,"minecraft:cooked_porkchop":17,"minecraft:crafting_table":11,"minecraft:baked_potato":507,"minecraft:wooden_pickaxe":2,"minecraft:iron_helmet":3,"minecraft:string":16,"minecraft:iron_chestplate":4,"minecraft:book":12,"minecraft:paper":75,"minecraft:diamond_pickaxe":2,"minecraft:shield":3,"minecraft:stick":198,"minecraft:iron_ingot":497,"minecraft:iron_pickaxe":6,"minecraft:stone_sword":1,"minecraft:gold_ingot":120,"minecraft:shears":1,"minecraft:raw_iron":63,"minecraft:fishing_rod":4,"minecraft:furnace":11,"minecraft:stone_button":8,"minecraft:blast_furnace":1,"minecraft:dark_oak_trapdoor":4,"minecraft:iron_axe":3,"securitycraft:universal_block_remover":1,"minecraft:iron_hoe":1,"minecraft:stone_pickaxe":6,"minecraft:diamond_boots":1,"minecraft:cobbled_deepslate_stairs":188,"minecraft:dark_oak_planks":12,"minecraft:wheat":90,"minecraft:cooked_beef":192,"minecraft:diamond_sword":1,"minecraft:enchanting_table":1,"minecraft:iron_sword":1,"minecraft:cooked_salmon":15,"tombstone:ankh_of_pray":1,"securitycraft:taser":1,"minecraft:bucket":2,"minecraft:stone_axe":1,"minecraft:jungle_planks":176,"minecraft:air":0,"minecraft:jungle_door":6,"minecraft:wooden_axe":2,"minecraft:iron_leggings":3,"minecraft:white_bed":1,"minecraft:acacia_planks":20,"minecraft:torch":344,"minecraft:diamond_chestplate":1},"minecraft:broken":{"minecraft:iron_boots":1,"minecraft:iron_leggings":1,"minecraft:stone_pickaxe":3,"minecraft:diamond_shovel":1,"minecraft:stone_axe":1,"minecraft:wooden_axe":2,"minecraft:fishing_rod":1,"minecraft:shield":3,"minecraft:iron_axe":2,"minecraft:iron_pickaxe":5,"minecraft:iron_helmet":1},"minecraft:dropped":{"minecraft:lapis_lazuli":45,"minecraft:oak_log":1,"minecraft:glow_ink_sac":14,"minecraft:diamond":58,"minecraft:crafting_table":1,"minecraft:cooked_porkchop":8,"minecraft:orange_tulip":36,"minecraft:jungle_planks":3,"minecraft:rail":1,"minecraft:flint":1,"minecraft:emerald":2,"minecraft:dirt":19,"minecraft:dark_oak_log":23,"minecraft:cornflower":37,"minecraft:bone_meal":3,"minecraft:phantom_membrane":2,"minecraft:iron_pickaxe":2,"swem:oat_seeds":44,"minecraft:bone":16,"minecraft:gravel":4,"minecraft:white_tulip":104,"minecraft:blackstone":65,"minecraft:cobbled_deepslate":116,"minecraft:wheat":5,"minecraft:birch_sapling":1,"minecraft:pointed_dripstone":6,"swem:alfalfa_seeds":30,"minecraft:rotten_flesh":74,"minecraft:oak_planks":10,"minecraft:diamond_shovel":1,"minecraft:cooked_mutton":3,"minecraft:azure_bluet":1,"swem:timothy_seeds":44,"minecraft:leather_boots":5,"minecraft:leather_leggings":1,"minecraft:arrow":20,"minecraft:egg":8,"minecraft:iron_ingot":137,"minecraft:wheat_seeds":420,"minecraft:dripstone_block":14,"minecraft:poisonous_potato":1,"minecraft:iron_helmet":2,"minecraft:cobblestone":9,"minecraft:granite":1,"minecraft:chainmail_helmet":1,"minecraft:coal":1,"tombstone:ankh_of_pray":1,"minecraft:stick":21,"minecraft:gray_wool":2,"minecraft:torch":34,"tombstone:grave_dust":2,"minecraft:iron_leggings":1,"minecraft:chainmail_leggings":1,"minecraft:string":21,"minecraft:pink_tulip":8,"minecraft:smooth_basalt":4,"minecraft:dandelion":26,"minecraft:redstone":8,"minecraft:oak_trapdoor":8,"minecraft:stone_sword":1,"minecraft:raw_copper":8,"minecraft:cocoa_beans":7,"minecraft:tuff":36,"minecraft:composter":1,"minecraft:raw_iron":1,"minecraft:light_gray_wool":1,"minecraft:iron_boots":1,"minecraft:iron_hoe":1,"minecraft:stone_slab":3,"swem:cantazarite":28,"minecraft:flint_and_steel":1,"minecraft:lily_of_the_valley":2,"minecraft:cobblestone_slab":1,"minecraft:stone":3,"minecraft:diamond_pickaxe":2,"minecraft:iron_chestplate":2,"minecraft:andesite":50,"minecraft:golden_sword":2,"minecraft:bow":2,"minecraft:stone_pickaxe":2,"minecraft:red_tulip":28},"minecraft:picked_up":{"minecraft:wheat":508,"minecraft:stone_slab":3,"minecraft:enchanted_book":1,"minecraft:golden_sword":2,"minecraft:amethyst_block":2,"minecraft:string":27,"minecraft:dark_oak_trapdoor":1,"minecraft:raw_copper":15,"minecraft:cobbled_deepslate":307,"minecraft:white_tulip":162,"minecraft:redstone_torch":2,"minecraft:cobblestone_slab":1,"minecraft:iron_pickaxe":1,"minecraft:melon_slice":9,"minecraft:furnace":9,"minecraft:stick":3,"minecraft:jungle_door":2,"minecraft:composter":3,"minecraft:torch":50,"minecraft:acacia_log":9,"minecraft:porkchop":28,"minecraft:pointed_dripstone":6,"tombstone:grave_dust":26,"minecraft:stone_sword":1,"minecraft:rotten_flesh":85,"minecraft:tropical_fish":2,"minecraft:red_tulip":58,"minecraft:obsidian":4,"minecraft:cobblestone":976,"minecraft:feather":8,"minecraft:cooked_beef":30,"minecraft:andesite":128,"minecraft:jungle_log":71,"minecraft:smoker":2,"minecraft:potato":781,"minecraft:flint":1,"minecraft:tuff":36,"minecraft:lapis_lazuli":246,"minecraft:dirt":2332,"minecraft:leather_boots":5,"minecraft:bone":24,"minecraft:bow":3,"minecraft:wheat_seeds":1262,"minecraft:orange_tulip":119,"minecraft:raw_gold":107,"minecraft:bamboo":13,"swem:oat_seeds":53,"minecraft:pitcher_pod":2,"minecraft:oak_planks":6,"minecraft:cooked_porkchop":6,"swem:cantazarite":35,"minecraft:poisonous_potato":1,"minecraft:jungle_planks":6,"minecraft:lily_of_the_valley":2,"minecraft:dark_oak_log":28,"minecraft:bundle":2,"minecraft:iron_hoe":1,"minecraft:diamond":105,"minecraft:granite":6,"minecraft:bone_meal":5,"minecraft:emerald":4,"minecraft:chainmail_helmet":1,"minecraft:bread":3,"minecraft:rooted_dirt":3,"minecraft:cocoa_beans":6,"minecraft:crafting_table":22,"minecraft:azure_bluet":1,"minecraft:chicken":7,"minecraft:clay_ball":44,"minecraft:leather_leggings":1,"minecraft:shield":1,"minecraft:cornflower":80,"minecraft:oak_trapdoor":8,"minecraft:flint_and_steel":1,"minecraft:blackstone":182,"minecraft:beef":30,"minecraft:jungle_sapling":1,"minecraft:light_gray_wool":1,"tombstone:dark_marble":5,"minecraft:sugar_cane":122,"minecraft:birch_sapling":1,"minecraft:phantom_membrane":4,"minecraft:egg":8,"tombstone:ankh_of_pray":1,"minecraft:raw_iron":447,"minecraft:carrot":24,"minecraft:redstone":412,"minecraft:dark_oak_planks":33,"minecraft:arrow":36,"minecraft:beetroot_seeds":3,"minecraft:hay_block":10,"swem:alfalfa_seeds":80,"minecraft:pink_tulip":16,"minecraft:glow_berries":30,"minecraft:mutton":81,"minecraft:rail":1,"minecraft:white_wool":44,"minecraft:oxeye_daisy":1,"swem:timothy_seeds":99,"minecraft:glow_ink_sac":16,"minecraft:salmon":15,"minecraft:leather":68,"minecraft:oak_log":69,"securitycraft:keypad_chest":1,"minecraft:cobbled_deepslate_stairs":1,"minecraft:gunpowder":22,"tombstone:gift":1,"minecraft:cooked_mutton":16,"minecraft:iron_ingot":6,"minecraft:stone_pickaxe":1,"tombstone:bag_of_seeds":1,"minecraft:book":7,"minecraft:smooth_basalt":4,"minecraft:pitcher_plant":4,"minecraft:dandelion":101,"minecraft:spyglass":1,"minecraft:dripstone_block":14,"minecraft:gravel":11,"minecraft:white_bed":7,"minecraft:spider_eye":8,"minecraft:diamond_shovel":1,"minecraft:chainmail_leggings":1,"minecraft:iron_helmet":2,"minecraft:gray_wool":3,"minecraft:baked_potato":40,"tombstone:magic_scroll":3,"minecraft:coal":926,"minecraft:ender_pearl":2},"minecraft:mined":{"minecraft:dark_oak_planks":22,"minecraft:white_bed":6,"minecraft:farmland":45,"minecraft:cobbled_deepslate_stairs":1,"minecraft:jungle_leaves":6,"minecraft:cave_vines_plant":14,"minecraft:granite":5,"swem:cantazarite_ore":6,"minecraft:acacia_log":9,"minecraft:grass_block":1753,"minecraft:jungle_log":72,"swem:alfalfa_plant":1,"minecraft:composter":2,"minecraft:oxeye_daisy":1,"minecraft:dark_oak_trapdoor":1,"minecraft:iron_ore":292,"minecraft:cobbled_deepslate":4,"minecraft:fire":5,"minecraft:deepslate_lapis_ore":35,"minecraft:red_tulip":74,"minecraft:pointed_dripstone":2,"minecraft:cave_vines":31,"minecraft:dirt_path":219,"minecraft:pink_tulip":10,"minecraft:deepslate_redstone_ore":90,"minecraft:jungle_door":1,"minecraft:blackstone":118,"minecraft:smoker":2,"minecraft:torch":23,"minecraft:poppy":2,"minecraft:melon":2,"minecraft:cobblestone":52,"minecraft:sugar_cane":84,"minecraft:oak_planks":1,"minecraft:wall_torch":11,"minecraft:amethyst_block":1,"minecraft:deepslate_copper_ore":1,"minecraft:wheat":517,"minecraft:orange_tulip":184,"minecraft:pitcher_plant":2,"minecraft:grass":821,"minecraft:oak_log":69,"minecraft:beetroots":3,"minecraft:dirt":305,"minecraft:smooth_basalt":2,"minecraft:oak_leaves":2,"minecraft:deepslate":280,"minecraft:diamond_ore":1,"minecraft:tuff":35,"minecraft:dark_oak_leaves":1,"minecraft:deepslate_diamond_ore":103,"minecraft:dark_oak_log":29,"minecraft:glow_lichen":1,"minecraft:jungle_planks":3,"minecraft:spruce_leaves":1,"minecraft:moss_block":1,"minecraft:rooted_dirt":3,"minecraft:hay_block":10,"minecraft:redstone_ore":5,"minecraft:oak_trapdoor":8,"minecraft:furnace":9,"minecraft:carrots":21,"minecraft:andesite":128,"minecraft:bookshelf":2,"minecraft:potatoes":271,"minecraft:deepslate_iron_ore":157,"minecraft:cobblestone_slab":1,"minecraft:vine":10,"minecraft:bamboo":7,"minecraft:stone":979,"minecraft:white_tulip":248,"minecraft:redstone_wall_torch":1,"minecraft:acacia_leaves":7,"minecraft:flowering_azalea":1,"minecraft:lily_of_the_valley":12,"minecraft:dandelion":181,"minecraft:crafting_table":20,"minecraft:cornflower":104,"minecraft:emerald_ore":4,"minecraft:stone_slab":4,"minecraft:tall_grass":77,"minecraft:copper_ore":5,"minecraft:lapis_ore":4,"minecraft:deepslate_gold_ore":98,"minecraft:redstone_torch":1,"minecraft:birch_leaves":2,"minecraft:coal_ore":827,"minecraft:gravel":13,"minecraft:dripstone_block":7,"minecraft:gold_ore":14,"minecraft:fern":5}},"DataVersion":3465}