{"stats":{"minecraft:custom":{"minecraft:animals_bred":324,"minecraft:interact_with_crafting_table":207,"minecraft:open_barrel":26,"minecraft:leave_game":24,"minecraft:time_since_death":332182,"minecraft:sprint_one_cm":3861215,"minecraft:damage_blocked_by_shield":6090,"minecraft:drop":674,"minecraft:talked_to_villager":143,"minecraft:play_time":1652831,"minecraft:deaths":16,"minecraft:jump":28908,"minecraft:walk_on_water_one_cm":235578,"minecraft:enchant_item":14,"minecraft:interact_with_furnace":223,"minecraft:traded_with_villager":82,"tombstone:trade_grave_guardian":4,"minecraft:sleep_in_bed":22,"tombstone:sneak_grave":1,"minecraft:damage_dealt":115030,"minecraft:player_kills":1,"minecraft:crouch_one_cm":982555,"tombstone:undead_killed":238,"minecraft:interact_with_smoker":256,"minecraft:horse_one_cm":128,"minecraft:interact_with_anvil":23,"minecraft:mob_kills":899,"minecraft:climb_one_cm":12343,"vampirism:amount_bitten":11,"minecraft:walk_one_cm":3783426,"tombstone:consume_soul":2,"vampirism:skills_unlocked":1,"minecraft:damage_dealt_absorbed":393,"minecraft:sneak_time":227709,"minecraft:walk_under_water_one_cm":191696,"minecraft:interact_with_blast_furnace":43,"minecraft:total_world_time":1652831,"vampirism:blood_drunk":4300,"tombstone:raider_killed":29,"tombstone:exorcism":1,"minecraft:interact_with_grindstone":2,"tombstone:pray_on_grave":4,"minecraft:time_since_rest":144294,"minecraft:damage_taken":29581,"minecraft:swim_one_cm":207736,"minecraft:fly_one_cm":5922801,"minecraft:open_chest":697,"tombstone:use_magic_impregnation":2,"minecraft:fish_caught":101,"minecraft:fall_one_cm":1035617},"minecraft:mined":{"minecraft:dark_oak_planks":24,"minecraft:white_bed":11,"minecraft:farmland":46,"minecraft:cobbled_deepslate_stairs":1,"minecraft:sculk_vein":362,"minecraft:jungle_leaves":7,"minecraft:potted_cactus":1,"deep_dark_regrowth:fluorescent_moss":17,"minecraft:cave_vines_plant":14,"minecraft:granite":5,"minecraft:acacia_log":9,"minecraft:grass_block":1916,"minecraft:jungle_log":72,"deep_dark_regrowth:sculk_tendril":2,"minecraft:deepslate_bricks":1,"minecraft:composter":4,"minecraft:oxeye_daisy":1,"minecraft:spawner":2,"minecraft:gilded_blackstone":4,"minecraft:tall_seagrass":1,"deep_dark_regrowth:vilethorn":9,"minecraft:raw_iron_block":1,"minecraft:sculk_catalyst":3,"minecraft:dark_oak_trapdoor":1,"minecraft:iron_ore":317,"minecraft:fire":5,"deep_dark_regrowth:sculk_biter_on":7,"minecraft:cobbled_deepslate":6,"deep_dark_regrowth:fernus":2,"minecraft:deepslate_lapis_ore":35,"minecraft:fletching_table":3,"vampirism:tent":1,"minecraft:sculk_shrieker":7,"minecraft:pointed_dripstone":2,"minecraft:red_tulip":75,"minecraft:cave_vines":31,"minecraft:dirt_path":224,"minecraft:green_carpet":1,"minecraft:pink_tulip":10,"minecraft:deepslate_redstone_ore":107,"minecraft:jungle_door":1,"deep_dark_regrowth:sculk_biter":35,"minecraft:blackstone":118,"deep_dark_regrowth:sculk_ribs":28,"minecraft:smoker":2,"minecraft:soul_fire":8,"minecraft:clay":1,"minecraft:torch":36,"minecraft:melon":2,"minecraft:poppy":2,"minecraft:dead_bush":10,"minecraft:cobblestone":57,"deep_dark_regrowth:overloaded_sculk":38,"minecraft:oak_planks":3,"minecraft:sugar_cane":154,"minecraft:wall_torch":24,"minecraft:amethyst_block":1,"minecraft:deepslate_copper_ore":1,"minecraft:white_terracotta":7,"minecraft:dark_oak_slab":1,"minecraft:wheat":673,"minecraft:orange_tulip":184,"minecraft:pitcher_plant":2,"minecraft:grass":842,"deep_dark_regrowth:large_fernus":7,"minecraft:oak_log":102,"minecraft:beetroots":3,"deep_dark_regrowth:large_infected_mushroom":9,"minecraft:sand":166,"minecraft:dirt":339,"minecraft:smooth_basalt":2,"minecraft:oak_leaves":6,"minecraft:deepslate":466,"minecraft:diamond_ore":5,"minecraft:tuff":76,"deep_dark_regrowth:short_infected_mushroom":7,"deep_dark_regrowth:sculk_soil":35,"minecraft:dark_oak_leaves":19,"minecraft:deepslate_diamond_ore":132,"minecraft:dark_oak_log":1082,"deep_dark_regrowth:sculk_sprouts":33,"minecraft:glow_lichen":1,"minecraft:dark_oak_fence":7,"minecraft:jungle_planks":3,"minecraft:rooted_dirt":3,"minecraft:spruce_leaves":1,"minecraft:moss_block":1,"minecraft:sandstone":5,"minecraft:hay_block":10,"minecraft:redstone_ore":5,"minecraft:oak_trapdoor":8,"deep_dark_regrowth:pulse_flower_activated":2,"minecraft:furnace":9,"minecraft:carrots":21,"deep_dark_regrowth:sculk_moss_4":3,"minecraft:andesite":244,"deep_dark_regrowth:sculk_ribs_medium":1,"minecraft:bookshelf":2,"minecraft:potatoes":271,"minecraft:cobblestone_slab":1,"minecraft:deepslate_iron_ore":190,"minecraft:vine":10,"minecraft:rail":1,"minecraft:stripped_oak_log":2,"minecraft:bamboo":7,"minecraft:white_tulip":251,"minecraft:stone":1711,"minecraft:redstone_wall_torch":1,"deep_dark_regrowth:pulse_flower":13,"minecraft:acacia_leaves":7,"minecraft:flowering_azalea":1,"minecraft:glass_pane":1,"minecraft:lily_of_the_valley":12,"minecraft:dandelion":182,"minecraft:smooth_sandstone":5,"deep_dark_regrowth:infected_mushroom":4,"minecraft:crafting_table":21,"minecraft:cornflower":111,"minecraft:emerald_ore":4,"minecraft:sculk_sensor":79,"minecraft:lectern":74,"minecraft:copper_ore":11,"minecraft:stone_slab":9,"minecraft:tall_grass":79,"minecraft:lapis_ore":4,"minecraft:deepslate_gold_ore":98,"minecraft:sculk":2790,"minecraft:lime_bed":1,"deep_dark_regrowth:sculk_exhaler":1,"minecraft:redstone_torch":1,"minecraft:birch_leaves":20,"deep_dark_regrowth:apatine_plant":18,"minecraft:yellow_bed":1,"minecraft:coal_ore":881,"minecraft:gravel":45,"minecraft:dripstone_block":8,"minecraft:terracotta":1,"minecraft:gold_ore":14,"deep_dark_regrowth:sculk_biter_charge":2,"minecraft:fern":5},"minecraft:used":{"minecraft:chest":24,"minecraft:white_terracotta":5,"minecraft:diamond_hoe":3180,"minecraft:iron_sword":54,"minecraft:shield":118,"minecraft:stone":15,"minecraft:rotten_flesh":8,"minecraft:iron_chestplate":1,"securitycraft:keypad_item":4,"minecraft:jungle_planks":57,"minecraft:carrot":27,"minecraft:tuff":31,"minecraft:lava_bucket":20,"minecraft:iron_helmet":1,"minecraft:dark_oak_slab":4,"minecraft:furnace":10,"minecraft:potato":293,"minecraft:diamond_boots":2,"minecraft:oak_planks":23,"minecraft:sugar_cane":28,"minecraft:stone_pickaxe":636,"minecraft:blackstone":4,"minecraft:ender_pearl":2,"minecraft:wooden_pickaxe":24,"minecraft:diamond_axe":1228,"minecraft:composter":1,"minecraft:glow_berries":33,"minecraft:dark_oak_trapdoor":5,"minecraft:blast_furnace":1,"securitycraft:universal_block_remover":7,"minecraft:cobbled_deepslate_stairs":189,"minecraft:redstone_torch":2,"minecraft:dark_oak_log":5,"minecraft:melon_slice":9,"minecraft:bread":3,"minecraft:lectern":75,"tombstone:grave_key":1,"minecraft:gravel":14,"minecraft:diamond_sword":1619,"minecraft:grindstone":1,"minecraft:dark_oak_fence":2,"minecraft:andesite":36,"securitycraft:briefcase":33,"minecraft:oak_trapdoor":1,"minecraft:stone_sword":8,"minecraft:enchanting_table":1,"minecraft:white_tulip":1,"minecraft:tropical_fish":2,"minecraft:cooked_salmon":15,"minecraft:cooked_chicken":7,"minecraft:spyglass":96,"minecraft:torch":437,"minecraft:dirt":2080,"minecraft:anvil":1,"minecraft:granite":4,"minecraft:iron_hoe":193,"minecraft:dark_oak_planks":65,"minecraft:wooden_axe":97,"tombstone:ankh_of_pray":33,"minecraft:bookshelf":4,"minecraft:red_tulip":2,"minecraft:iron_axe":406,"minecraft:smooth_sandstone":4,"minecraft:beef":2,"minecraft:pitcher_plant":4,"tombstone:gift":13,"minecraft:cooked_beef":171,"minecraft:cobbled_deepslate":227,"minecraft:wheat_seeds":699,"minecraft:cooked_mutton":51,"minecraft:water_bucket":279,"minecraft:amethyst_block":2,"minecraft:bundle":2,"minecraft:baked_potato":153,"minecraft:fletching_table":4,"minecraft:cobblestone_slab":6,"minecraft:leather_boots":1,"minecraft:crafting_table":36,"minecraft:white_bed":13,"minecraft:smoker":7,"tombstone:bag_of_seeds":2,"minecraft:diamond_pickaxe":2728,"minecraft:diamond_shovel":2619,"minecraft:iron_pickaxe":1311,"minecraft:stone_axe":78,"minecraft:fishing_rod":164,"minecraft:cobblestone":466,"minecraft:jungle_door":8,"minecraft:cooked_porkchop":15,"minecraft:bucket":300,"minecraft:diamond_leggings":1},"minecraft:killed":{"vampirism:vampire":2,"minecraft:witch":3,"minecraft:spider":47,"minecraft:skeleton":93,"deep_dark_regrowth:sculk_parasite":3,"plenty_of_golems:candle_golem":1,"minecraft:chicken":10,"minecraft:pig":11,"minecraft:zombie_villager":3,"minecraft:salmon":16,"minecraft:iron_golem":1,"minecraft:creeper":36,"vampirism:hunter":3,"minecraft:sheep":51,"minecraft:zombie":116,"minecraft:stray":7,"minecraft:cow":353,"minecraft:slime":10,"minecraft:phantom":26,"deep_dark_regrowth:annihilator":1,"minecraft:drowned":3,"minecraft:husk":1,"ancient_elements:aetherial_glaze":12,"minecraft:rabbit":2,"minecraft:bat":1,"minecraft:enderman":6},"minecraft:picked_up":{"minecraft:wheat":683,"minecraft:chainmail_boots":1,"minecraft:flower_pot":2,"minecraft:lead":8,"minecraft:diamond_sword":1,"minecraft:stone_slab":3,"minecraft:enchanted_book":9,"minecraft:golden_sword":2,"minecraft:amethyst_block":2,"minecraft:string":28,"minecraft:dark_oak_trapdoor":1,"minecraft:raw_copper":26,"minecraft:iron_leggings":2,"minecraft:pufferfish":17,"minecraft:gold_nugget":26,"minecraft:cobbled_deepslate":438,"minecraft:white_tulip":164,"minecraft:redstone_torch":2,"minecraft:cobblestone_slab":1,"minecraft:iron_pickaxe":1,"minecraft:melon_slice":9,"minecraft:furnace":9,"minecraft:tipped_arrow":1,"minecraft:stick":610,"minecraft:jungle_door":2,"minecraft:composter":5,"minecraft:torch":85,"werewolves:liver":3,"minecraft:acacia_log":9,"minecraft:porkchop":28,"tombstone:grave_dust":36,"minecraft:pointed_dripstone":6,"vampirism:vampire_fang":1,"minecraft:cactus":1,"minecraft:stone_sword":1,"vampirism:blood_bottle":9,"minecraft:rotten_flesh":118,"minecraft:tropical_fish":2,"minecraft:red_tulip":61,"minecraft:white_terracotta":6,"minecraft:obsidian":4,"minecraft:iron_bars":30,"minecraft:cod":58,"minecraft:cobblestone":1795,"minecraft:feather":12,"minecraft:cooked_beef":40,"minecraft:jungle_log":71,"minecraft:water_bucket":1,"minecraft:andesite":202,"minecraft:smoker":2,"minecraft:potato":782,"minecraft:flint":15,"minecraft:tuff":69,"deep_dark_regrowth:mossy_fluorite":185,"deep_dark_regrowth:apatine_seeds":12,"minecraft:dirt":2582,"minecraft:lapis_lazuli":261,"minecraft:leather_boots":5,"minecraft:glass":16,"minecraft:bone":56,"minecraft:bow":5,"minecraft:wheat_seeds":1904,"minecraft:orange_tulip":125,"minecraft:raw_gold":107,"minecraft:fletching_table":3,"minecraft:rabbit":2,"minecraft:bamboo":13,"minecraft:oak_planks":8,"minecraft:pitcher_pod":2,"ancient_elements:aero_charge":16,"minecraft:cooked_porkchop":6,"deep_dark_regrowth:sculk_remnants":5,"minecraft:poisonous_potato":1,"minecraft:sand":274,"minecraft:jungle_planks":6,"minecraft:lily_of_the_valley":2,"minecraft:grass_block":1,"minecraft:dark_oak_log":1184,"minecraft:bundle":5,"minecraft:iron_hoe":1,"minecraft:diamond":159,"minecraft:granite":6,"minecraft:bone_meal":5,"minecraft:chainmail_helmet":2,"minecraft:emerald":6,"minecraft:bread":3,"minecraft:rooted_dirt":3,"minecraft:dark_oak_fence":6,"minecraft:fishing_rod":1,"minecraft:cocoa_beans":6,"minecraft:crafting_table":23,"minecraft:azure_bluet":1,"minecraft:chicken":8,"minecraft:clay_ball":48,"minecraft:leather_leggings":2,"minecraft:shield":1,"minecraft:cornflower":82,"minecraft:oak_trapdoor":9,"minecraft:flint_and_steel":1,"minecraft:blackstone":182,"ancient_elements:aetherial_shard":7,"minecraft:beef":849,"deep_dark_regrowth:sculk_soil":6,"minecraft:jungle_sapling":1,"deep_dark_regrowth:plasmatic_sculk":1,"minecraft:light_gray_wool":1,"minecraft:lectern":74,"tombstone:dark_marble":5,"minecraft:sugar_cane":229,"minecraft:egg":10,"minecraft:birch_sapling":1,"minecraft:phantom_membrane":9,"deep_dark_regrowth:soul_of_the_depths":2,"minecraft:dark_oak_sapling":5,"tombstone:ankh_of_pray":2,"minecraft:raw_iron":520,"minecraft:music_disc_mellohi":1,"minecraft:carrot":24,"minecraft:redstone":488,"minecraft:dark_oak_planks":640,"minecraft:arrow":83,"minecraft:diamond_chestplate":2,"deep_dark_regrowth:large_infected_mushroom":7,"minecraft:beetroot_seeds":3,"minecraft:deepslate_bricks":1,"minecraft:hay_block":10,"minecraft:pink_tulip":16,"minecraft:gold_ingot":1,"tombstone:essence_of_undeath":1,"minecraft:mutton":82,"minecraft:glow_berries":30,"minecraft:rail":4,"minecraft:white_wool":44,"deep_dark_regrowth:sculk_bone":36,"minecraft:oxeye_daisy":1,"minecraft:stripped_oak_log":2,"vampirism:item_tent":1,"minecraft:glow_ink_sac":16,"minecraft:salmon":31,"minecraft:leather":472,"minecraft:oak_log":102,"minecraft:chainmail_chestplate":2,"minecraft:cobbled_deepslate_stairs":1,"securitycraft:keypad_chest":7,"minecraft:gunpowder":28,"tombstone:gift":1,"minecraft:cooked_mutton":16,"minecraft:smooth_sandstone":21,"minecraft:apple":2,"deep_dark_regrowth:pulse_flower_petal":18,"minecraft:rabbit_hide":1,"minecraft:iron_ingot":6,"minecraft:stone_pickaxe":1,"deep_dark_regrowth:short_infected_mushroom":20,"tombstone:bag_of_seeds":1,"minecraft:glass_bottle":3,"minecraft:iron_sword":1,"minecraft:book":7,"minecraft:sculk_catalyst":2,"deep_dark_regrowth:plasma_chunk":10,"minecraft:smooth_basalt":4,"minecraft:dark_oak_slab":2,"minecraft:pitcher_plant":4,"deep_dark_regrowth:apatine":12,"minecraft:dandelion":104,"minecraft:spyglass":1,"minecraft:dripstone_block":14,"minecraft:gravel":28,"minecraft:white_bed":12,"minecraft:green_carpet":1,"minecraft:spider_eye":10,"minecraft:leather_helmet":1,"minecraft:diamond_shovel":1,"minecraft:slime_ball":8,"minecraft:chainmail_leggings":1,"minecraft:iron_helmet":2,"minecraft:diamond_axe":1,"minecraft:gray_wool":4,"minecraft:terracotta":3,"minecraft:baked_potato":158,"tombstone:magic_scroll":6,"minecraft:coal":1097,"minecraft:ender_pearl":3},"minecraft:crafted":{"minecraft:grindstone":1,"minecraft:smooth_stone":14,"minecraft:oak_planks":324,"minecraft:cobblestone_slab":6,"minecraft:cooked_chicken":7,"minecraft:stone":38,"minecraft:diamond_shovel":2,"securitycraft:keypad_item":4,"minecraft:bookshelf":10,"minecraft:heavy_weighted_pressure_plate":4,"minecraft:cooked_mutton":41,"minecraft:iron_bars":16,"minecraft:glass":41,"minecraft:diamond_helmet":2,"minecraft:diamond_leggings":1,"minecraft:bow":1,"minecraft:iron_boots":3,"minecraft:chest":24,"securitycraft:briefcase":7,"tombstone:book_of_magic_impregnation":2,"minecraft:raw_iron_block":7,"minecraft:smoker":6,"minecraft:glass_bottle":15,"minecraft:emerald":74,"minecraft:cooked_porkchop":17,"minecraft:diamond_axe":1,"minecraft:crafting_table":15,"minecraft:wooden_pickaxe":2,"minecraft:baked_potato":507,"minecraft:iron_helmet":3,"tombstone:impregnated_diamond":2,"minecraft:fletching_table":1,"minecraft:tnt":5,"minecraft:lectern":1,"hpm:cannonball":16,"minecraft:string":16,"minecraft:dark_oak_slab":6,"minecraft:book":33,"minecraft:iron_chestplate":4,"minecraft:paper":138,"minecraft:diamond_pickaxe":4,"minecraft:shield":3,"minecraft:stick":3020,"minecraft:stone_slab":6,"minecraft:iron_ingot":524,"minecraft:iron_pickaxe":6,"minecraft:iron_block":3,"minecraft:stone_sword":1,"minecraft:gold_ingot":121,"securitycraft:sc_manual":1,"minecraft:shears":1,"minecraft:cobbled_deepslate_slab":6,"minecraft:raw_iron":63,"minecraft:fishing_rod":4,"minecraft:diamond_hoe":2,"minecraft:furnace":12,"minecraft:stone_button":32,"minecraft:blast_furnace":1,"minecraft:dark_oak_trapdoor":4,"minecraft:oak_trapdoor":2,"minecraft:dark_oak_fence":45,"minecraft:iron_axe":3,"securitycraft:universal_block_remover":1,"minecraft:iron_hoe":1,"minecraft:stone_pickaxe":6,"minecraft:diamond_boots":3,"minecraft:cobbled_deepslate_stairs":188,"minecraft:dark_oak_planks":1881,"minecraft:wheat":90,"minecraft:cooked_beef":493,"minecraft:cooked_cod":47,"tombstone:grave_dust":26,"minecraft:diamond_sword":2,"minecraft:enchanting_table":1,"minecraft:iron_sword":1,"minecraft:cooked_salmon":37,"tombstone:ankh_of_pray":1,"securitycraft:taser":1,"minecraft:bucket":2,"minecraft:stone_axe":1,"minecraft:enchanted_book":3,"minecraft:air":0,"minecraft:jungle_planks":176,"minecraft:jungle_door":6,"minecraft:wooden_axe":2,"minecraft:iron_leggings":3,"minecraft:anvil":1,"minecraft:white_bed":1,"minecraft:acacia_planks":20,"minecraft:torch":408,"hpm:hand_cannon":1,"minecraft:lapis_lazuli":9,"minecraft:lapis_block":42,"tombstone:bone_needle":2,"minecraft:diamond_chestplate":3},"minecraft:broken":{"minecraft:diamond_helmet":1,"minecraft:iron_boots":1,"minecraft:iron_leggings":1,"minecraft:stone_pickaxe":3,"minecraft:diamond_boots":2,"minecraft:diamond_shovel":1,"minecraft:stone_axe":1,"minecraft:wooden_axe":2,"minecraft:fishing_rod":1,"minecraft:diamond_hoe":1,"minecraft:shield":3,"minecraft:iron_axe":2,"minecraft:iron_pickaxe":5,"minecraft:iron_helmet":1},"minecraft:killed_by":{"minecraft:creeper":1,"minecraft:zombie":5,"minecraft:player":1,"minecraft:warden":3,"deep_dark_regrowth:annihilator":2,"minecraft:skeleton":1},"minecraft:dropped":{"minecraft:iron_sword":1,"minecraft:diamond_axe":1,"minecraft:lapis_lazuli":60,"minecraft:oak_log":1,"minecraft:baked_potato":217,"minecraft:glow_ink_sac":14,"minecraft:glass_bottle":10,"minecraft:ender_pearl":1,"minecraft:diamond":101,"minecraft:crafting_table":2,"minecraft:dark_oak_sapling":2,"minecraft:cooked_porkchop":8,"minecraft:dark_oak_slab":1,"minecraft:orange_tulip":42,"minecraft:leather":124,"minecraft:jungle_planks":3,"vampirism:item_tent":1,"minecraft:rail":4,"minecraft:leather_helmet":1,"minecraft:emerald":4,"minecraft:flint":2,"minecraft:dirt":100,"minecraft:dark_oak_log":129,"minecraft:cornflower":39,"minecraft:cooked_cod":47,"minecraft:gold_nugget":17,"minecraft:bone_meal":3,"minecraft:phantom_membrane":5,"minecraft:sand":146,"minecraft:iron_pickaxe":2,"minecraft:dark_oak_planks":777,"minecraft:fishing_rod":1,"minecraft:gold_ingot":2,"minecraft:bone":36,"minecraft:gravel":4,"minecraft:white_tulip":106,"minecraft:blackstone":65,"deep_dark_regrowth:soul_of_the_depths":1,"minecraft:cobbled_deepslate":160,"minecraft:wheat":26,"minecraft:birch_sapling":1,"minecraft:pointed_dripstone":6,"minecraft:rotten_flesh":97,"minecraft:oak_planks":14,"vampirism:blood_bottle":1,"minecraft:diamond_shovel":1,"minecraft:cooked_mutton":3,"minecraft:azure_bluet":1,"deep_dark_regrowth:sculk_remnants":2,"minecraft:chainmail_chestplate":2,"minecraft:rabbit_hide":1,"deep_dark_regrowth:sculk_soil":6,"minecraft:tipped_arrow":1,"minecraft:gunpowder":1,"minecraft:beetroot_seeds":3,"minecraft:leather_boots":5,"minecraft:chainmail_boots":2,"minecraft:leather_leggings":3,"minecraft:iron_bars":45,"minecraft:arrow":38,"minecraft:glass":2,"minecraft:beef":144,"deep_dark_regrowth:mossy_fluorite":57,"minecraft:egg":10,"minecraft:water_bucket":1,"minecraft:enchanted_book":8,"minecraft:iron_ingot":137,"deep_dark_regrowth:large_infected_mushroom":3,"minecraft:wheat_seeds":912,"minecraft:dripstone_block":14,"minecraft:poisonous_potato":1,"minecraft:feather":4,"minecraft:iron_helmet":2,"minecraft:cobblestone":576,"minecraft:apple":2,"minecraft:granite":1,"deep_dark_regrowth:short_infected_mushroom":7,"minecraft:chainmail_helmet":3,"minecraft:grass_block":1,"minecraft:coal":101,"tombstone:ankh_of_pray":2,"deep_dark_regrowth:pulse_flower_petal":6,"minecraft:stick":1180,"minecraft:gray_wool":2,"minecraft:torch":46,"minecraft:sculk_catalyst":2,"minecraft:rabbit":2,"tombstone:grave_dust":2,"minecraft:green_carpet":1,"minecraft:iron_leggings":4,"minecraft:pumpkin":23,"minecraft:iron_axe":1,"minecraft:chainmail_leggings":1,"minecraft:string":22,"minecraft:smooth_sandstone":17,"deep_dark_regrowth:apatine_seeds":12,"minecraft:pink_tulip":16,"minecraft:redstone":20,"deep_dark_regrowth:apatine":4,"minecraft:smooth_basalt":4,"minecraft:dandelion":34,"minecraft:oak_trapdoor":10,"deep_dark_regrowth:sculk_bone":5,"minecraft:stone_sword":1,"minecraft:cocoa_beans":7,"minecraft:raw_copper":19,"minecraft:tuff":38,"minecraft:raw_iron":41,"minecraft:composter":2,"minecraft:chicken":1,"minecraft:light_gray_wool":1,"minecraft:clay_ball":4,"minecraft:iron_boots":1,"minecraft:iron_hoe":1,"minecraft:stripped_oak_log":2,"minecraft:stone_slab":8,"minecraft:white_terracotta":1,"minecraft:pumpkin_seeds":16,"minecraft:flint_and_steel":1,"minecraft:lily_of_the_valley":2,"minecraft:deepslate_bricks":1,"minecraft:diamond_sword":1,"minecraft:cobblestone_slab":1,"minecraft:potato":1,"minecraft:stone":43,"minecraft:flower_pot":2,"minecraft:diamond_chestplate":2,"ancient_elements:aero_charge":4,"minecraft:bundle":2,"minecraft:diamond_pickaxe":2,"minecraft:iron_chestplate":2,"minecraft:andesite":124,"minecraft:golden_sword":2,"minecraft:spider_eye":2,"minecraft:bow":5,"minecraft:stone_pickaxe":2,"minecraft:red_tulip":31,"minecraft:calcite":1,"minecraft:terracotta":3}},"DataVersion":3465}