{"stats":{"minecraft:custom":{"minecraft:jump":51,"minecraft:time_since_rest":1284,"minecraft:damage_dealt":15,"minecraft:crouch_one_cm":254,"minecraft:leave_game":2,"minecraft:play_time":1284,"minecraft:sprint_one_cm":2276,"minecraft:damage_taken":60,"minecraft:time_since_death":1284,"minecraft:walk_one_cm":4425,"minecraft:sneak_time":40,"minecraft:total_world_time":1284,"minecraft:fall_one_cm":2190,"minecraft:fly_one_cm":4335},"minecraft:mined":{"minecraft:birch_leaves":2,"minecraft:oak_leaves":5}},"DataVersion":3465}