{"stats":{"minecraft:custom":{"minecraft:interact_with_furnace":26,"minecraft:mob_kills":3,"minecraft:interact_with_crafting_table":18,"minecraft:leave_game":1,"minecraft:time_since_death":14852,"minecraft:climb_one_cm":2059,"minecraft:time_since_rest":14876,"minecraft:sprint_one_cm":46327,"minecraft:damage_taken":876,"minecraft:walk_one_cm":63571,"minecraft:drop":1,"minecraft:damage_dealt":887,"minecraft:swim_one_cm":3336,"minecraft:fly_one_cm":112110,"minecraft:open_chest":4,"minecraft:crouch_one_cm":13530,"minecraft:play_time":31202,"minecraft:deaths":2,"minecraft:sneak_time":6200,"minecraft:walk_under_water_one_cm":6881,"minecraft:jump":613,"minecraft:walk_on_water_one_cm":6415,"minecraft:total_world_time":31202,"minecraft:fall_one_cm":16600},"minecraft:mined":{"minecraft:oak_slab":1,"minecraft:acacia_leaves":6,"minecraft:clay":5,"minecraft:crafting_table":2,"minecraft:torch":1,"minecraft:cave_vines_plant":1,"minecraft:acacia_log":4,"minecraft:grass_block":1,"minecraft:copper_ore":2,"minecraft:deepslate_gold_ore":21,"minecraft:oak_planks":3,"minecraft:moss_block":12,"minecraft:furnace":2,"minecraft:iron_ore":6,"minecraft:cobbled_deepslate":3,"minecraft:moss_carpet":7,"minecraft:deepslate_lapis_ore":8,"minecraft:grass":4,"minecraft:oak_log":6,"minecraft:coal_ore":14,"minecraft:cave_vines":1,"minecraft:deepslate_iron_ore":35,"minecraft:oak_stairs":2,"minecraft:stripped_oak_log":11,"minecraft:stone":30,"minecraft:gold_ore":6,"minecraft:oak_leaves":4,"minecraft:deepslate":9},"minecraft:killed_by":{"minecraft:skeleton":1,"minecraft:zombie":1},"minecraft:crafted":{"minecraft:oak_planks":68,"minecraft:crafting_table":1,"minecraft:iron_helmet":1,"minecraft:wooden_pickaxe":1,"minecraft:furnace":1,"minecraft:air":0,"minecraft:iron_boots":1,"minecraft:iron_chestplate":1,"minecraft:shield":1,"minecraft:iron_axe":1,"minecraft:stick":12,"minecraft:iron_ingot":26,"minecraft:iron_pickaxe":1,"minecraft:stone_pickaxe":2,"minecraft:iron_leggings":1},"minecraft:used":{"minecraft:moss_block":7,"minecraft:moss_carpet":2,"minecraft:tropical_fish":2,"minecraft:stone_pickaxe":82,"minecraft:wooden_pickaxe":18,"minecraft:iron_sword":12,"minecraft:clay":5,"minecraft:leather_boots":1,"minecraft:rotten_flesh":6,"minecraft:iron_chestplate":1,"minecraft:glow_berries":7,"minecraft:dirt":1,"minecraft:crafting_table":3,"minecraft:iron_axe":4,"minecraft:iron_pickaxe":38,"minecraft:iron_helmet":1,"minecraft:cobblestone":14,"minecraft:furnace":2,"minecraft:cooked_porkchop":1,"minecraft:cobbled_deepslate":5},"minecraft:killed":{"minecraft:zombie_villager":1,"minecraft:zombie":2},"minecraft:picked_up":{"minecraft:stripped_oak_log":11,"minecraft:iron_chestplate":1,"swem:timothy_seeds":1,"minecraft:crafting_table":2,"minecraft:clay_ball":20,"minecraft:glow_ink_sac":15,"minecraft:oak_stairs":2,"minecraft:oak_log":6,"minecraft:lapis_lazuli":56,"minecraft:dirt":1,"minecraft:moss_carpet":9,"minecraft:raw_copper":8,"minecraft:leather_boots":1,"minecraft:cobbled_deepslate":12,"minecraft:raw_gold":27,"minecraft:iron_ingot":11,"minecraft:stone_pickaxe":1,"minecraft:iron_pickaxe":1,"minecraft:moss_block":12,"minecraft:oak_planks":3,"minecraft:iron_sword":2,"minecraft:furnace":2,"minecraft:oak_slab":1,"minecraft:raw_iron":41,"minecraft:cooked_porkchop":2,"minecraft:torch":1,"minecraft:acacia_log":4,"minecraft:rotten_flesh":6,"minecraft:tropical_fish":3,"minecraft:glow_berries":4,"minecraft:coal":14,"minecraft:cobblestone":30},"minecraft:dropped":{"swem:timothy_seeds":1}},"DataVersion":3465}