{"stats":{"minecraft:killed_by":{"minecraft:player":1,"minecraft:skeleton":2,"minecraft:zombie":8},"minecraft:dropped":{"minecraft:iron_ingot":44,"minecraft:bread":3,"minecraft:wheat_seeds":2,"minecraft:diamond":3,"minecraft:crafting_table":1,"minecraft:dripstone_block":1,"minecraft:book":1,"minecraft:iron_helmet":2,"minecraft:cobblestone":3,"minecraft:glow_berries":6,"minecraft:granite":1,"minecraft:rail":94,"minecraft:chainmail_helmet":1,"minecraft:coal":1,"minecraft:dirt":1,"minecraft:cornflower":4,"tombstone:grave_dust":12,"minecraft:iron_leggings":2,"swem:star_worm":10,"minecraft:bone_meal":2,"minecraft:iron_pickaxe":1,"minecraft:smooth_stone":1,"minecraft:string":57,"swem:oat_seeds":2,"minecraft:redstone":16,"minecraft:bone":14,"minecraft:gravel":4,"minecraft:furnace":1,"minecraft:blackstone":139,"minecraft:stone_sword":1,"minecraft:cobbled_deepslate":68,"minecraft:raw_copper":16,"minecraft:tuff":2,"minecraft:pointed_dripstone":1,"minecraft:wheat":1,"minecraft:rotten_flesh":15,"minecraft:oak_planks":41,"minecraft:iron_boots":2,"swem:shining_amethyst_shard":4,"minecraft:pumpkin_seeds":3,"swem:cantazarite":14,"swem:timothy_seeds":1,"minecraft:gunpowder":1,"minecraft:iron_chestplate":3,"minecraft:beetroot_seeds":4,"minecraft:leather_boots":1,"securitycraft:briefcase":1,"minecraft:spider_eye":1,"tombstone:essence_of_undeath":1,"minecraft:arrow":7,"minecraft:stone_pickaxe":1},"minecraft:killed":{"minecraft:cave_spider":2,"minecraft:spider":16,"minecraft:skeleton":28,"realmrpg_demons:chort":3,"minecraft:zombie_villager":1,"minecraft:creeper":15,"swem:swem_horse":1,"minecraft:zombie":75,"minecraft:enderman":2},"minecraft:custom":{"minecraft:mob_kills":147,"minecraft:interact_with_crafting_table":58,"minecraft:leave_game":4,"minecraft:time_since_death":17818,"minecraft:climb_one_cm":2946,"minecraft:sprint_one_cm":704700,"minecraft:walk_one_cm":547879,"minecraft:damage_blocked_by_shield":2400,"minecraft:drop":98,"minecraft:damage_dealt_absorbed":80,"minecraft:play_time":278349,"minecraft:deaths":13,"minecraft:sneak_time":37278,"minecraft:walk_under_water_one_cm":42913,"minecraft:jump":5435,"minecraft:interact_with_blast_furnace":4,"minecraft:walk_on_water_one_cm":87030,"minecraft:total_world_time":278349,"minecraft:interact_with_furnace":60,"minecraft:sleep_in_bed":2,"minecraft:time_since_rest":17667,"minecraft:damage_taken":7488,"minecraft:damage_dealt":28297,"minecraft:swim_one_cm":74963,"minecraft:fly_one_cm":982678,"minecraft:open_chest":93,"minecraft:crouch_one_cm":104449,"tombstone:undead_killed":101,"minecraft:interact_with_smoker":2,"minecraft:fall_one_cm":131439},"minecraft:crafted":{"securitycraft:mine":3,"minecraft:smooth_stone":1,"minecraft:oak_planks":68,"minecraft:furnace":1,"minecraft:stone_button":24,"minecraft:stone":16,"minecraft:bone_meal":69,"securitycraft:keypad_item":3,"minecraft:heavy_weighted_pressure_plate":3,"minecraft:glass_pane":16,"minecraft:glass":6,"minecraft:hopper":1,"minecraft:diamond_helmet":1,"minecraft:bow":1,"minecraft:diamond_leggings":1,"minecraft:iron_boots":2,"minecraft:iron_axe":2,"securitycraft:universal_block_remover":1,"minecraft:stone_pickaxe":2,"securitycraft:briefcase":2,"minecraft:chest":3,"minecraft:diamond_boots":1,"minecraft:redstone_block":8,"minecraft:wheat":91,"minecraft:diamond_sword":1,"minecraft:crafting_table":2,"minecraft:wooden_pickaxe":1,"minecraft:iron_helmet":2,"minecraft:iron_sword":1,"securitycraft:taser":1,"securitycraft:cobblestone_mine":2,"minecraft:bread":33,"minecraft:air":0,"minecraft:white_wool":1,"minecraft:iron_chestplate":4,"minecraft:shield":2,"minecraft:white_dye":1,"minecraft:stick":76,"minecraft:iron_ingot":168,"minecraft:iron_pickaxe":5,"minecraft:iron_block":3,"minecraft:iron_leggings":3,"minecraft:gold_ingot":20,"minecraft:white_bed":1,"minecraft:shears":1,"minecraft:diamond_chestplate":1},"minecraft:mined":{"minecraft:tuff":18,"minecraft:white_bed":1,"minecraft:deepslate_diamond_ore":48,"minecraft:jungle_leaves":1,"minecraft:cave_vines_plant":50,"minecraft:granite":8,"swem:cantazarite_ore":1,"minecraft:acacia_log":4,"minecraft:grass_block":2,"minecraft:moss_block":13,"minecraft:spawner":2,"minecraft:hay_block":11,"minecraft:tall_seagrass":1,"minecraft:furnace":3,"minecraft:iron_ore":144,"minecraft:cobbled_deepslate":20,"minecraft:andesite":3,"minecraft:moss_carpet":7,"minecraft:deepslate_lapis_ore":8,"minecraft:pointed_dripstone":1,"minecraft:potatoes":37,"minecraft:cave_vines":63,"minecraft:deepslate_iron_ore":112,"minecraft:rail":39,"minecraft:oak_stairs":2,"minecraft:stripped_oak_log":11,"minecraft:azalea":1,"minecraft:stone":47,"minecraft:deepslate_redstone_ore":16,"minecraft:oak_slab":1,"minecraft:acacia_leaves":6,"minecraft:blackstone":200,"minecraft:medium_amethyst_bud":1,"minecraft:amethyst_cluster":7,"minecraft:clay":6,"minecraft:crafting_table":11,"minecraft:torch":1,"minecraft:calcite":1,"minecraft:chest":1,"minecraft:copper_ore":2,"swem:star_worm_cobble":5,"minecraft:tall_grass":2,"minecraft:lapis_ore":8,"swem:shining_amethyst_cluster":1,"minecraft:deepslate_gold_ore":21,"minecraft:oak_planks":120,"minecraft:amethyst_block":4,"minecraft:big_dripleaf":1,"minecraft:seagrass":3,"minecraft:grass":8,"minecraft:oak_log":6,"minecraft:coal_ore":26,"minecraft:sand":30,"minecraft:gravel":3,"minecraft:dripstone_block":1,"minecraft:cobweb":52,"minecraft:smooth_basalt":6,"minecraft:gold_ore":6,"minecraft:oak_leaves":4,"minecraft:deepslate":439},"minecraft:used":{"minecraft:moss_block":7,"minecraft:moss_carpet":2,"minecraft:tropical_fish":19,"minecraft:chest":3,"minecraft:shield":43,"minecraft:iron_sword":232,"minecraft:rotten_flesh":65,"minecraft:iron_chestplate":1,"minecraft:torch":1,"minecraft:dirt":1,"securitycraft:keypad_item":3,"minecraft:granite":7,"minecraft:iron_axe":210,"minecraft:iron_helmet":1,"minecraft:iron_boots":1,"minecraft:bow":8,"minecraft:furnace":2,"tombstone:gift":8,"minecraft:egg":1,"minecraft:potato":121,"minecraft:cobbled_deepslate":251,"minecraft:calcite":1,"minecraft:amethyst_block":3,"minecraft:baked_potato":10,"minecraft:stone_pickaxe":120,"minecraft:wooden_pickaxe":18,"minecraft:clay":5,"minecraft:leather_boots":2,"securitycraft:cobblestone_mine":2,"minecraft:glow_berries":116,"minecraft:crafting_table":11,"securitycraft:universal_block_remover":2,"minecraft:white_bed":2,"tombstone:bag_of_seeds":6,"minecraft:bread":28,"minecraft:iron_pickaxe":1091,"tombstone:grave_key":1,"minecraft:diamond_sword":196,"minecraft:cobblestone":37,"minecraft:cooked_porkchop":5,"minecraft:andesite":5,"securitycraft:briefcase":4,"minecraft:bone_meal":66},"minecraft:picked_up":{"minecraft:crafting_table":12,"minecraft:iron_chestplate":6,"minecraft:wheat":11,"minecraft:clay_ball":20,"minecraft:oak_stairs":2,"minecraft:enchanted_book":2,"minecraft:shield":1,"minecraft:amethyst_block":3,"minecraft:cornflower":4,"minecraft:string":135,"minecraft:moss_carpet":9,"minecraft:raw_copper":16,"minecraft:iron_leggings":1,"minecraft:blackstone":149,"minecraft:smooth_stone":1,"minecraft:cobbled_deepslate":474,"minecraft:calcite":1,"minecraft:iron_pickaxe":4,"minecraft:chest":1,"minecraft:furnace":4,"minecraft:egg":1,"minecraft:raw_iron":253,"minecraft:torch":2,"minecraft:acacia_log":4,"minecraft:pointed_dripstone":1,"tombstone:grave_dust":31,"minecraft:redstone":94,"minecraft:stone_sword":1,"minecraft:arrow":34,"minecraft:rotten_flesh":87,"minecraft:tropical_fish":20,"minecraft:hay_block":11,"tombstone:essence_of_undeath":2,"minecraft:glow_berries":88,"minecraft:rail":88,"minecraft:white_wool":2,"minecraft:cobblestone":47,"minecraft:stripped_oak_log":11,"swem:timothy_seeds":1,"minecraft:glow_ink_sac":17,"minecraft:andesite":10,"swem:star_worm":10,"minecraft:potato":144,"minecraft:tuff":2,"minecraft:oak_log":6,"minecraft:chainmail_chestplate":1,"securitycraft:keypad_chest":2,"minecraft:gunpowder":10,"minecraft:lapis_lazuli":150,"minecraft:dirt":3,"tombstone:gift":1,"minecraft:leather_boots":2,"minecraft:bone":54,"minecraft:bow":4,"minecraft:wheat_seeds":2,"minecraft:raw_gold":27,"minecraft:iron_ingot":168,"minecraft:stone_pickaxe":1,"tombstone:bag_of_seeds":3,"minecraft:pitcher_pod":2,"swem:oat_seeds":2,"minecraft:moss_block":12,"minecraft:iron_sword":2,"minecraft:oak_planks":161,"minecraft:book":1,"minecraft:oak_slab":1,"minecraft:cooked_porkchop":6,"minecraft:torchflower_seeds":2,"minecraft:poisonous_potato":1,"swem:cantazarite":35,"minecraft:dripstone_block":1,"minecraft:gravel":4,"minecraft:sand":30,"minecraft:amethyst_shard":28,"minecraft:white_bed":1,"minecraft:spider_eye":4,"minecraft:pumpkin_seeds":3,"swem:shining_amethyst_shard":8,"minecraft:bundle":2,"minecraft:diamond":104,"minecraft:granite":8,"minecraft:gray_wool":1,"minecraft:chainmail_helmet":1,"minecraft:baked_potato":2,"tombstone:magic_scroll":3,"minecraft:melon_seeds":2,"minecraft:coal":39,"minecraft:ender_pearl":1},"minecraft:broken":{"minecraft:stone_pickaxe":1,"minecraft:iron_pickaxe":4,"minecraft:iron_sword":2}},"DataVersion":3465}