{"stats":{"minecraft:custom":{"minecraft:interact_with_crafting_table":92,"minecraft:open_barrel":14,"minecraft:leave_game":9,"minecraft:time_since_death":30481,"minecraft:sprint_one_cm":1312754,"minecraft:damage_blocked_by_shield":3675,"minecraft:drop":142,"minecraft:play_time":684967,"minecraft:deaths":15,"minecraft:jump":10925,"minecraft:walk_on_water_one_cm":112111,"minecraft:enchant_item":2,"minecraft:interact_with_furnace":117,"minecraft:traded_with_villager":4,"tombstone:trade_grave_guardian":4,"minecraft:sleep_in_bed":6,"minecraft:damage_dealt":50931,"minecraft:player_kills":1,"minecraft:crouch_one_cm":291605,"tombstone:undead_killed":184,"minecraft:interact_with_smoker":45,"minecraft:interact_with_anvil":15,"minecraft:mob_kills":297,"minecraft:climb_one_cm":9006,"minecraft:walk_one_cm":1198591,"tombstone:consume_soul":1,"minecraft:damage_dealt_absorbed":197,"minecraft:sneak_time":104030,"minecraft:walk_under_water_one_cm":54321,"minecraft:interact_with_blast_furnace":28,"minecraft:total_world_time":684967,"tombstone:raider_killed":2,"minecraft:time_since_rest":23188,"minecraft:damage_taken":11693,"minecraft:swim_one_cm":105771,"minecraft:fly_one_cm":1831433,"minecraft:open_chest":325,"minecraft:fall_one_cm":266504},"minecraft:killed":{"minecraft:cave_spider":4,"minecraft:witch":2,"minecraft:spider":32,"minecraft:skeleton":57,"deep_dark_regrowth:sculk_parasite":2,"minecraft:chicken":2,"realmrpg_demons:chort":7,"minecraft:zombie_villager":1,"minecraft:creeper":25,"swem:swem_horse":1,"minecraft:zombie":128,"minecraft:cow":24,"minecraft:drowned":1,"minecraft:rabbit":1,"minecraft:enderman":6},"minecraft:killed_by":{"minecraft:zombie":9,"minecraft:player":1,"minecraft:skeleton":2},"minecraft:used":{"minecraft:moss_block":7,"minecraft:moss_carpet":2,"minecraft:chest":3,"minecraft:shield":57,"minecraft:iron_sword":232,"minecraft:rotten_flesh":86,"minecraft:iron_chestplate":1,"securitycraft:keypad_item":3,"minecraft:iron_helmet":1,"minecraft:bow":78,"minecraft:furnace":3,"minecraft:egg":2,"minecraft:potato":174,"minecraft:oak_planks":15,"minecraft:stone_pickaxe":120,"minecraft:wooden_pickaxe":18,"minecraft:clay":5,"minecraft:glow_berries":116,"minecraft:pitcher_pod":2,"securitycraft:universal_block_remover":8,"minecraft:dripstone_block":205,"minecraft:cobbled_deepslate_stairs":114,"minecraft:bread":33,"tombstone:grave_key":1,"minecraft:gravel":1,"minecraft:diamond_sword":586,"minecraft:andesite":518,"securitycraft:briefcase":12,"minecraft:bone_meal":74,"minecraft:flint_and_steel":2,"minecraft:tropical_fish":19,"minecraft:torch":180,"minecraft:dirt":17,"minecraft:anvil":1,"minecraft:hopper":1,"minecraft:granite":7,"minecraft:iron_hoe":3,"minecraft:bookshelf":2,"minecraft:iron_block":3,"minecraft:iron_axe":237,"minecraft:rooted_dirt":2,"minecraft:iron_boots":1,"securitycraft:sentry":5,"minecraft:pitcher_plant":5,"tombstone:gift":8,"minecraft:cobbled_deepslate":345,"minecraft:calcite":1,"minecraft:amethyst_block":3,"minecraft:baked_potato":90,"deep_dark_regrowth:apatine_seeds":2,"minecraft:green_bed":1,"minecraft:leather_boots":2,"securitycraft:cobblestone_mine":2,"deep_dark_regrowth:sculk_soil":1,"minecraft:crafting_table":12,"minecraft:white_bed":2,"minecraft:smoker":1,"tombstone:bag_of_seeds":6,"minecraft:diamond_pickaxe":3203,"minecraft:iron_pickaxe":2056,"minecraft:cobblestone":361,"minecraft:cooked_porkchop":5},"minecraft:crafted":{"minecraft:oak_planks":88,"securitycraft:mine":3,"minecraft:smooth_stone":1,"minecraft:stone":80,"securitycraft:keypad_item":3,"minecraft:heavy_weighted_pressure_plate":3,"swem:rivet_iron":16,"securitycraft:laser_block":1,"minecraft:glass":6,"minecraft:hopper":1,"minecraft:diamond_helmet":1,"minecraft:bow":3,"minecraft:diamond_leggings":1,"minecraft:iron_boots":3,"tombstone:grave_key":1,"securitycraft:briefcase":2,"minecraft:chest":3,"minecraft:arrow":12,"minecraft:crafting_table":2,"minecraft:iron_helmet":2,"minecraft:wooden_pickaxe":1,"minecraft:baked_potato":137,"minecraft:copper_ingot":352,"minecraft:dispenser":1,"minecraft:iron_chestplate":5,"minecraft:diamond_pickaxe":2,"minecraft:shield":4,"minecraft:stick":96,"minecraft:iron_ingot":304,"minecraft:iron_pickaxe":7,"minecraft:iron_block":6,"minecraft:gold_ingot":20,"minecraft:redstone_torch":1,"securitycraft:sc_manual":1,"minecraft:shears":1,"securitycraft:universal_block_reinforcer_lvl1":1,"minecraft:redstone":9,"securitycraft:sentry":1,"minecraft:furnace":1,"minecraft:stone_button":24,"minecraft:bone_meal":81,"minecraft:glass_pane":16,"minecraft:iron_axe":3,"securitycraft:universal_block_remover":1,"minecraft:iron_hoe":1,"minecraft:blue_banner":1,"securitycraft:keycard_holder":1,"minecraft:stone_pickaxe":2,"minecraft:diamond_boots":1,"minecraft:cobbled_deepslate_stairs":104,"minecraft:redstone_block":56,"minecraft:wheat":91,"securitycraft:portable_radar":1,"tombstone:grave_dust":5,"minecraft:diamond_sword":1,"minecraft:iron_sword":1,"swem:plate_iron":4,"securitycraft:taser":1,"securitycraft:cobblestone_mine":2,"minecraft:bread":33,"minecraft:air":0,"minecraft:blue_dye":6,"minecraft:white_wool":1,"minecraft:white_dye":1,"tombstone:seeker_rod":1,"minecraft:blue_wool":6,"minecraft:anvil":1,"minecraft:iron_leggings":3,"minecraft:white_bed":1,"minecraft:torch":116,"tombstone:bone_needle":1,"minecraft:diamond_chestplate":2},"minecraft:broken":{"minecraft:stone_pickaxe":1,"minecraft:diamond_pickaxe":2,"minecraft:iron_sword":2,"minecraft:flint_and_steel":1,"minecraft:iron_axe":1,"minecraft:iron_pickaxe":8},"minecraft:dropped":{"minecraft:diamond":3,"minecraft:crafting_table":4,"minecraft:pitcher_pod":1,"minecraft:glow_berries":6,"minecraft:rail":94,"minecraft:dirt":9,"minecraft:cornflower":4,"swem:star_worm":28,"minecraft:bone_meal":3,"minecraft:iron_pickaxe":1,"swem:oat_seeds":2,"minecraft:bone":14,"minecraft:gravel":19,"minecraft:blackstone":139,"minecraft:cobbled_deepslate":70,"minecraft:wheat":1,"minecraft:pointed_dripstone":1,"minecraft:rotten_flesh":22,"securitycraft:taser":1,"minecraft:oak_planks":41,"minecraft:chainmail_chestplate":2,"swem:timothy_seeds":1,"minecraft:gunpowder":1,"minecraft:beetroot_seeds":4,"minecraft:leather_boots":1,"minecraft:arrow":7,"minecraft:iron_ingot":46,"minecraft:bread":3,"minecraft:wheat_seeds":2,"minecraft:dripstone_block":1,"minecraft:iron_helmet":3,"minecraft:cobblestone":12,"minecraft:book":1,"minecraft:granite":1,"securitycraft:keycard_holder":1,"minecraft:chainmail_helmet":1,"minecraft:coal":1,"minecraft:torch":1,"tombstone:grave_dust":12,"minecraft:iron_leggings":4,"minecraft:smooth_stone":2,"minecraft:chainmail_leggings":1,"minecraft:string":57,"minecraft:redstone":16,"minecraft:furnace":1,"minecraft:moss_carpet":1,"minecraft:pitcher_plant":2,"minecraft:stone_sword":1,"minecraft:raw_copper":16,"minecraft:tuff":2,"minecraft:iron_boots":4,"minecraft:iron_hoe":1,"swem:shining_amethyst_shard":4,"minecraft:pumpkin_seeds":3,"swem:cantazarite":14,"securitycraft:universal_block_remover":1,"minecraft:diamond_chestplate":1,"minecraft:bundle":1,"minecraft:iron_chestplate":6,"minecraft:andesite":137,"minecraft:spider_eye":1,"securitycraft:briefcase":2,"tombstone:essence_of_undeath":1,"minecraft:stone_pickaxe":1,"minecraft:wooden_pickaxe":1},"minecraft:mined":{"minecraft:white_bed":1,"minecraft:farmland":2,"minecraft:cobbled_deepslate_stairs":10,"minecraft:sculk_vein":6,"minecraft:jungle_leaves":1,"deep_dark_regrowth:fluorescent_moss":2,"minecraft:cave_vines_plant":50,"minecraft:granite":11,"swem:cantazarite_ore":2,"minecraft:acacia_log":4,"minecraft:grass_block":16,"deep_dark_regrowth:sculk_tendril":2,"minecraft:spawner":2,"minecraft:tall_seagrass":1,"deep_dark_regrowth:vilethorn":2,"minecraft:sculk_catalyst":1,"minecraft:iron_ore":224,"minecraft:cobbled_deepslate":20,"minecraft:moss_carpet":9,"minecraft:deepslate_lapis_ore":25,"minecraft:sculk_shrieker":1,"deep_dark_regrowth:apatine_seeds":1,"minecraft:pointed_dripstone":47,"minecraft:cave_vines":63,"minecraft:dirt_path":1,"minecraft:oak_stairs":2,"minecraft:azalea_leaves":2,"minecraft:azalea":1,"minecraft:green_bed":1,"minecraft:deepslate_redstone_ore":44,"minecraft:blackstone":200,"deep_dark_regrowth:sculk_biter":5,"deep_dark_regrowth:sculk_ribs":3,"minecraft:smoker":1,"minecraft:medium_amethyst_bud":1,"minecraft:soul_fire":2,"minecraft:amethyst_cluster":7,"minecraft:clay":6,"minecraft:torch":12,"minecraft:calcite":2,"minecraft:chest":1,"swem:star_worm_cobble":19,"minecraft:cobblestone":35,"deep_dark_regrowth:overloaded_sculk":2,"swem:shining_amethyst_cluster":1,"minecraft:oak_planks":130,"minecraft:wall_torch":56,"minecraft:amethyst_block":4,"minecraft:deepslate_copper_ore":8,"minecraft:seagrass":3,"minecraft:blue_ice":7,"minecraft:pitcher_plant":5,"minecraft:grass":19,"deep_dark_regrowth:large_fernus":1,"minecraft:oak_log":13,"minecraft:sand":30,"minecraft:dirt":15,"minecraft:smooth_basalt":7,"minecraft:oak_leaves":4,"minecraft:deepslate":1032,"minecraft:tuff":79,"deep_dark_regrowth:short_infected_mushroom":3,"deep_dark_regrowth:sculk_soil":14,"minecraft:deepslate_diamond_ore":96,"deep_dark_regrowth:sculk_sprouts":10,"minecraft:glow_lichen":1,"minecraft:moss_block":47,"minecraft:rooted_dirt":2,"minecraft:hay_block":11,"minecraft:redstone_ore":1,"minecraft:furnace":3,"minecraft:andesite":830,"minecraft:potatoes":89,"minecraft:deepslate_iron_ore":112,"minecraft:rail":39,"minecraft:stripped_oak_log":11,"minecraft:stone":1521,"minecraft:oak_slab":1,"minecraft:acacia_leaves":6,"minecraft:crafting_table":13,"minecraft:cornflower":6,"minecraft:emerald_ore":2,"minecraft:sculk_sensor":3,"deep_dark_regrowth:sculk_tendril_active":1,"minecraft:tall_grass":2,"minecraft:copper_ore":94,"minecraft:deepslate_coal_ore":2,"minecraft:deepslate_gold_ore":21,"minecraft:lapis_ore":18,"minecraft:sculk":292,"minecraft:big_dripleaf":1,"deep_dark_regrowth:sculk_exhaler":1,"deep_dark_regrowth:apatine_plant":1,"minecraft:coal_ore":464,"minecraft:pitcher_crop":2,"minecraft:gravel":48,"minecraft:dripstone_block":309,"minecraft:cobweb":90,"minecraft:gold_ore":6},"minecraft:picked_up":{"minecraft:iron_chestplate":8,"minecraft:wheat":17,"minecraft:chainmail_boots":1,"securitycraft:taser":1,"minecraft:oak_stairs":2,"minecraft:enchanted_book":2,"minecraft:amethyst_block":3,"minecraft:string":184,"minecraft:raw_copper":335,"minecraft:iron_leggings":2,"minecraft:cobbled_deepslate":1056,"minecraft:smooth_stone":1,"minecraft:white_tulip":1,"minecraft:calcite":2,"minecraft:azalea":1,"minecraft:iron_pickaxe":4,"minecraft:furnace":4,"minecraft:iron_boots":1,"minecraft:stick":3,"minecraft:torch":104,"minecraft:acacia_log":4,"minecraft:green_bed":1,"minecraft:pointed_dripstone":99,"tombstone:grave_dust":45,"minecraft:rabbit_foot":1,"minecraft:stone_sword":1,"minecraft:rotten_flesh":136,"minecraft:tropical_fish":20,"minecraft:cobblestone":1439,"minecraft:leather_chestplate":2,"securitycraft:reinforced_hopper":1,"minecraft:andesite":771,"swem:star_worm":46,"minecraft:smoker":1,"minecraft:potato":316,"minecraft:flint":4,"minecraft:tuff":63,"deep_dark_regrowth:mossy_fluorite":22,"deep_dark_regrowth:apatine_seeds":12,"minecraft:lapis_lazuli":269,"minecraft:dirt":28,"securitycraft:sentry":4,"minecraft:leather_boots":2,"minecraft:hanging_roots":1,"minecraft:bone":82,"minecraft:bow":7,"minecraft:wheat_seeds":2,"minecraft:raw_gold":27,"minecraft:rabbit":1,"minecraft:moss_block":12,"swem:oat_seeds":2,"minecraft:pitcher_pod":3,"minecraft:oak_planks":171,"minecraft:cooked_porkchop":6,"swem:cantazarite":42,"minecraft:poisonous_potato":1,"minecraft:sand":30,"securitycraft:universal_block_remover":1,"minecraft:bundle":3,"minecraft:diamond":152,"minecraft:granite":11,"minecraft:emerald":2,"minecraft:chainmail_helmet":2,"minecraft:rooted_dirt":2,"minecraft:diamond_pickaxe":2,"minecraft:crafting_table":15,"minecraft:chicken":2,"minecraft:clay_ball":20,"minecraft:shield":1,"minecraft:cornflower":10,"minecraft:moss_carpet":10,"minecraft:flint_and_steel":1,"minecraft:blackstone":149,"minecraft:beef":24,"deep_dark_regrowth:sculk_soil":14,"minecraft:chest":1,"minecraft:egg":2,"minecraft:raw_iron":332,"securitycraft:reinforced_cobblestone":1,"minecraft:redstone":150,"securitycraft:briefcase":1,"minecraft:arrow":69,"minecraft:hay_block":11,"tombstone:essence_of_undeath":2,"minecraft:glow_berries":88,"minecraft:rail":88,"minecraft:white_wool":2,"deep_dark_regrowth:sculk_bone":3,"minecraft:stripped_oak_log":11,"swem:timothy_seeds":3,"minecraft:glow_ink_sac":17,"minecraft:leather":10,"minecraft:oak_log":11,"minecraft:chainmail_chestplate":2,"securitycraft:keypad_chest":2,"minecraft:cobbled_deepslate_stairs":10,"minecraft:gunpowder":19,"tombstone:gift":1,"minecraft:iron_ingot":168,"minecraft:stone_pickaxe":1,"deep_dark_regrowth:short_infected_mushroom":3,"tombstone:bag_of_seeds":3,"minecraft:iron_sword":2,"minecraft:book":1,"minecraft:oak_slab":1,"minecraft:smooth_basalt":1,"minecraft:pitcher_plant":7,"deep_dark_regrowth:apatine":8,"minecraft:dripstone_block":257,"minecraft:torchflower_seeds":2,"minecraft:gravel":66,"minecraft:amethyst_shard":28,"minecraft:white_bed":1,"securitycraft:reinforced_iron_block":3,"minecraft:spider_eye":10,"swem:shining_amethyst_shard":8,"minecraft:pumpkin_seeds":3,"minecraft:chainmail_leggings":1,"minecraft:gray_wool":1,"minecraft:baked_potato":2,"tombstone:magic_scroll":5,"minecraft:melon_seeds":2,"minecraft:coal":490,"minecraft:ender_pearl":3}},"DataVersion":3465}