{"stats":{"minecraft:crafted":{"minecraft:oak_planks":68,"minecraft:furnace":1,"minecraft:bone_meal":3,"minecraft:iron_boots":2,"minecraft:diamond_helmet":1,"minecraft:bow":1,"minecraft:diamond_leggings":1,"minecraft:iron_axe":2,"minecraft:stone_pickaxe":2,"minecraft:diamond_boots":1,"minecraft:wheat":91,"minecraft:diamond_sword":1,"minecraft:crafting_table":2,"minecraft:iron_helmet":2,"minecraft:wooden_pickaxe":1,"minecraft:iron_sword":1,"minecraft:bread":33,"minecraft:air":0,"minecraft:white_wool":1,"minecraft:iron_chestplate":4,"minecraft:shield":2,"minecraft:white_dye":1,"minecraft:stick":76,"minecraft:iron_ingot":104,"minecraft:iron_pickaxe":4,"minecraft:gold_ingot":20,"minecraft:iron_leggings":3,"minecraft:white_bed":1,"minecraft:shears":1,"minecraft:diamond_chestplate":1},"minecraft:killed":{"minecraft:cave_spider":2,"minecraft:spider":10,"minecraft:skeleton":13,"realmrpg_demons:chort":1,"minecraft:zombie_villager":1,"minecraft:creeper":6,"swem:swem_horse":1,"minecraft:zombie":56,"minecraft:enderman":1},"minecraft:dropped":{"minecraft:bread":3,"minecraft:iron_ingot":44,"minecraft:diamond":3,"minecraft:crafting_table":1,"minecraft:dripstone_block":1,"minecraft:iron_helmet":2,"minecraft:cobblestone":3,"minecraft:glow_berries":6,"minecraft:rail":94,"minecraft:chainmail_helmet":1,"tombstone:grave_dust":11,"minecraft:iron_leggings":1,"swem:star_worm":10,"minecraft:bone_meal":2,"minecraft:iron_pickaxe":1,"minecraft:string":57,"swem:oat_seeds":2,"minecraft:bone":14,"minecraft:redstone":5,"minecraft:gravel":4,"minecraft:furnace":1,"minecraft:blackstone":139,"minecraft:stone_sword":1,"minecraft:cobbled_deepslate":68,"minecraft:raw_copper":16,"minecraft:wheat":1,"minecraft:rotten_flesh":15,"minecraft:iron_boots":1,"swem:shining_amethyst_shard":4,"swem:cantazarite":14,"swem:timothy_seeds":1,"minecraft:gunpowder":1,"minecraft:iron_chestplate":3,"minecraft:beetroot_seeds":4,"minecraft:leather_boots":1,"minecraft:spider_eye":1,"tombstone:essence_of_undeath":1,"minecraft:arrow":7,"minecraft:stone_pickaxe":1},"minecraft:mined":{"minecraft:tuff":16,"minecraft:white_bed":1,"minecraft:deepslate_diamond_ore":42,"minecraft:jungle_leaves":1,"swem:cantazarite_ore":1,"minecraft:cave_vines_plant":50,"minecraft:granite":7,"minecraft:acacia_log":4,"minecraft:grass_block":1,"minecraft:moss_block":13,"minecraft:spawner":1,"minecraft:hay_block":11,"minecraft:furnace":3,"minecraft:iron_ore":50,"minecraft:cobbled_deepslate":20,"minecraft:moss_carpet":7,"minecraft:deepslate_lapis_ore":8,"minecraft:cave_vines":63,"minecraft:deepslate_iron_ore":109,"minecraft:rail":39,"minecraft:oak_stairs":2,"minecraft:stripped_oak_log":11,"minecraft:azalea":1,"minecraft:stone":33,"minecraft:deepslate_redstone_ore":1,"minecraft:oak_slab":1,"minecraft:acacia_leaves":6,"minecraft:blackstone":200,"minecraft:medium_amethyst_bud":1,"minecraft:amethyst_cluster":7,"minecraft:torch":1,"minecraft:crafting_table":10,"minecraft:clay":5,"minecraft:calcite":1,"swem:star_worm_cobble":5,"minecraft:tall_grass":2,"minecraft:copper_ore":2,"swem:shining_amethyst_cluster":1,"minecraft:deepslate_gold_ore":21,"minecraft:oak_planks":120,"minecraft:big_dripleaf":1,"minecraft:amethyst_block":4,"minecraft:grass":8,"minecraft:coal_ore":14,"minecraft:oak_log":6,"minecraft:dripstone_block":1,"minecraft:gravel":2,"minecraft:cobweb":42,"minecraft:smooth_basalt":6,"minecraft:gold_ore":6,"minecraft:oak_leaves":4,"minecraft:deepslate":344},"minecraft:picked_up":{"minecraft:crafting_table":11,"minecraft:iron_chestplate":6,"minecraft:wheat":9,"minecraft:clay_ball":20,"minecraft:oak_stairs":2,"minecraft:enchanted_book":1,"minecraft:shield":1,"minecraft:amethyst_block":3,"minecraft:string":112,"minecraft:moss_carpet":9,"minecraft:raw_copper":16,"minecraft:iron_leggings":1,"minecraft:blackstone":149,"minecraft:cobbled_deepslate":380,"minecraft:calcite":1,"minecraft:iron_pickaxe":2,"minecraft:egg":1,"minecraft:furnace":4,"minecraft:raw_iron":157,"minecraft:torch":1,"minecraft:acacia_log":4,"tombstone:grave_dust":24,"minecraft:redstone":5,"minecraft:stone_sword":1,"minecraft:arrow":15,"minecraft:rotten_flesh":60,"minecraft:tropical_fish":20,"minecraft:hay_block":11,"tombstone:essence_of_undeath":2,"minecraft:glow_berries":88,"minecraft:white_wool":2,"minecraft:rail":88,"minecraft:cobblestone":33,"minecraft:stripped_oak_log":11,"swem:timothy_seeds":1,"minecraft:glow_ink_sac":17,"swem:star_worm":10,"minecraft:potato":1,"minecraft:oak_log":6,"minecraft:gunpowder":1,"minecraft:lapis_lazuli":56,"minecraft:dirt":1,"tombstone:gift":1,"minecraft:leather_boots":2,"minecraft:bone":37,"minecraft:bow":2,"minecraft:raw_gold":27,"minecraft:iron_ingot":46,"minecraft:stone_pickaxe":1,"tombstone:bag_of_seeds":2,"swem:oat_seeds":2,"minecraft:moss_block":12,"minecraft:oak_planks":119,"minecraft:iron_sword":2,"minecraft:oak_slab":1,"minecraft:cooked_porkchop":6,"swem:cantazarite":21,"minecraft:dripstone_block":1,"minecraft:gravel":4,"minecraft:amethyst_shard":28,"minecraft:white_bed":1,"minecraft:spider_eye":1,"swem:shining_amethyst_shard":8,"minecraft:bundle":1,"minecraft:diamond":44,"minecraft:granite":7,"minecraft:gray_wool":1,"minecraft:chainmail_helmet":1,"tombstone:magic_scroll":2,"minecraft:melon_seeds":2,"minecraft:coal":25},"minecraft:used":{"minecraft:moss_block":7,"minecraft:moss_carpet":2,"minecraft:tropical_fish":19,"minecraft:shield":25,"minecraft:iron_sword":232,"minecraft:rotten_flesh":46,"minecraft:iron_chestplate":1,"minecraft:dirt":1,"minecraft:granite":7,"minecraft:iron_axe":204,"minecraft:iron_helmet":1,"minecraft:iron_boots":1,"minecraft:bow":8,"minecraft:furnace":2,"tombstone:gift":6,"minecraft:egg":1,"minecraft:cobbled_deepslate":251,"minecraft:calcite":1,"minecraft:amethyst_block":3,"minecraft:stone_pickaxe":120,"minecraft:wooden_pickaxe":18,"minecraft:clay":5,"minecraft:leather_boots":2,"minecraft:glow_berries":116,"minecraft:crafting_table":10,"minecraft:white_bed":1,"tombstone:bag_of_seeds":4,"minecraft:iron_pickaxe":835,"minecraft:diamond_sword":43,"minecraft:cobblestone":16,"minecraft:cooked_porkchop":5},"minecraft:killed_by":{"minecraft:player":1,"minecraft:skeleton":2,"minecraft:zombie":6},"minecraft:broken":{"minecraft:stone_pickaxe":1,"minecraft:iron_sword":2,"minecraft:iron_pickaxe":3},"minecraft:custom":{"minecraft:mob_kills":92,"minecraft:interact_with_crafting_table":33,"minecraft:leave_game":3,"minecraft:time_since_death":19274,"minecraft:climb_one_cm":2946,"minecraft:sprint_one_cm":472699,"minecraft:walk_one_cm":369180,"minecraft:damage_blocked_by_shield":1290,"minecraft:drop":79,"minecraft:play_time":188358,"minecraft:deaths":10,"minecraft:sneak_time":30291,"minecraft:walk_under_water_one_cm":37267,"minecraft:jump":3507,"minecraft:walk_on_water_one_cm":74884,"minecraft:total_world_time":188358,"minecraft:interact_with_furnace":47,"minecraft:sleep_in_bed":2,"minecraft:time_since_rest":2609,"minecraft:damage_taken":4424,"minecraft:damage_dealt":17795,"minecraft:swim_one_cm":45658,"minecraft:fly_one_cm":610557,"minecraft:open_chest":5,"minecraft:crouch_one_cm":89671,"tombstone:undead_killed":67,"minecraft:fall_one_cm":70289}},"DataVersion":3465}