{"stats":{"minecraft:killed_by":{"minecraft:zombie":8,"minecraft:player":1,"minecraft:skeleton":2},"minecraft:dropped":{"minecraft:diamond":3,"minecraft:crafting_table":3,"minecraft:glow_berries":6,"minecraft:rail":94,"minecraft:dirt":1,"minecraft:cornflower":4,"swem:star_worm":10,"minecraft:bone_meal":2,"minecraft:iron_pickaxe":1,"swem:oat_seeds":2,"minecraft:bone":14,"minecraft:gravel":4,"minecraft:blackstone":139,"minecraft:cobbled_deepslate":70,"minecraft:wheat":1,"minecraft:pointed_dripstone":1,"minecraft:rotten_flesh":15,"securitycraft:taser":1,"minecraft:oak_planks":41,"minecraft:chainmail_chestplate":2,"swem:timothy_seeds":1,"minecraft:gunpowder":1,"minecraft:beetroot_seeds":4,"minecraft:leather_boots":1,"minecraft:arrow":7,"minecraft:iron_ingot":44,"minecraft:bread":3,"minecraft:wheat_seeds":2,"minecraft:dripstone_block":1,"minecraft:iron_helmet":2,"minecraft:cobblestone":3,"minecraft:book":1,"minecraft:granite":1,"securitycraft:keycard_holder":1,"minecraft:chainmail_helmet":1,"minecraft:coal":1,"minecraft:torch":1,"tombstone:grave_dust":12,"minecraft:iron_leggings":2,"minecraft:smooth_stone":2,"minecraft:string":57,"minecraft:redstone":16,"minecraft:furnace":1,"minecraft:moss_carpet":1,"minecraft:stone_sword":1,"minecraft:raw_copper":16,"minecraft:tuff":2,"minecraft:iron_boots":2,"swem:shining_amethyst_shard":4,"minecraft:pumpkin_seeds":3,"swem:cantazarite":14,"securitycraft:universal_block_remover":1,"minecraft:bundle":1,"minecraft:iron_chestplate":3,"minecraft:andesite":45,"tombstone:essence_of_undeath":1,"minecraft:spider_eye":1,"securitycraft:briefcase":2,"minecraft:stone_pickaxe":1,"minecraft:wooden_pickaxe":1},"minecraft:custom":{"minecraft:interact_with_crafting_table":81,"minecraft:leave_game":7,"minecraft:time_since_death":47182,"minecraft:sprint_one_cm":847517,"minecraft:damage_blocked_by_shield":2655,"minecraft:drop":116,"minecraft:play_time":384681,"minecraft:deaths":14,"minecraft:jump":6868,"minecraft:walk_on_water_one_cm":88872,"minecraft:interact_with_furnace":74,"minecraft:sleep_in_bed":2,"minecraft:damage_dealt":35508,"minecraft:player_kills":1,"minecraft:crouch_one_cm":129194,"tombstone:undead_killed":123,"minecraft:interact_with_smoker":29,"minecraft:mob_kills":200,"minecraft:interact_with_anvil":12,"minecraft:climb_one_cm":8582,"minecraft:walk_one_cm":702948,"tombstone:consume_soul":1,"minecraft:damage_dealt_absorbed":80,"minecraft:sneak_time":44933,"minecraft:walk_under_water_one_cm":43374,"minecraft:interact_with_blast_furnace":12,"minecraft:total_world_time":384681,"tombstone:raider_killed":1,"minecraft:time_since_rest":46769,"minecraft:damage_taken":8729,"minecraft:swim_one_cm":82227,"minecraft:fly_one_cm":1260645,"minecraft:open_chest":166,"minecraft:fall_one_cm":170124},"minecraft:killed":{"minecraft:cave_spider":4,"minecraft:witch":1,"minecraft:spider":21,"minecraft:skeleton":40,"realmrpg_demons:chort":3,"minecraft:zombie_villager":1,"minecraft:creeper":16,"swem:swem_horse":1,"minecraft:zombie":85,"minecraft:cow":22,"minecraft:enderman":2},"minecraft:crafted":{"minecraft:oak_planks":84,"minecraft:smooth_stone":1,"securitycraft:mine":3,"minecraft:stone":16,"securitycraft:keypad_item":3,"minecraft:heavy_weighted_pressure_plate":3,"swem:rivet_iron":16,"securitycraft:laser_block":1,"minecraft:glass":6,"minecraft:hopper":1,"minecraft:diamond_helmet":1,"minecraft:diamond_leggings":1,"minecraft:bow":3,"minecraft:iron_boots":2,"minecraft:chest":3,"securitycraft:briefcase":2,"minecraft:crafting_table":2,"minecraft:baked_potato":137,"minecraft:wooden_pickaxe":1,"minecraft:iron_helmet":2,"minecraft:dispenser":1,"minecraft:iron_chestplate":4,"minecraft:shield":4,"minecraft:stick":96,"minecraft:iron_ingot":262,"minecraft:iron_pickaxe":7,"minecraft:iron_block":6,"minecraft:gold_ingot":20,"minecraft:redstone_torch":1,"minecraft:shears":1,"securitycraft:universal_block_reinforcer_lvl1":1,"minecraft:redstone":9,"securitycraft:sentry":1,"minecraft:furnace":1,"minecraft:stone_button":24,"minecraft:bone_meal":69,"minecraft:glass_pane":16,"minecraft:iron_axe":3,"securitycraft:universal_block_remover":1,"minecraft:blue_banner":1,"securitycraft:keycard_holder":1,"minecraft:stone_pickaxe":2,"minecraft:diamond_boots":1,"minecraft:redstone_block":51,"minecraft:wheat":91,"securitycraft:portable_radar":1,"minecraft:diamond_sword":1,"minecraft:iron_sword":1,"swem:plate_iron":4,"securitycraft:taser":1,"securitycraft:cobblestone_mine":2,"minecraft:bread":33,"minecraft:air":0,"minecraft:blue_dye":6,"minecraft:white_wool":1,"minecraft:white_dye":1,"minecraft:blue_wool":6,"minecraft:iron_leggings":3,"minecraft:anvil":1,"minecraft:white_bed":1,"minecraft:torch":8,"minecraft:diamond_chestplate":1},"minecraft:mined":{"minecraft:white_bed":1,"minecraft:sculk_vein":3,"minecraft:jungle_leaves":1,"minecraft:cave_vines_plant":50,"minecraft:granite":8,"swem:cantazarite_ore":1,"minecraft:acacia_log":4,"minecraft:grass_block":3,"deep_dark_regrowth:sculk_tendril":1,"minecraft:spawner":2,"minecraft:tall_seagrass":1,"deep_dark_regrowth:vilethorn":1,"minecraft:iron_ore":163,"minecraft:cobbled_deepslate":20,"minecraft:moss_carpet":9,"minecraft:deepslate_lapis_ore":8,"minecraft:pointed_dripstone":1,"minecraft:cave_vines":63,"minecraft:dirt_path":1,"minecraft:oak_stairs":2,"minecraft:azalea_leaves":1,"minecraft:azalea":1,"minecraft:deepslate_redstone_ore":17,"minecraft:blackstone":200,"deep_dark_regrowth:sculk_ribs":3,"minecraft:smoker":1,"minecraft:medium_amethyst_bud":1,"minecraft:amethyst_cluster":7,"minecraft:clay":6,"minecraft:torch":1,"minecraft:calcite":1,"minecraft:chest":1,"swem:star_worm_cobble":5,"deep_dark_regrowth:overloaded_sculk":2,"swem:shining_amethyst_cluster":1,"minecraft:oak_planks":120,"minecraft:amethyst_block":4,"minecraft:seagrass":3,"minecraft:grass":15,"minecraft:oak_log":12,"minecraft:sand":30,"minecraft:smooth_basalt":6,"minecraft:deepslate":482,"minecraft:oak_leaves":4,"minecraft:tuff":18,"deep_dark_regrowth:short_infected_mushroom":2,"deep_dark_regrowth:sculk_soil":2,"minecraft:deepslate_diamond_ore":55,"deep_dark_regrowth:sculk_sprouts":3,"minecraft:moss_block":45,"minecraft:rooted_dirt":1,"minecraft:hay_block":11,"minecraft:furnace":3,"minecraft:andesite":6,"minecraft:potatoes":89,"minecraft:deepslate_iron_ore":112,"minecraft:rail":39,"minecraft:stripped_oak_log":11,"minecraft:stone":50,"minecraft:oak_slab":1,"minecraft:acacia_leaves":6,"minecraft:crafting_table":12,"minecraft:cornflower":6,"minecraft:emerald_ore":1,"minecraft:tall_grass":2,"minecraft:copper_ore":2,"minecraft:lapis_ore":10,"minecraft:deepslate_gold_ore":21,"minecraft:sculk":87,"minecraft:big_dripleaf":1,"minecraft:coal_ore":44,"minecraft:gravel":7,"minecraft:dripstone_block":1,"minecraft:cobweb":90,"minecraft:gold_ore":6},"minecraft:used":{"minecraft:moss_block":7,"minecraft:moss_carpet":2,"minecraft:chest":3,"minecraft:shield":47,"minecraft:iron_sword":232,"minecraft:rotten_flesh":86,"minecraft:iron_chestplate":1,"securitycraft:keypad_item":3,"minecraft:iron_helmet":1,"minecraft:bow":22,"minecraft:furnace":3,"minecraft:egg":1,"minecraft:potato":174,"minecraft:stone_pickaxe":120,"minecraft:wooden_pickaxe":18,"minecraft:clay":5,"minecraft:glow_berries":116,"securitycraft:universal_block_remover":8,"minecraft:bread":33,"tombstone:grave_key":1,"minecraft:diamond_sword":323,"minecraft:andesite":5,"securitycraft:briefcase":12,"minecraft:bone_meal":66,"minecraft:flint_and_steel":2,"minecraft:tropical_fish":19,"minecraft:torch":6,"minecraft:dirt":5,"minecraft:anvil":1,"minecraft:hopper":1,"minecraft:granite":7,"minecraft:iron_block":3,"minecraft:iron_axe":219,"minecraft:rooted_dirt":1,"minecraft:iron_boots":1,"securitycraft:sentry":5,"tombstone:gift":8,"minecraft:cobbled_deepslate":258,"minecraft:calcite":1,"minecraft:amethyst_block":3,"minecraft:baked_potato":20,"minecraft:leather_boots":2,"securitycraft:cobblestone_mine":2,"minecraft:crafting_table":11,"minecraft:white_bed":2,"minecraft:smoker":1,"tombstone:bag_of_seeds":6,"minecraft:iron_pickaxe":1197,"minecraft:cobblestone":37,"minecraft:cooked_porkchop":5},"minecraft:picked_up":{"minecraft:iron_chestplate":6,"minecraft:wheat":12,"securitycraft:taser":1,"minecraft:oak_stairs":2,"minecraft:enchanted_book":2,"minecraft:amethyst_block":3,"minecraft:string":176,"minecraft:raw_copper":16,"minecraft:iron_leggings":1,"minecraft:cobbled_deepslate":508,"minecraft:smooth_stone":1,"minecraft:calcite":1,"minecraft:iron_pickaxe":4,"minecraft:furnace":4,"minecraft:torch":2,"minecraft:acacia_log":4,"tombstone:grave_dust":31,"minecraft:pointed_dripstone":1,"minecraft:stone_sword":1,"minecraft:rotten_flesh":98,"minecraft:tropical_fish":20,"minecraft:cobblestone":47,"securitycraft:reinforced_hopper":1,"minecraft:andesite":50,"swem:star_worm":10,"minecraft:smoker":1,"minecraft:potato":316,"minecraft:tuff":2,"deep_dark_regrowth:apatine_seeds":1,"minecraft:dirt":6,"minecraft:lapis_lazuli":164,"securitycraft:sentry":4,"minecraft:leather_boots":2,"minecraft:bone":69,"minecraft:bow":6,"minecraft:wheat_seeds":2,"minecraft:raw_gold":27,"minecraft:moss_block":12,"swem:oat_seeds":2,"minecraft:oak_planks":161,"minecraft:pitcher_pod":2,"minecraft:cooked_porkchop":6,"swem:cantazarite":35,"minecraft:poisonous_potato":1,"minecraft:sand":30,"securitycraft:universal_block_remover":1,"minecraft:bundle":2,"minecraft:diamond":111,"minecraft:granite":8,"minecraft:chainmail_helmet":1,"minecraft:emerald":1,"minecraft:rooted_dirt":1,"minecraft:crafting_table":14,"minecraft:clay_ball":20,"minecraft:shield":1,"minecraft:cornflower":10,"minecraft:moss_carpet":10,"minecraft:flint_and_steel":1,"minecraft:blackstone":149,"minecraft:beef":24,"deep_dark_regrowth:sculk_soil":2,"minecraft:chest":1,"minecraft:egg":1,"minecraft:raw_iron":272,"securitycraft:reinforced_cobblestone":1,"minecraft:redstone":106,"securitycraft:briefcase":1,"minecraft:arrow":50,"minecraft:hay_block":11,"tombstone:essence_of_undeath":2,"minecraft:glow_berries":88,"deep_dark_regrowth:sculk_bone":3,"minecraft:rail":88,"minecraft:white_wool":2,"minecraft:stripped_oak_log":11,"swem:timothy_seeds":2,"minecraft:glow_ink_sac":17,"minecraft:leather":10,"minecraft:oak_log":10,"minecraft:chainmail_chestplate":2,"securitycraft:keypad_chest":2,"minecraft:gunpowder":13,"tombstone:gift":1,"minecraft:iron_ingot":168,"minecraft:stone_pickaxe":1,"deep_dark_regrowth:short_infected_mushroom":2,"tombstone:bag_of_seeds":3,"minecraft:iron_sword":2,"minecraft:book":1,"minecraft:oak_slab":1,"minecraft:dripstone_block":1,"minecraft:torchflower_seeds":2,"minecraft:gravel":6,"minecraft:amethyst_shard":28,"minecraft:white_bed":1,"securitycraft:reinforced_iron_block":3,"minecraft:spider_eye":6,"swem:shining_amethyst_shard":8,"minecraft:pumpkin_seeds":3,"minecraft:gray_wool":1,"minecraft:baked_potato":2,"tombstone:magic_scroll":3,"minecraft:melon_seeds":2,"minecraft:coal":92,"minecraft:ender_pearl":1},"minecraft:broken":{"minecraft:stone_pickaxe":1,"minecraft:iron_sword":2,"minecraft:flint_and_steel":1,"minecraft:iron_axe":1,"minecraft:iron_pickaxe":5}},"DataVersion":3465}