{"stats":{"minecraft:killed_by":{"minecraft:zombie":9,"minecraft:player":1,"minecraft:warden":6,"minecraft:skeleton":2},"minecraft:crafted":{"minecraft:oak_planks":88,"securitycraft:mine":3,"minecraft:smooth_stone":1,"minecraft:stone":112,"securitycraft:keypad_item":3,"minecraft:heavy_weighted_pressure_plate":3,"securitycraft:laser_block":1,"minecraft:glass":6,"minecraft:hopper":1,"minecraft:diamond_helmet":2,"minecraft:bow":6,"minecraft:diamond_leggings":2,"minecraft:iron_boots":4,"tombstone:grave_key":3,"securitycraft:briefcase":2,"minecraft:chest":4,"minecraft:arrow":12,"minecraft:crafting_table":3,"minecraft:iron_helmet":3,"minecraft:wooden_pickaxe":1,"minecraft:baked_potato":137,"minecraft:copper_ingot":352,"minecraft:dispenser":1,"minecraft:book":41,"minecraft:iron_chestplate":5,"minecraft:paper":120,"minecraft:diamond_pickaxe":4,"minecraft:shield":5,"minecraft:stick":96,"minecraft:iron_ingot":363,"minecraft:iron_pickaxe":8,"minecraft:iron_block":15,"minecraft:gold_ingot":20,"minecraft:redstone_torch":1,"securitycraft:sc_manual":1,"minecraft:shears":2,"securitycraft:universal_block_reinforcer_lvl1":1,"minecraft:redstone":9,"securitycraft:sentry":1,"minecraft:diamond_hoe":2,"minecraft:furnace":1,"minecraft:stone_button":24,"minecraft:bone_meal":81,"minecraft:glass_pane":16,"minecraft:iron_axe":3,"securitycraft:universal_block_remover":1,"minecraft:iron_hoe":4,"minecraft:blue_banner":1,"securitycraft:keycard_holder":1,"minecraft:stone_pickaxe":2,"minecraft:diamond_boots":2,"minecraft:cobbled_deepslate_stairs":104,"minecraft:redstone_block":56,"minecraft:wheat":91,"securitycraft:portable_radar":1,"tombstone:grave_dust":5,"minecraft:diamond_sword":2,"minecraft:iron_sword":2,"securitycraft:taser":1,"minecraft:bucket":1,"securitycraft:cobblestone_mine":2,"minecraft:bread":33,"minecraft:air":0,"minecraft:blue_dye":6,"minecraft:white_wool":1,"minecraft:white_dye":1,"tombstone:seeker_rod":1,"minecraft:blue_wool":6,"minecraft:anvil":1,"minecraft:iron_leggings":4,"minecraft:white_bed":1,"minecraft:torch":144,"minecraft:lapis_lazuli":27,"tombstone:bone_needle":1,"minecraft:diamond_chestplate":2},"minecraft:dropped":{"minecraft:lapis_lazuli":23,"minecraft:diamond":3,"minecraft:crafting_table":5,"minecraft:pitcher_pod":1,"minecraft:glow_berries":6,"minecraft:jungle_planks":2,"minecraft:rail":94,"minecraft:flint":1,"minecraft:dirt":9,"minecraft:cornflower":4,"minecraft:bone_meal":5,"minecraft:iron_pickaxe":1,"minecraft:bone":31,"minecraft:gravel":19,"minecraft:blackstone":139,"minecraft:sugar_cane":1,"minecraft:golden_chestplate":1,"minecraft:cobbled_deepslate":81,"minecraft:wheat":10,"minecraft:pointed_dripstone":1,"minecraft:rotten_flesh":41,"securitycraft:taser":1,"minecraft:oak_planks":41,"deep_dark_regrowth:sculk_remnants":3,"minecraft:chainmail_chestplate":3,"minecraft:poppy":2,"minecraft:leather_chestplate":1,"deep_dark_regrowth:sculk_soil":23,"minecraft:gunpowder":1,"minecraft:beetroot_seeds":4,"minecraft:leather_boots":1,"minecraft:chainmail_boots":1,"minecraft:arrow":7,"deep_dark_regrowth:mossy_fluorite":36,"minecraft:golden_boots":1,"deep_dark_regrowth:large_infected_mushroom":2,"minecraft:iron_ingot":170,"minecraft:bread":3,"minecraft:golden_helmet":2,"minecraft:wheat_seeds":3,"minecraft:dripstone_block":1,"minecraft:iron_helmet":6,"minecraft:cobblestone":70,"minecraft:book":1,"minecraft:granite":1,"deep_dark_regrowth:short_infected_mushroom":2,"securitycraft:keycard_holder":1,"minecraft:chainmail_helmet":3,"minecraft:coal":3,"minecraft:iron_block":5,"minecraft:torch":1,"minecraft:sculk_catalyst":1,"tombstone:grave_dust":13,"minecraft:iron_leggings":6,"minecraft:smooth_stone":2,"minecraft:chainmail_leggings":2,"minecraft:string":57,"deep_dark_regrowth:apatine_seeds":20,"deep_dark_regrowth:apatine":2,"minecraft:redstone":16,"minecraft:smooth_basalt":1,"minecraft:furnace":1,"minecraft:moss_carpet":1,"minecraft:pitcher_plant":2,"minecraft:stone_sword":1,"minecraft:raw_copper":16,"minecraft:deepslate":4,"minecraft:tuff":50,"minecraft:iron_boots":4,"minecraft:iron_hoe":2,"minecraft:polished_deepslate_stairs":1,"deep_dark_regrowth:plasmatic_sculk":1,"minecraft:pumpkin_seeds":19,"securitycraft:universal_block_remover":1,"minecraft:potato":1,"minecraft:diamond_chestplate":1,"ancient_elements:aero_charge":2,"minecraft:bundle":1,"minecraft:iron_chestplate":6,"minecraft:andesite":328,"minecraft:carved_pumpkin":2,"minecraft:spider_eye":4,"securitycraft:briefcase":2,"tombstone:essence_of_undeath":1,"minecraft:bow":2,"minecraft:stone_pickaxe":1,"minecraft:wooden_pickaxe":1},"minecraft:mined":{"minecraft:white_bed":1,"minecraft:farmland":2,"minecraft:cobbled_deepslate_stairs":10,"minecraft:sculk_vein":245,"minecraft:jungle_leaves":1,"minecraft:carved_pumpkin":10,"deep_dark_regrowth:fluorescent_moss":4,"minecraft:cave_vines_plant":50,"minecraft:granite":11,"minecraft:acacia_log":4,"minecraft:grass_block":17,"deep_dark_regrowth:sculk_tendril":18,"minecraft:soul_soil":1,"minecraft:spawner":2,"minecraft:tall_seagrass":1,"deep_dark_regrowth:vilethorn":8,"minecraft:sculk_catalyst":23,"minecraft:iron_ore":277,"minecraft:cobbled_deepslate":20,"deep_dark_regrowth:sculk_biter_on":3,"deep_dark_regrowth:fernus":2,"minecraft:moss_carpet":9,"minecraft:deepslate_lapis_ore":25,"minecraft:sculk_shrieker":5,"deep_dark_regrowth:apatine_seeds":1,"minecraft:pointed_dripstone":47,"minecraft:cave_vines":63,"minecraft:dirt_path":3,"minecraft:oak_stairs":2,"minecraft:azalea_leaves":2,"minecraft:azalea":1,"minecraft:iron_block":8,"minecraft:green_bed":1,"minecraft:deepslate_redstone_ore":44,"minecraft:blackstone":200,"deep_dark_regrowth:sculk_biter":30,"deep_dark_regrowth:sculk_ribs":9,"minecraft:polished_deepslate_stairs":1,"minecraft:medium_amethyst_bud":1,"minecraft:smoker":1,"minecraft:soul_fire":10,"minecraft:amethyst_cluster":7,"minecraft:clay":6,"minecraft:torch":26,"minecraft:calcite":2,"minecraft:chest":1,"minecraft:cobblestone":80,"deep_dark_regrowth:overloaded_sculk":32,"minecraft:sugar_cane":62,"minecraft:oak_planks":143,"minecraft:wall_torch":74,"minecraft:amethyst_block":4,"minecraft:deepslate_copper_ore":8,"minecraft:seagrass":3,"minecraft:blue_ice":13,"minecraft:pitcher_plant":5,"minecraft:grass":19,"deep_dark_regrowth:large_fernus":6,"minecraft:oak_log":13,"deep_dark_regrowth:large_infected_mushroom":4,"minecraft:sand":30,"minecraft:dirt":24,"minecraft:smooth_basalt":7,"deep_dark_regrowth:exxo_growth":1,"minecraft:oak_leaves":4,"minecraft:deepslate":1202,"minecraft:tuff":95,"deep_dark_regrowth:short_infected_mushroom":4,"deep_dark_regrowth:sculk_soil":30,"minecraft:deepslate_diamond_ore":114,"minecraft:candle":3,"deep_dark_regrowth:sculk_sprouts":36,"minecraft:glow_lichen":2,"minecraft:moss_block":47,"minecraft:rooted_dirt":2,"minecraft:hay_block":11,"minecraft:redstone_ore":1,"deep_dark_regrowth:pulse_flower_activated":1,"minecraft:furnace":3,"minecraft:polished_basalt":1,"deep_dark_regrowth:sculk_moss_4":7,"minecraft:andesite":1424,"deep_dark_regrowth:sculk_ribs_medium":2,"minecraft:chiseled_deepslate":2,"minecraft:polished_deepslate":2,"minecraft:potatoes":89,"minecraft:deepslate_iron_ore":175,"minecraft:rail":39,"minecraft:stripped_oak_log":11,"minecraft:stone":1839,"deep_dark_regrowth:pulse_flower":6,"minecraft:oak_slab":1,"minecraft:acacia_leaves":6,"deep_dark_regrowth:infected_mushroom":1,"minecraft:crafting_table":21,"minecraft:cornflower":6,"minecraft:emerald_ore":2,"minecraft:sculk_sensor":54,"deep_dark_regrowth:sculk_tendril_active":5,"minecraft:copper_ore":94,"minecraft:tall_grass":2,"minecraft:deepslate_coal_ore":2,"minecraft:lapis_ore":18,"minecraft:deepslate_gold_ore":21,"minecraft:sculk":2890,"minecraft:big_dripleaf":1,"deep_dark_regrowth:sculk_exhaler":1,"deep_dark_regrowth:apatine_plant":6,"minecraft:coal_ore":471,"minecraft:pitcher_crop":2,"minecraft:gravel":48,"minecraft:dripstone_block":316,"minecraft:cobweb":91,"minecraft:gold_ore":6},"minecraft:picked_up":{"minecraft:chiseled_deepslate":2,"minecraft:iron_chestplate":8,"minecraft:wheat":28,"minecraft:chainmail_boots":2,"securitycraft:taser":1,"minecraft:oak_stairs":2,"minecraft:enchanted_book":2,"minecraft:amethyst_block":3,"minecraft:string":184,"minecraft:soul_soil":1,"minecraft:raw_copper":335,"minecraft:iron_leggings":4,"minecraft:cobbled_deepslate":1181,"minecraft:smooth_stone":1,"minecraft:white_tulip":1,"minecraft:calcite":2,"minecraft:azalea":1,"minecraft:iron_pickaxe":4,"minecraft:deepslate_iron_ore":24,"minecraft:furnace":4,"minecraft:iron_boots":1,"minecraft:golden_helmet":2,"minecraft:tipped_arrow":1,"minecraft:stick":67,"minecraft:polished_deepslate_stairs":1,"minecraft:torch":177,"minecraft:acacia_log":4,"minecraft:green_bed":1,"minecraft:pointed_dripstone":99,"tombstone:grave_dust":66,"minecraft:golden_chestplate":2,"minecraft:rabbit_foot":1,"minecraft:stone_sword":1,"minecraft:rotten_flesh":156,"minecraft:tropical_fish":20,"minecraft:polished_basalt":1,"minecraft:iron_block":21,"minecraft:carved_pumpkin":11,"minecraft:cobblestone":1804,"minecraft:leather_chestplate":3,"securitycraft:reinforced_hopper":1,"minecraft:cooked_beef":21,"minecraft:andesite":1039,"minecraft:smoker":1,"minecraft:potato":317,"minecraft:flint":4,"minecraft:tuff":118,"deep_dark_regrowth:mossy_fluorite":182,"deep_dark_regrowth:apatine_seeds":32,"minecraft:lapis_lazuli":292,"minecraft:dirt":44,"securitycraft:sentry":4,"minecraft:leather_boots":2,"minecraft:hanging_roots":1,"minecraft:bone":143,"minecraft:bow":9,"minecraft:wheat_seeds":3,"minecraft:raw_gold":27,"deep_dark_regrowth:exxo_plant":1,"minecraft:rabbit":1,"minecraft:diamond_helmet":1,"minecraft:moss_block":12,"minecraft:pitcher_pod":3,"minecraft:oak_planks":175,"ancient_elements:aero_charge":30,"minecraft:cooked_porkchop":6,"deep_dark_regrowth:sculk_remnants":10,"minecraft:poisonous_potato":1,"minecraft:sand":30,"securitycraft:universal_block_remover":1,"minecraft:bundle":3,"minecraft:diamond":199,"minecraft:crossbow":1,"minecraft:granite":11,"minecraft:bone_meal":2,"minecraft:chainmail_helmet":4,"minecraft:emerald":2,"minecraft:rooted_dirt":2,"minecraft:diamond_pickaxe":3,"minecraft:crafting_table":24,"minecraft:chicken":2,"minecraft:clay_ball":20,"minecraft:shield":1,"minecraft:cornflower":10,"minecraft:moss_carpet":10,"minecraft:flint_and_steel":1,"minecraft:blackstone":149,"ancient_elements:aetherial_shard":10,"minecraft:candle":8,"minecraft:deepslate_diamond_ore":14,"minecraft:beef":28,"deep_dark_regrowth:sculk_soil":37,"minecraft:poppy":2,"deep_dark_regrowth:plasmatic_sculk":1,"minecraft:sugar_cane":115,"minecraft:chest":1,"minecraft:phantom_membrane":2,"deep_dark_regrowth:soul_of_the_depths":3,"minecraft:egg":2,"minecraft:raw_iron":427,"securitycraft:reinforced_cobblestone":1,"minecraft:redstone":150,"securitycraft:briefcase":1,"minecraft:arrow":131,"deep_dark_regrowth:large_infected_mushroom":10,"minecraft:hay_block":11,"tombstone:essence_of_undeath":2,"minecraft:glow_berries":88,"minecraft:rail":88,"minecraft:white_wool":2,"deep_dark_regrowth:sculk_bone":13,"minecraft:stripped_oak_log":11,"minecraft:glow_ink_sac":17,"minecraft:leather":27,"minecraft:oak_log":11,"minecraft:chainmail_chestplate":3,"minecraft:golden_boots":1,"securitycraft:keypad_chest":2,"minecraft:cobbled_deepslate_stairs":10,"minecraft:gunpowder":27,"minecraft:paper":17,"tombstone:gift":2,"deep_dark_regrowth:pulse_flower_petal":14,"minecraft:iron_ingot":280,"minecraft:stone_pickaxe":1,"minecraft:iron_ore":35,"deep_dark_regrowth:short_infected_mushroom":18,"tombstone:bag_of_seeds":3,"minecraft:iron_sword":2,"minecraft:book":1,"minecraft:sculk_catalyst":2,"minecraft:oak_slab":1,"deep_dark_regrowth:plasma_chunk":3,"minecraft:smooth_basalt":1,"minecraft:pitcher_plant":7,"minecraft:pumpkin":50,"deep_dark_regrowth:apatine":32,"minecraft:dripstone_block":257,"minecraft:torchflower_seeds":2,"minecraft:gravel":66,"minecraft:amethyst_shard":35,"minecraft:white_bed":1,"securitycraft:reinforced_iron_block":3,"minecraft:spider_eye":13,"minecraft:pumpkin_seeds":35,"minecraft:slime_ball":3,"minecraft:chainmail_leggings":2,"minecraft:iron_helmet":3,"minecraft:gray_wool":1,"minecraft:baked_potato":52,"tombstone:magic_scroll":5,"minecraft:melon_seeds":2,"minecraft:coal":506,"minecraft:ender_pearl":4},"minecraft:killed":{"minecraft:cave_spider":4,"minecraft:witch":2,"minecraft:spider":33,"minecraft:skeleton":104,"deep_dark_regrowth:sculk_parasite":2,"minecraft:chicken":2,"realmrpg_demons:chort":13,"minecraft:zombie_villager":2,"minecraft:creeper":36,"minecraft:pillager":2,"minecraft:zombie":151,"minecraft:cow":37,"minecraft:slime":7,"minecraft:phantom":3,"minecraft:drowned":1,"minecraft:warden":1,"ancient_elements:aetherial_glaze":13,"minecraft:rabbit":1,"minecraft:bat":1,"tombstone:spectral_wolf":1,"minecraft:enderman":6},"minecraft:custom":{"minecraft:interact_with_crafting_table":118,"minecraft:open_barrel":31,"minecraft:leave_game":12,"minecraft:time_since_death":204356,"minecraft:sprint_one_cm":1959451,"minecraft:damage_blocked_by_shield":4890,"minecraft:drop":249,"minecraft:play_time":1006319,"minecraft:deaths":21,"minecraft:jump":16150,"minecraft:walk_on_water_one_cm":143052,"minecraft:enchant_item":12,"minecraft:interact_with_furnace":118,"minecraft:traded_with_villager":4,"tombstone:trade_grave_guardian":4,"minecraft:sleep_in_bed":7,"tombstone:sneak_grave":1,"minecraft:damage_dealt":74328,"minecraft:player_kills":1,"minecraft:crouch_one_cm":502497,"tombstone:undead_killed":259,"minecraft:interact_with_smoker":45,"minecraft:interact_with_anvil":20,"minecraft:mob_kills":444,"minecraft:climb_one_cm":9006,"minecraft:walk_one_cm":1898014,"tombstone:consume_soul":1,"minecraft:damage_dealt_absorbed":445,"minecraft:sneak_time":166874,"minecraft:walk_under_water_one_cm":70450,"minecraft:interact_with_blast_furnace":33,"minecraft:total_world_time":1006319,"tombstone:raider_killed":7,"minecraft:time_since_rest":3514,"minecraft:damage_taken":19765,"minecraft:swim_one_cm":115189,"minecraft:fly_one_cm":2682858,"minecraft:open_chest":496,"minecraft:fall_one_cm":397492},"minecraft:used":{"minecraft:moss_block":7,"minecraft:moss_carpet":2,"minecraft:diamond_hoe":2251,"minecraft:polished_basalt":1,"minecraft:chest":4,"minecraft:shield":82,"minecraft:iron_sword":232,"minecraft:rotten_flesh":86,"minecraft:iron_chestplate":1,"securitycraft:keypad_item":3,"minecraft:tuff":7,"minecraft:iron_helmet":2,"minecraft:deepslate_diamond_ore":14,"minecraft:bow":126,"minecraft:furnace":3,"minecraft:egg":2,"minecraft:potato":174,"minecraft:oak_planks":15,"minecraft:stone_pickaxe":120,"minecraft:wooden_pickaxe":18,"minecraft:sugar_cane":4,"minecraft:clay":5,"minecraft:glow_berries":116,"minecraft:pitcher_pod":2,"securitycraft:universal_block_remover":8,"minecraft:dripstone_block":205,"minecraft:cobbled_deepslate_stairs":114,"minecraft:shears":8,"minecraft:deepslate_iron_ore":14,"minecraft:bread":33,"tombstone:grave_key":4,"minecraft:diamond_ore":4,"minecraft:gravel":1,"minecraft:diamond_sword":891,"minecraft:andesite":653,"securitycraft:briefcase":15,"minecraft:bone_meal":74,"minecraft:flint_and_steel":2,"minecraft:tropical_fish":19,"minecraft:carved_pumpkin":6,"minecraft:torch":281,"minecraft:dirt":17,"minecraft:anvil":1,"minecraft:hopper":1,"minecraft:diamond_helmet":1,"minecraft:granite":7,"minecraft:iron_hoe":720,"minecraft:bookshelf":2,"minecraft:iron_block":23,"minecraft:iron_axe":268,"minecraft:rooted_dirt":2,"minecraft:iron_boots":1,"securitycraft:sentry":5,"minecraft:pitcher_plant":5,"tombstone:gift":10,"minecraft:cobbled_deepslate":416,"minecraft:pumpkin":8,"minecraft:calcite":1,"minecraft:water_bucket":15,"minecraft:amethyst_block":3,"minecraft:bundle":1,"minecraft:baked_potato":230,"deep_dark_regrowth:apatine_seeds":2,"minecraft:green_bed":1,"minecraft:leather_boots":2,"securitycraft:cobblestone_mine":2,"deep_dark_regrowth:sculk_soil":1,"minecraft:crafting_table":21,"minecraft:white_bed":2,"minecraft:smoker":1,"tombstone:bag_of_seeds":6,"minecraft:diamond_pickaxe":4568,"minecraft:iron_pickaxe":2056,"minecraft:cobblestone":562,"minecraft:cooked_porkchop":5,"minecraft:bucket":16,"minecraft:candle":8},"minecraft:broken":{"minecraft:diamond_helmet":1,"minecraft:stone_pickaxe":1,"minecraft:diamond_boots":1,"minecraft:diamond_pickaxe":3,"minecraft:iron_sword":2,"minecraft:diamond_hoe":1,"minecraft:iron_hoe":2,"minecraft:flint_and_steel":1,"minecraft:diamond_leggings":1,"minecraft:shield":1,"minecraft:iron_axe":1,"minecraft:iron_pickaxe":8}},"DataVersion":3465}