{"stats":{"minecraft:killed":{"minecraft:skeleton":1,"minecraft:zombie":2,"minecraft:spider":1,"realmrpg_demons:chort":1},"minecraft:custom":{"minecraft:time_since_rest":54598,"minecraft:sprint_one_cm":197211,"minecraft:damage_taken":1823,"minecraft:walk_one_cm":126440,"minecraft:damage_blocked_by_shield":30,"minecraft:mob_kills":5,"minecraft:drop":5,"minecraft:damage_dealt":1125,"minecraft:fly_one_cm":228124,"minecraft:swim_one_cm":9100,"minecraft:interact_with_crafting_table":3,"minecraft:open_chest":43,"minecraft:crouch_one_cm":31523,"minecraft:play_time":58100,"tombstone:undead_killed":3,"minecraft:deaths":2,"minecraft:sneak_time":7953,"minecraft:walk_under_water_one_cm":5985,"minecraft:jump":1002,"minecraft:leave_game":1,"minecraft:walk_on_water_one_cm":6804,"minecraft:time_since_death":55086,"minecraft:climb_one_cm":7565,"minecraft:total_world_time":58100,"minecraft:interact_with_smoker":1,"minecraft:fall_one_cm":21818,"minecraft:horse_one_cm":3331},"minecraft:killed_by":{"minecraft:zombie":2},"minecraft:used":{"minecraft:dark_oak_planks":10,"minecraft:baked_potato":31,"minecraft:iron_pickaxe":8,"minecraft:shield":1,"minecraft:cobblestone":2,"minecraft:diamond_sword":24,"minecraft:dirt":2,"tombstone:gift":2,"minecraft:egg":2},"minecraft:crafted":{"minecraft:diamond_sword":1,"minecraft:shield":1,"minecraft:stick":4,"minecraft:iron_pickaxe":1,"minecraft:dark_oak_planks":16,"minecraft:jungle_planks":4},"minecraft:dropped":{"minecraft:iron_chestplate":1,"tombstone:grave_dust":1,"minecraft:iron_boots":1,"minecraft:string":1,"minecraft:bone":1},"minecraft:mined":{"minecraft:soul_fire":1,"minecraft:jungle_leaves":14,"minecraft:sculk_shrieker":1,"deep_dark_regrowth:sculk_sprouts":1,"minecraft:grass_block":1,"minecraft:grass":1,"minecraft:red_tulip":1,"minecraft:vine":1,"minecraft:jungle_log":1,"minecraft:sculk_sensor":4,"minecraft:stone":3},"minecraft:picked_up":{"minecraft:stick":2,"minecraft:iron_chestplate":2,"minecraft:wheat":1,"minecraft:jungle_log":1,"minecraft:leather_leggings":1,"minecraft:pumpkin_seeds":3,"deep_dark_regrowth:mossy_fluorite":9,"minecraft:diamond_chestplate":1,"minecraft:spider_eye":1,"minecraft:dark_oak_log":4,"minecraft:dirt":13,"minecraft:string":2,"minecraft:arrow":2,"minecraft:iron_leggings":1,"minecraft:rotten_flesh":2,"minecraft:bone":3,"minecraft:wheat_seeds":2,"minecraft:iron_helmet":1,"minecraft:iron_ingot":2,"tombstone:magic_scroll":1,"minecraft:phantom_membrane":1,"minecraft:cobblestone":2,"minecraft:coal":2,"minecraft:iron_boots":2,"minecraft:egg":2}},"DataVersion":3465}