{"stats":{"minecraft:killed_by":{"minecraft:player":1,"minecraft:creeper":1,"ancient_elements:aetherial_glaze":3,"minecraft:skeleton":1,"minecraft:zombie":3},"minecraft:crafted":{"minecraft:oak_planks":36,"minecraft:furnace":9,"minecraft:stone_button":8,"minecraft:stone":2,"minecraft:bone_meal":72,"securitycraft:keypad_item":1,"minecraft:heavy_weighted_pressure_plate":1,"minecraft:white_carpet":3,"minecraft:iron_bars":16,"minecraft:dark_oak_door":3,"minecraft:diamond_helmet":1,"minecraft:diamond_leggings":1,"minecraft:iron_boots":1,"minecraft:iron_axe":1,"securitycraft:universal_block_remover":1,"minecraft:ladder":135,"minecraft:stone_pickaxe":1,"securitycraft:briefcase":1,"minecraft:chest":10,"minecraft:diamond_boots":1,"minecraft:dark_oak_planks":500,"minecraft:lead":4,"minecraft:cooked_beef":47,"minecraft:diamond_sword":1,"minecraft:crafting_table":2,"minecraft:wooden_pickaxe":1,"minecraft:iron_helmet":1,"minecraft:bucket":2,"minecraft:stone_axe":1,"minecraft:air":0,"minecraft:jungle_planks":12,"minecraft:book":1,"minecraft:paper":3,"minecraft:shield":1,"minecraft:stick":352,"minecraft:iron_ingot":109,"minecraft:iron_pickaxe":2,"minecraft:stone_sword":1,"minecraft:iron_leggings":1,"minecraft:torch":140,"securitycraft:sc_manual":1,"minecraft:shears":1,"minecraft:diamond_chestplate":1},"minecraft:dropped":{"minecraft:wheat_seeds":1,"minecraft:iron_helmet":1,"minecraft:lead":4,"minecraft:leather":55,"deep_dark_regrowth:short_infected_mushroom":1,"minecraft:coal":10,"minecraft:dirt":2,"tombstone:grave_dust":1,"minecraft:iron_leggings":1,"minecraft:bone_meal":4,"minecraft:dark_oak_planks":4,"minecraft:string":1,"minecraft:dandelion":4,"minecraft:stone_sword":1,"minecraft:cobbled_deepslate":35,"minecraft:wheat":3,"minecraft:rotten_flesh":4,"securitycraft:taser":1,"minecraft:iron_boots":1,"minecraft:iron_hoe":1,"securitycraft:universal_block_remover":1,"minecraft:gunpowder":1,"minecraft:andesite":4,"securitycraft:briefcase":1,"minecraft:wooden_pickaxe":1,"minecraft:stone_pickaxe":1},"minecraft:mined":{"minecraft:dark_oak_planks":14,"deep_dark_regrowth:short_infected_mushroom":1,"minecraft:white_bed":1,"deep_dark_regrowth:sculk_soil":2,"minecraft:dark_oak_leaves":18,"minecraft:deepslate_diamond_ore":19,"minecraft:candle":1,"minecraft:sculk_vein":10,"minecraft:jungle_leaves":2,"minecraft:dark_oak_log":201,"minecraft:brewing_stand":1,"deep_dark_regrowth:sculk_sprouts":6,"minecraft:spruce_trapdoor":1,"minecraft:grass_block":25,"minecraft:jungle_log":3,"minecraft:moss_block":67,"deep_dark_regrowth:vilethorn":1,"minecraft:sculk_catalyst":1,"minecraft:packed_mud":7,"minecraft:iron_ore":82,"minecraft:cobbled_deepslate":2,"minecraft:andesite":4,"deep_dark_regrowth:fernus":1,"minecraft:pumpkin":15,"minecraft:moss_carpet":5,"minecraft:sculk_shrieker":1,"minecraft:deepslate_iron_ore":48,"minecraft:azalea_leaves":3,"minecraft:azalea":5,"minecraft:stone":62,"minecraft:deepslate_redstone_ore":23,"minecraft:flowering_azalea":2,"deep_dark_regrowth:sculk_biter":7,"deep_dark_regrowth:sculk_ribs":1,"minecraft:crafting_table":3,"minecraft:torch":5,"minecraft:emerald_ore":1,"minecraft:chest":1,"minecraft:sculk_sensor":11,"minecraft:tall_grass":1,"minecraft:cobblestone":22,"deep_dark_regrowth:overloaded_sculk":5,"minecraft:deepslate_gold_ore":7,"minecraft:sugar_cane":21,"minecraft:sculk":466,"minecraft:coarse_dirt":1,"minecraft:wheat":36,"minecraft:white_carpet":1,"deep_dark_regrowth:apatine_plant":5,"minecraft:grass":10,"deep_dark_regrowth:large_fernus":1,"minecraft:oak_log":8,"minecraft:coal_ore":111,"deep_dark_regrowth:large_infected_mushroom":1,"minecraft:dirt":8,"minecraft:gold_ore":3,"minecraft:oak_leaves":1,"minecraft:deepslate":29},"minecraft:picked_up":{"minecraft:crafting_table":4,"minecraft:iron_chestplate":1,"minecraft:coarse_dirt":1,"minecraft:wheat":31,"securitycraft:taser":1,"minecraft:enchanted_book":1,"securitycraft:keycard_holder":1,"minecraft:brewing_stand":1,"minecraft:string":1,"minecraft:moss_carpet":16,"minecraft:iron_leggings":1,"minecraft:white_carpet":1,"ancient_elements:aetherial_shard":1,"minecraft:candle":4,"minecraft:cobbled_deepslate":49,"minecraft:beef":118,"minecraft:jungle_sapling":2,"minecraft:azalea":9,"minecraft:sugar_cane":34,"minecraft:chest":1,"minecraft:iron_boots":2,"minecraft:dark_oak_sapling":16,"minecraft:stick":21,"minecraft:raw_iron":131,"minecraft:torch":10,"tombstone:grave_dust":2,"minecraft:redstone":101,"securitycraft:briefcase":1,"minecraft:dark_oak_planks":18,"minecraft:arrow":2,"minecraft:rotten_flesh":7,"deep_dark_regrowth:large_infected_mushroom":7,"vampirism:altar_inspiration":1,"minecraft:mutton":5,"minecraft:white_wool":4,"minecraft:cobblestone":80,"minecraft:glow_ink_sac":45,"minecraft:andesite":4,"minecraft:jungle_log":3,"minecraft:leather":70,"minecraft:packed_mud":7,"minecraft:oak_log":9,"deep_dark_regrowth:mossy_fluorite":31,"securitycraft:keypad_chest":1,"minecraft:gunpowder":1,"deep_dark_regrowth:apatine_seeds":15,"minecraft:lapis_lazuli":7,"minecraft:dirt":48,"tombstone:gift":1,"minecraft:bone":4,"minecraft:stone_bricks":1,"minecraft:bow":1,"minecraft:wheat_seeds":91,"minecraft:raw_gold":10,"guideapi_vp:vampirism-guidebook":1,"minecraft:stone_pickaxe":1,"deep_dark_regrowth:short_infected_mushroom":1,"minecraft:moss_block":91,"minecraft:flowering_azalea":3,"ancient_elements:aero_charge":2,"minecraft:book":9,"minecraft:pumpkin":15,"deep_dark_regrowth:apatine":14,"minecraft:dandelion":4,"minecraft:small_amethyst_bud":4,"minecraft:white_bed":1,"minecraft:dark_oak_log":219,"securitycraft:universal_block_remover":1,"minecraft:bundle":2,"minecraft:iron_hoe":1,"minecraft:diamond":19,"minecraft:iron_helmet":1,"minecraft:bone_meal":8,"minecraft:emerald":1,"minecraft:coal":138},"minecraft:killed":{"vampirism:vampire":1,"minecraft:slime":3,"minecraft:phantom":1,"minecraft:skeleton":3,"realmrpg_demons:chort":5,"ancient_elements:aetherial_glaze":3,"minecraft:sheep":4,"minecraft:zombie":3,"minecraft:cow":32},"minecraft:custom":{"minecraft:mob_kills":57,"minecraft:interact_with_crafting_table":48,"minecraft:open_barrel":6,"minecraft:leave_game":3,"minecraft:time_since_death":27715,"minecraft:climb_one_cm":24288,"vampirism:amount_bitten":2,"minecraft:sprint_one_cm":555932,"minecraft:walk_one_cm":785353,"minecraft:damage_blocked_by_shield":600,"tombstone:consume_soul":1,"minecraft:drop":43,"vampirism:skills_unlocked":1,"minecraft:play_time":336375,"minecraft:deaths":11,"minecraft:sneak_time":43062,"minecraft:walk_under_water_one_cm":27226,"minecraft:jump":3552,"minecraft:interact_with_blast_furnace":6,"minecraft:walk_on_water_one_cm":34569,"minecraft:total_world_time":336375,"minecraft:interact_with_furnace":34,"tombstone:raider_killed":1,"minecraft:sleep_in_bed":6,"minecraft:time_since_rest":3572,"minecraft:damage_taken":6416,"minecraft:damage_dealt":6628,"minecraft:swim_one_cm":31147,"minecraft:fly_one_cm":642176,"minecraft:open_chest":113,"minecraft:crouch_one_cm":151958,"tombstone:undead_killed":7,"minecraft:interact_with_smoker":9,"minecraft:fall_one_cm":93774},"minecraft:used":{"minecraft:azalea":2,"minecraft:moss_block":1,"minecraft:stone_sword":46,"minecraft:ladder":106,"minecraft:chest":11,"minecraft:shield":9,"minecraft:torch":111,"minecraft:dirt":108,"minecraft:white_carpet":4,"securitycraft:keypad_item":1,"minecraft:dark_oak_planks":177,"minecraft:flowering_azalea":3,"minecraft:lava_bucket":5,"minecraft:iron_axe":118,"minecraft:packed_mud":6,"minecraft:furnace":9,"tombstone:gift":3,"minecraft:cooked_beef":16,"minecraft:cobbled_deepslate":2,"minecraft:dark_oak_sapling":16,"minecraft:wheat_seeds":36,"minecraft:water_bucket":17,"minecraft:baked_potato":46,"minecraft:stone_pickaxe":131,"minecraft:oak_planks":6,"minecraft:wooden_pickaxe":37,"minecraft:crafting_table":6,"securitycraft:universal_block_remover":1,"minecraft:white_bed":1,"minecraft:dark_oak_door":2,"minecraft:dark_oak_log":103,"minecraft:iron_pickaxe":279,"minecraft:stone_axe":129,"minecraft:diamond_sword":72,"minecraft:cobblestone":373,"minecraft:bucket":24,"securitycraft:briefcase":4,"minecraft:coarse_dirt":1,"minecraft:bone_meal":8},"minecraft:broken":{"minecraft:stone_pickaxe":1,"minecraft:stone_axe":1}},"DataVersion":3465}