{"stats":{"minecraft:killed":{"minecraft:slime":3,"minecraft:skeleton":3,"realmrpg_demons:chort":4,"minecraft:sheep":4,"minecraft:zombie":1,"minecraft:cow":32},"minecraft:custom":{"minecraft:mob_kills":49,"minecraft:interact_with_crafting_table":42,"minecraft:open_barrel":6,"minecraft:leave_game":3,"minecraft:time_since_death":78336,"minecraft:climb_one_cm":24288,"minecraft:sprint_one_cm":404861,"minecraft:walk_one_cm":597307,"minecraft:damage_blocked_by_shield":600,"tombstone:consume_soul":1,"minecraft:drop":27,"minecraft:play_time":278182,"minecraft:deaths":7,"minecraft:sneak_time":39861,"minecraft:walk_under_water_one_cm":20353,"minecraft:jump":2604,"minecraft:interact_with_blast_furnace":5,"minecraft:walk_on_water_one_cm":27408,"minecraft:total_world_time":278182,"minecraft:interact_with_furnace":18,"minecraft:sleep_in_bed":5,"minecraft:time_since_rest":78054,"minecraft:damage_taken":4196,"minecraft:damage_dealt":5332,"minecraft:swim_one_cm":25640,"minecraft:fly_one_cm":440518,"minecraft:open_chest":78,"minecraft:crouch_one_cm":140298,"tombstone:undead_killed":4,"minecraft:interact_with_smoker":8,"minecraft:fall_one_cm":68701},"minecraft:killed_by":{"minecraft:player":1,"minecraft:creeper":1,"minecraft:skeleton":1,"minecraft:zombie":2},"minecraft:used":{"minecraft:azalea":2,"minecraft:moss_block":1,"minecraft:stone_sword":46,"minecraft:ladder":106,"minecraft:chest":3,"minecraft:shield":9,"minecraft:torch":98,"minecraft:dirt":99,"minecraft:white_carpet":4,"securitycraft:keypad_item":1,"minecraft:dark_oak_planks":177,"minecraft:flowering_azalea":3,"minecraft:iron_axe":102,"minecraft:furnace":1,"tombstone:gift":1,"minecraft:cooked_beef":16,"minecraft:cobbled_deepslate":2,"minecraft:dark_oak_sapling":16,"minecraft:wheat_seeds":36,"minecraft:water_bucket":16,"minecraft:stone_pickaxe":131,"minecraft:baked_potato":19,"minecraft:oak_planks":6,"minecraft:wooden_pickaxe":37,"minecraft:crafting_table":6,"securitycraft:universal_block_remover":1,"minecraft:white_bed":1,"minecraft:dark_oak_door":2,"minecraft:dark_oak_log":103,"minecraft:iron_pickaxe":244,"minecraft:stone_axe":129,"minecraft:diamond_sword":51,"minecraft:cobblestone":372,"minecraft:bucket":18,"securitycraft:briefcase":2,"minecraft:coarse_dirt":1,"minecraft:bone_meal":8},"minecraft:crafted":{"minecraft:oak_planks":36,"minecraft:furnace":1,"minecraft:stone_button":8,"minecraft:stone":2,"minecraft:bone_meal":60,"securitycraft:keypad_item":1,"minecraft:heavy_weighted_pressure_plate":1,"minecraft:white_carpet":3,"minecraft:iron_bars":16,"minecraft:dark_oak_door":3,"minecraft:iron_boots":1,"minecraft:iron_axe":1,"securitycraft:universal_block_remover":1,"minecraft:ladder":135,"minecraft:stone_pickaxe":1,"minecraft:chest":3,"securitycraft:briefcase":1,"minecraft:dark_oak_planks":440,"minecraft:cooked_beef":47,"minecraft:diamond_sword":1,"minecraft:crafting_table":2,"minecraft:wooden_pickaxe":1,"minecraft:iron_helmet":1,"minecraft:bucket":2,"minecraft:stone_axe":1,"minecraft:air":0,"minecraft:jungle_planks":12,"minecraft:book":1,"minecraft:paper":3,"minecraft:shield":1,"minecraft:stick":352,"minecraft:iron_ingot":80,"minecraft:iron_pickaxe":2,"minecraft:stone_sword":1,"minecraft:iron_leggings":1,"minecraft:torch":140,"securitycraft:sc_manual":1,"minecraft:shears":1,"minecraft:diamond_chestplate":1},"minecraft:broken":{"minecraft:stone_pickaxe":1,"minecraft:stone_axe":1},"minecraft:dropped":{"minecraft:wheat_seeds":1,"minecraft:leather":55,"deep_dark_regrowth:short_infected_mushroom":1,"minecraft:coal":10,"tombstone:grave_dust":1,"minecraft:string":1,"minecraft:dandelion":4,"minecraft:cobbled_deepslate":19,"minecraft:stone_sword":1,"minecraft:wheat":1,"swem:alfalfa_seeds":3,"securitycraft:taser":1,"minecraft:iron_hoe":1,"swem:cantazarite":3,"securitycraft:universal_block_remover":1,"swem:timothy_seeds":1,"minecraft:gunpowder":1,"minecraft:andesite":4,"securitycraft:briefcase":1,"minecraft:wooden_pickaxe":1,"minecraft:stone_pickaxe":1},"minecraft:picked_up":{"minecraft:crafting_table":4,"minecraft:iron_chestplate":1,"minecraft:coarse_dirt":1,"minecraft:wheat":31,"securitycraft:taser":1,"minecraft:enchanted_book":1,"securitycraft:keycard_holder":1,"minecraft:brewing_stand":1,"minecraft:string":1,"minecraft:moss_carpet":16,"minecraft:iron_leggings":1,"minecraft:white_carpet":1,"minecraft:candle":4,"minecraft:cobbled_deepslate":25,"minecraft:beef":118,"minecraft:jungle_sapling":2,"minecraft:azalea":9,"minecraft:sugar_cane":34,"minecraft:iron_boots":1,"minecraft:dark_oak_sapling":16,"minecraft:stick":21,"minecraft:raw_iron":130,"minecraft:torch":9,"minecraft:redstone":55,"securitycraft:briefcase":1,"minecraft:dark_oak_planks":14,"minecraft:arrow":2,"minecraft:rotten_flesh":1,"deep_dark_regrowth:large_infected_mushroom":7,"swem:alfalfa_seeds":6,"minecraft:mutton":5,"minecraft:white_wool":4,"minecraft:cobblestone":78,"swem:timothy_seeds":6,"minecraft:glow_ink_sac":45,"minecraft:jungle_log":3,"minecraft:andesite":4,"minecraft:leather":70,"minecraft:oak_log":9,"deep_dark_regrowth:mossy_fluorite":31,"securitycraft:keypad_chest":1,"minecraft:gunpowder":1,"deep_dark_regrowth:apatine_seeds":15,"minecraft:lapis_lazuli":7,"minecraft:dirt":36,"minecraft:bone":4,"minecraft:bow":1,"minecraft:wheat_seeds":87,"minecraft:raw_gold":9,"minecraft:stone_pickaxe":1,"deep_dark_regrowth:short_infected_mushroom":1,"minecraft:moss_block":91,"swem:oat_seeds":6,"minecraft:flowering_azalea":3,"minecraft:book":9,"deep_dark_regrowth:apatine":14,"swem:cantazarite":20,"minecraft:dandelion":4,"minecraft:small_amethyst_bud":4,"minecraft:white_bed":1,"minecraft:dark_oak_log":219,"securitycraft:universal_block_remover":1,"minecraft:iron_hoe":1,"minecraft:bundle":2,"minecraft:diamond":16,"minecraft:iron_helmet":1,"minecraft:coal":136},"minecraft:mined":{"minecraft:dark_oak_planks":14,"deep_dark_regrowth:short_infected_mushroom":1,"minecraft:white_bed":1,"deep_dark_regrowth:sculk_soil":2,"minecraft:dark_oak_leaves":18,"minecraft:deepslate_diamond_ore":16,"minecraft:candle":1,"minecraft:sculk_vein":10,"minecraft:jungle_leaves":2,"minecraft:dark_oak_log":201,"minecraft:brewing_stand":1,"deep_dark_regrowth:sculk_sprouts":6,"minecraft:spruce_trapdoor":1,"swem:cantazarite_ore":4,"minecraft:grass_block":18,"minecraft:jungle_log":3,"minecraft:moss_block":67,"deep_dark_regrowth:vilethorn":1,"minecraft:sculk_catalyst":1,"minecraft:iron_ore":82,"deep_dark_regrowth:fernus":1,"minecraft:andesite":4,"minecraft:moss_carpet":5,"minecraft:sculk_shrieker":1,"minecraft:deepslate_iron_ore":47,"minecraft:azalea_leaves":3,"minecraft:azalea":5,"minecraft:stone":62,"minecraft:deepslate_redstone_ore":12,"minecraft:flowering_azalea":2,"deep_dark_regrowth:sculk_biter":7,"deep_dark_regrowth:sculk_ribs":1,"minecraft:crafting_table":3,"minecraft:torch":5,"minecraft:sculk_sensor":11,"minecraft:tall_grass":1,"minecraft:cobblestone":20,"deep_dark_regrowth:overloaded_sculk":5,"minecraft:deepslate_gold_ore":6,"minecraft:sugar_cane":21,"minecraft:sculk":466,"minecraft:coarse_dirt":1,"minecraft:wheat":36,"minecraft:white_carpet":1,"deep_dark_regrowth:apatine_plant":5,"deep_dark_regrowth:large_fernus":1,"minecraft:grass":10,"minecraft:oak_log":8,"minecraft:coal_ore":111,"deep_dark_regrowth:large_infected_mushroom":1,"minecraft:dirt":4,"minecraft:gold_ore":3,"minecraft:deepslate":22,"minecraft:oak_leaves":1}},"DataVersion":3465}