{"stats":{"minecraft:killed_by":{"minecraft:player":1,"minecraft:creeper":1},"minecraft:dropped":{"minecraft:wheat_seeds":1,"minecraft:leather":55,"minecraft:dandelion":4,"minecraft:stone_sword":1,"minecraft:wheat":1,"swem:alfalfa_seeds":3,"securitycraft:taser":1,"minecraft:iron_hoe":1,"securitycraft:universal_block_remover":1,"swem:timothy_seeds":1,"minecraft:andesite":3,"securitycraft:briefcase":1,"minecraft:stone_pickaxe":1,"minecraft:wooden_pickaxe":1},"minecraft:killed":{"realmrpg_demons:chort":3,"minecraft:sheep":4,"minecraft:cow":31},"minecraft:custom":{"minecraft:mob_kills":39,"minecraft:interact_with_crafting_table":34,"minecraft:leave_game":2,"minecraft:time_since_death":3583,"minecraft:climb_one_cm":24288,"minecraft:sprint_one_cm":325888,"minecraft:walk_one_cm":421380,"tombstone:consume_soul":1,"minecraft:drop":18,"minecraft:play_time":138440,"minecraft:deaths":4,"minecraft:sneak_time":16704,"minecraft:walk_under_water_one_cm":19083,"minecraft:jump":1935,"minecraft:interact_with_blast_furnace":5,"minecraft:walk_on_water_one_cm":15709,"minecraft:total_world_time":138440,"minecraft:interact_with_furnace":12,"minecraft:sleep_in_bed":4,"minecraft:time_since_rest":3144,"minecraft:damage_taken":2492,"minecraft:damage_dealt":3155,"minecraft:swim_one_cm":25640,"minecraft:fly_one_cm":349124,"minecraft:open_chest":72,"minecraft:crouch_one_cm":49175,"minecraft:interact_with_smoker":8,"minecraft:fall_one_cm":54977},"minecraft:crafted":{"minecraft:oak_planks":36,"minecraft:stone_button":8,"minecraft:stone":2,"minecraft:bone_meal":60,"securitycraft:keypad_item":1,"minecraft:heavy_weighted_pressure_plate":1,"minecraft:white_carpet":3,"minecraft:iron_bars":16,"minecraft:dark_oak_door":3,"minecraft:iron_boots":1,"minecraft:iron_axe":1,"minecraft:ladder":135,"securitycraft:universal_block_remover":1,"minecraft:stone_pickaxe":1,"minecraft:chest":3,"securitycraft:briefcase":1,"minecraft:dark_oak_planks":424,"minecraft:cooked_beef":47,"minecraft:diamond_sword":1,"minecraft:crafting_table":2,"minecraft:wooden_pickaxe":1,"minecraft:iron_helmet":1,"minecraft:bucket":1,"minecraft:stone_axe":1,"minecraft:air":0,"minecraft:jungle_planks":12,"minecraft:book":1,"minecraft:paper":3,"minecraft:stick":332,"minecraft:iron_ingot":47,"minecraft:iron_pickaxe":2,"minecraft:stone_sword":1,"minecraft:iron_leggings":1,"minecraft:torch":32,"securitycraft:sc_manual":1,"minecraft:shears":1,"minecraft:diamond_chestplate":1},"minecraft:mined":{"minecraft:dark_oak_planks":14,"minecraft:white_bed":1,"minecraft:dark_oak_leaves":18,"minecraft:dark_oak_log":201,"minecraft:jungle_leaves":2,"minecraft:brewing_stand":1,"minecraft:grass_block":18,"minecraft:jungle_log":3,"minecraft:moss_block":67,"minecraft:iron_ore":50,"minecraft:andesite":3,"minecraft:moss_carpet":5,"minecraft:azalea_leaves":3,"minecraft:azalea":5,"minecraft:stone":26,"minecraft:flowering_azalea":2,"minecraft:crafting_table":3,"minecraft:torch":4,"minecraft:cobblestone":20,"minecraft:tall_grass":1,"minecraft:sugar_cane":21,"minecraft:coarse_dirt":1,"minecraft:wheat":36,"minecraft:white_carpet":1,"minecraft:grass":10,"minecraft:coal_ore":111,"minecraft:oak_log":8,"minecraft:dirt":4,"minecraft:oak_leaves":1},"minecraft:used":{"minecraft:azalea":2,"minecraft:moss_block":1,"minecraft:stone_sword":46,"minecraft:ladder":106,"minecraft:chest":3,"minecraft:torch":16,"minecraft:dirt":99,"minecraft:white_carpet":4,"securitycraft:keypad_item":1,"minecraft:dark_oak_planks":177,"minecraft:flowering_azalea":3,"minecraft:iron_axe":100,"minecraft:cooked_beef":16,"minecraft:dark_oak_sapling":16,"minecraft:wheat_seeds":36,"minecraft:water_bucket":13,"minecraft:stone_pickaxe":131,"minecraft:baked_potato":3,"minecraft:oak_planks":6,"minecraft:wooden_pickaxe":37,"minecraft:crafting_table":5,"securitycraft:universal_block_remover":1,"minecraft:white_bed":1,"minecraft:dark_oak_door":2,"minecraft:dark_oak_log":103,"minecraft:iron_pickaxe":45,"minecraft:stone_axe":129,"minecraft:diamond_sword":17,"minecraft:cobblestone":361,"minecraft:bucket":14,"securitycraft:briefcase":1,"minecraft:coarse_dirt":1,"minecraft:bone_meal":8},"minecraft:picked_up":{"minecraft:coarse_dirt":1,"minecraft:iron_chestplate":1,"minecraft:crafting_table":4,"minecraft:wheat":28,"securitycraft:taser":1,"securitycraft:keycard_holder":1,"minecraft:brewing_stand":1,"minecraft:moss_carpet":16,"minecraft:iron_leggings":1,"minecraft:white_carpet":1,"minecraft:beef":117,"minecraft:jungle_sapling":2,"minecraft:azalea":9,"minecraft:sugar_cane":34,"minecraft:iron_boots":1,"minecraft:dark_oak_sapling":16,"minecraft:stick":21,"minecraft:raw_iron":51,"minecraft:torch":6,"securitycraft:briefcase":1,"minecraft:dark_oak_planks":14,"swem:alfalfa_seeds":6,"minecraft:mutton":5,"minecraft:white_wool":4,"minecraft:cobblestone":42,"swem:timothy_seeds":6,"minecraft:andesite":3,"minecraft:jungle_log":3,"minecraft:leather":69,"minecraft:oak_log":9,"securitycraft:keypad_chest":1,"minecraft:dirt":36,"minecraft:wheat_seeds":87,"minecraft:stone_pickaxe":1,"minecraft:moss_block":91,"swem:oat_seeds":6,"minecraft:flowering_azalea":3,"minecraft:dandelion":4,"minecraft:white_bed":1,"minecraft:dark_oak_log":219,"securitycraft:universal_block_remover":1,"minecraft:bundle":1,"minecraft:iron_hoe":1,"minecraft:iron_helmet":1,"minecraft:coal":132},"minecraft:broken":{"minecraft:stone_pickaxe":1,"minecraft:stone_axe":1}},"DataVersion":3465}