{
  "minecraft:recipes/decorations/crafting_table": {
    "criteria": {
      "unlock_right_away": "2024-05-15 00:02:22 +0000"
    },
    "done": true
  },
  "tombstone:adventure/root": {
    "criteria": {
      "auto": "2024-05-15 00:02:23 +0000"
    },
    "done": true
  },
  "minecraft:adventure/adventuring_time": {
    "criteria": {
      "minecraft:sparse_jungle": "2024-05-15 00:02:23 +0000",
      "minecraft:river": "2024-05-15 00:08:34 +0000"
    },
    "done": false
  },
  "minecraft:recipes/building_blocks/jungle_wood": {
    "criteria": {
      "has_log": "2024-05-15 00:02:51 +0000"
    },
    "done": true
  },
  "minecraft:recipes/misc/charcoal": {
    "criteria": {
      "has_log": "2024-05-15 00:02:51 +0000"
    },
    "done": true
  },
  "securitycraft:recipes/misc/sc_manual": {
    "criteria": {
      "has_wood": "2024-05-15 00:02:51 +0000"
    },
    "done": true
  },
  "minecraft:recipes/building_blocks/jungle_planks": {
    "criteria": {
      "has_logs": "2024-05-15 00:02:51 +0000"
    },
    "done": true
  },
  "minecraft:recipes/building_blocks/oak_planks": {
    "criteria": {
      "has_logs": "2024-05-15 00:04:11 +0000"
    },
    "done": true
  },
  "minecraft:recipes/building_blocks/oak_wood": {
    "criteria": {
      "has_log": "2024-05-15 00:04:11 +0000"
    },
    "done": true
  },
  "furnitura:recipes/misc/jungle_chair": {
    "criteria": {
      "has_jungle_planks": "2024-05-15 00:05:09 +0000"
    },
    "done": true
  },
  "minecraft:recipes/misc/stick": {
    "criteria": {
      "has_planks": "2024-05-15 00:05:09 +0000"
    },
    "done": true
  },
  "furnitura:recipes/misc/jungle_desk": {
    "criteria": {
      "has_jungle_planks": "2024-05-15 00:05:09 +0000"
    },
    "done": true
  },
  "furnitura:recipes/misc/jungle_stool": {
    "criteria": {
      "has_jungle_planks": "2024-05-15 00:05:09 +0000"
    },
    "done": true
  },
  "minecraft:recipes/building_blocks/jungle_stairs": {
    "criteria": {
      "has_planks": "2024-05-15 00:05:09 +0000"
    },
    "done": true
  },
  "minecraft:recipes/redstone/jungle_trapdoor": {
    "criteria": {
      "has_planks": "2024-05-15 00:05:09 +0000"
    },
    "done": true
  },
  "minecraft:recipes/decorations/jungle_sign": {
    "criteria": {
      "has_planks": "2024-05-15 00:05:09 +0000"
    },
    "done": true
  },
  "furnitura:recipes/misc/single_leg_table_jungle": {
    "criteria": {
      "has_jungle_planks": "2024-05-15 00:05:09 +0000"
    },
    "done": true
  },
  "minecraft:recipes/redstone/jungle_door": {
    "criteria": {
      "has_planks": "2024-05-15 00:05:09 +0000"
    },
    "done": true
  },
  "minecraft:recipes/decorations/jungle_fence": {
    "criteria": {
      "has_planks": "2024-05-15 00:05:09 +0000"
    },
    "done": true
  },
  "minecraft:recipes/decorations/barrel": {
    "criteria": {
      "has_planks": "2024-05-15 00:05:09 +0000"
    },
    "done": true
  },
  "furnitura:recipes/misc/jungle_stump": {
    "criteria": {
      "has_jungle_planks": "2024-05-15 00:05:09 +0000"
    },
    "done": true
  },
  "minecraft:recipes/building_blocks/jungle_slab": {
    "criteria": {
      "has_planks": "2024-05-15 00:05:09 +0000"
    },
    "done": true
  },
  "furnitura:recipes/misc/jungle_mailbox": {
    "criteria": {
      "has_jungle_planks": "2024-05-15 00:05:09 +0000"
    },
    "done": true
  },
  "furnitura:recipes/misc/jungle_shelf_extenders": {
    "criteria": {
      "has_jungle_planks": "2024-05-15 00:05:09 +0000"
    },
    "done": true
  },
  "furnitura:recipes/misc/jungle_crate": {
    "criteria": {
      "has_jungle_planks": "2024-05-15 00:05:09 +0000"
    },
    "done": true
  },
  "minecraft:recipes/redstone/jungle_button": {
    "criteria": {
      "has_planks": "2024-05-15 00:05:09 +0000"
    },
    "done": true
  },
  "minecraft:recipes/redstone/jungle_fence_gate": {
    "criteria": {
      "has_planks": "2024-05-15 00:05:09 +0000"
    },
    "done": true
  },
  "furnitura:recipes/misc/jungle_log_shelf": {
    "criteria": {
      "has_jungle_planks": "2024-05-15 00:05:09 +0000"
    },
    "done": true
  },
  "furnitura:recipes/misc/jungle_cabinet": {
    "criteria": {
      "has_jungle_planks": "2024-05-15 00:05:09 +0000"
    },
    "done": true
  },
  "furnitura:recipes/misc/jungle_shelf": {
    "criteria": {
      "has_jungle_planks": "2024-05-15 00:05:09 +0000"
    },
    "done": true
  },
  "furnitura:recipes/misc/jungle_table": {
    "criteria": {
      "has_jungle_planks": "2024-05-15 00:05:09 +0000"
    },
    "done": true
  },
  "minecraft:recipes/redstone/jungle_pressure_plate": {
    "criteria": {
      "has_planks": "2024-05-15 00:05:09 +0000"
    },
    "done": true
  },
  "furnitura:recipes/misc/small_table_jungle": {
    "criteria": {
      "has_jungle_planks": "2024-05-15 00:05:09 +0000"
    },
    "done": true
  },
  "minecraft:story/root": {
    "criteria": {
      "crafting_table": "2024-05-15 00:05:12 +0000"
    },
    "done": true
  },
  "minecraft:recipes/decorations/ladder": {
    "criteria": {
      "has_stick": "2024-05-15 00:05:15 +0000"
    },
    "done": true
  },
  "securitycraft:recipes/misc/motion_activated_light": {
    "criteria": {
      "has_stick": "2024-05-15 00:05:15 +0000"
    },
    "done": true
  },
  "minecraft:recipes/tools/wooden_axe": {
    "criteria": {
      "has_stick": "2024-05-15 00:05:15 +0000"
    },
    "done": true
  },
  "swem:recipes/misc/western_fence_acacia": {
    "criteria": {
      "has_stick": "2024-05-15 00:05:15 +0000"
    },
    "done": true
  },
  "swem:recipes/misc/pasture_fence_whitewash": {
    "criteria": {
      "has_stick": "2024-05-15 00:05:15 +0000"
    },
    "done": true
  },
  "minecraft:recipes/decorations/campfire": {
    "criteria": {
      "has_stick": "2024-05-15 00:05:15 +0000"
    },
    "done": true
  },
  "minecraft:recipes/tools/wooden_hoe": {
    "criteria": {
      "has_stick": "2024-05-15 00:05:15 +0000"
    },
    "done": true
  },
  "swem:recipes/misc/western_fence_spruce": {
    "criteria": {
      "has_stick": "2024-05-15 00:05:15 +0000"
    },
    "done": true
  },
  "securitycraft:recipes/misc/sonic_security_system": {
    "criteria": {
      "has_stick": "2024-05-15 00:05:15 +0000"
    },
    "done": true
  },
  "swem:recipes/misc/pasture_fence_acacia": {
    "criteria": {
      "has_stick": "2024-05-15 00:05:15 +0000"
    },
    "done": true
  },
  "minecraft:recipes/tools/wooden_shovel": {
    "criteria": {
      "has_stick": "2024-05-15 00:05:15 +0000"
    },
    "done": true
  },
  "minecraft:recipes/combat/wooden_sword": {
    "criteria": {
      "has_stick": "2024-05-15 00:05:15 +0000"
    },
    "done": true
  },
  "swem:recipes/misc/western_fence_oak": {
    "criteria": {
      "has_stick": "2024-05-15 00:05:15 +0000"
    },
    "done": true
  },
  "swem:recipes/misc/pasture_fence_spruce": {
    "criteria": {
      "has_stick": "2024-05-15 00:05:15 +0000"
    },
    "done": true
  },
  "swem:recipes/misc/western_fence_jungle": {
    "criteria": {
      "has_stick": "2024-05-15 00:05:15 +0000"
    },
    "done": true
  },
  "swem:recipes/misc/pasture_fence_oak": {
    "criteria": {
      "has_stick": "2024-05-15 00:05:15 +0000"
    },
    "done": true
  },
  "swem:recipes/misc/pasture_fence_birch": {
    "criteria": {
      "has_stick": "2024-05-15 00:05:15 +0000"
    },
    "done": true
  },
  "swem:recipes/misc/western_fence_birch": {
    "criteria": {
      "has_stick": "2024-05-15 00:05:15 +0000"
    },
    "done": true
  },
  "swem:recipes/misc/pasture_fence_jungle": {
    "criteria": {
      "has_stick": "2024-05-15 00:05:15 +0000"
    },
    "done": true
  },
  "minecraft:recipes/tools/wooden_pickaxe": {
    "criteria": {
      "has_stick": "2024-05-15 00:05:15 +0000"
    },
    "done": true
  },
  "swem:recipes/misc/western_fence_whitewash": {
    "criteria": {
      "has_stick": "2024-05-15 00:05:15 +0000"
    },
    "done": true
  },
  "swem:recipes/misc/western_fence_dark_oak": {
    "criteria": {
      "has_stick": "2024-05-15 00:05:15 +0000"
    },
    "done": true
  },
  "swem:recipes/misc/pasture_fence_dark_oak": {
    "criteria": {
      "has_stick": "2024-05-15 00:05:15 +0000"
    },
    "done": true
  },
  "minecraft:story/mine_stone": {
    "criteria": {
      "get_stone": "2024-05-15 00:05:25 +0000"
    },
    "done": true
  },
  "minecraft:recipes/decorations/furnace": {
    "criteria": {
      "has_cobblestone": "2024-05-15 00:05:25 +0000"
    },
    "done": true
  },
  "minecraft:recipes/building_blocks/cobblestone_slab_from_cobblestone_stonecutting": {
    "criteria": {
      "has_cobblestone": "2024-05-15 00:05:25 +0000"
    },
    "done": true
  },
  "minecraft:recipes/building_blocks/stone": {
    "criteria": {
      "has_cobblestone": "2024-05-15 00:05:25 +0000"
    },
    "done": true
  },
  "minecraft:recipes/tools/stone_pickaxe": {
    "criteria": {
      "has_cobblestone": "2024-05-15 00:05:25 +0000"
    },
    "done": true
  },
  "minecraft:recipes/building_blocks/cobblestone_slab": {
    "criteria": {
      "has_cobblestone": "2024-05-15 00:05:25 +0000"
    },
    "done": true
  },
  "minecraft:recipes/decorations/cobblestone_wall_from_cobblestone_stonecutting": {
    "criteria": {
      "has_cobblestone": "2024-05-15 00:05:25 +0000"
    },
    "done": true
  },
  "minecraft:recipes/building_blocks/cobblestone_stairs": {
    "criteria": {
      "has_cobblestone": "2024-05-15 00:05:25 +0000"
    },
    "done": true
  },
  "minecraft:recipes/tools/stone_shovel": {
    "criteria": {
      "has_cobblestone": "2024-05-15 00:05:25 +0000"
    },
    "done": true
  },
  "minecraft:recipes/redstone/lever": {
    "criteria": {
      "has_cobblestone": "2024-05-15 00:05:25 +0000"
    },
    "done": true
  },
  "minecraft:recipes/combat/stone_sword": {
    "criteria": {
      "has_cobblestone": "2024-05-15 00:05:25 +0000"
    },
    "done": true
  },
  "minecraft:recipes/decorations/cobblestone_wall": {
    "criteria": {
      "has_cobblestone": "2024-05-15 00:05:25 +0000"
    },
    "done": true
  },
  "minecraft:recipes/tools/stone_axe": {
    "criteria": {
      "has_cobblestone": "2024-05-15 00:05:25 +0000"
    },
    "done": true
  },
  "securitycraft:recipes/redstone/laser_block": {
    "criteria": {
      "has_stone": "2024-05-15 00:05:25 +0000"
    },
    "done": true
  },
  "securitycraft:recipes/building_blocks/reinforced_andesite": {
    "criteria": {
      "has_cobblestone": "2024-05-15 00:05:25 +0000"
    },
    "done": true
  },
  "securitycraft:recipes/building_blocks/reinforced_diorite": {
    "criteria": {
      "has_cobblestone": "2024-05-15 00:05:25 +0000"
    },
    "done": true
  },
  "minecraft:recipes/building_blocks/cobblestone_stairs_from_cobblestone_stonecutting": {
    "criteria": {
      "has_cobblestone": "2024-05-15 00:05:25 +0000"
    },
    "done": true
  },
  "minecraft:recipes/tools/stone_hoe": {
    "criteria": {
      "has_cobblestone": "2024-05-15 00:05:25 +0000"
    },
    "done": true
  },
  "minecraft:recipes/building_blocks/coal_block": {
    "criteria": {
      "has_coal": "2024-05-15 00:05:40 +0000"
    },
    "done": true
  },
  "minecraft:recipes/transportation/cherry_boat": {
    "criteria": {
      "in_water": "2024-05-15 00:06:39 +0000"
    },
    "done": true
  },
  "minecraft:recipes/transportation/bamboo_raft": {
    "criteria": {
      "in_water": "2024-05-15 00:06:39 +0000"
    },
    "done": true
  },
  "minecraft:recipes/transportation/acacia_boat": {
    "criteria": {
      "in_water": "2024-05-15 00:06:39 +0000"
    },
    "done": true
  },
  "minecraft:recipes/transportation/jungle_boat": {
    "criteria": {
      "in_water": "2024-05-15 00:06:39 +0000"
    },
    "done": true
  },
  "minecraft:recipes/transportation/spruce_boat": {
    "criteria": {
      "in_water": "2024-05-15 00:06:39 +0000"
    },
    "done": true
  },
  "minecraft:recipes/transportation/birch_boat": {
    "criteria": {
      "in_water": "2024-05-15 00:06:39 +0000"
    },
    "done": true
  },
  "minecraft:recipes/transportation/oak_boat": {
    "criteria": {
      "in_water": "2024-05-15 00:06:39 +0000"
    },
    "done": true
  },
  "minecraft:recipes/transportation/mangrove_boat": {
    "criteria": {
      "in_water": "2024-05-15 00:06:39 +0000"
    },
    "done": true
  },
  "minecraft:recipes/transportation/dark_oak_boat": {
    "criteria": {
      "in_water": "2024-05-15 00:06:39 +0000"
    },
    "done": true
  },
  "minecraft:recipes/decorations/chest": {
    "criteria": {
      "has_lots_of_items": "2024-05-15 00:06:49 +0000"
    },
    "done": true
  },
  "securitycraft:recipes/building_blocks/reinforced_mossy_cobblestone_from_vanilla_moss": {
    "criteria": {
      "has_moss": "2024-05-15 00:06:49 +0000"
    },
    "done": true
  },
  "securitycraft:recipes/building_blocks/reinforced_mossy_stone_bricks_from_vanilla_moss": {
    "criteria": {
      "has_moss": "2024-05-15 00:06:49 +0000"
    },
    "done": true
  },
  "minecraft:recipes/building_blocks/mossy_cobblestone_from_moss_block": {
    "criteria": {
      "has_moss_block": "2024-05-15 00:06:49 +0000"
    },
    "done": true
  },
  "minecraft:recipes/decorations/moss_carpet": {
    "criteria": {
      "has_moss_block": "2024-05-15 00:06:49 +0000"
    },
    "done": true
  },
  "minecraft:recipes/building_blocks/mossy_stone_bricks_from_moss_block": {
    "criteria": {
      "has_moss_block": "2024-05-15 00:06:49 +0000"
    },
    "done": true
  },
  "minecraft:adventure/root": {
    "criteria": {
      "killed_something": "2024-05-15 00:07:22 +0000"
    },
    "done": true
  },
  "furnitura:recipes/misc/couch_extenders_light_blue": {
    "criteria": {
      "has_oak_planks": "2024-05-15 00:07:26 +0000"
    },
    "done": true
  },
  "furnitura:recipes/misc/wooden_couch_edge_green": {
    "criteria": {
      "has_oak_planks": "2024-05-15 00:07:26 +0000"
    },
    "done": true
  },
  "furnitura:recipes/misc/couch_extenders_blue": {
    "criteria": {
      "has_oak_planks": "2024-05-15 00:07:26 +0000"
    },
    "done": true
  },
  "furnitura:recipes/misc/wooden_couch_edge_red": {
    "criteria": {
      "has_oak_planks": "2024-05-15 00:07:26 +0000"
    },
    "done": true
  },
  "furnitura:recipes/misc/couch_extenders_lime": {
    "criteria": {
      "has_oak_planks": "2024-05-15 00:07:26 +0000"
    },
    "done": true
  },
  "furnitura:recipes/misc/wooden_couch_edge_right_purple": {
    "criteria": {
      "has_oak_planks": "2024-05-15 00:07:26 +0000"
    },
    "done": true
  },
  "minecraft:recipes/decorations/oak_sign": {
    "criteria": {
      "has_planks": "2024-05-15 00:07:26 +0000"
    },
    "done": true
  },
  "furnitura:recipes/misc/oak_desk": {
    "criteria": {
      "has_oak_planks": "2024-05-15 00:07:26 +0000"
    },
    "done": true
  },
  "furnitura:recipes/misc/wooden_couch_single_light_blue": {
    "criteria": {
      "has_oak_planks": "2024-05-15 00:07:26 +0000"
    },
    "done": true
  },
  "furnitura:recipes/misc/wooden_couch_end_red": {
    "criteria": {
      "has_oak_planks": "2024-05-15 00:07:26 +0000"
    },
    "done": true
  },
  "furnitura:recipes/misc/wooden_couch_end_brown": {
    "criteria": {
      "has_oak_planks": "2024-05-15 00:07:26 +0000"
    },
    "done": true
  },
  "furnitura:recipes/misc/wooden_couch_edge_light_blue": {
    "criteria": {
      "has_oak_planks": "2024-05-15 00:07:26 +0000"
    },
    "done": true
  },
  "furnitura:recipes/misc/cussion_low": {
    "criteria": {
      "has_oak_planks": "2024-05-15 00:07:26 +0000"
    },
    "done": true
  },
  "furnitura:recipes/misc/blue_pet_bed": {
    "criteria": {
      "has_oak_planks": "2024-05-15 00:07:26 +0000"
    },
    "done": true
  },
  "furnitura:recipes/misc/wooden_couch_edge_right_gray": {
    "criteria": {
      "has_oak_planks": "2024-05-15 00:07:26 +0000"
    },
    "done": true
  },
  "furnitura:recipes/misc/couch_extenders_cyan": {
    "criteria": {
      "has_oak_planks": "2024-05-15 00:07:26 +0000"
    },
    "done": true
  },
  "furnitura:recipes/misc/couch_extenders_purple": {
    "criteria": {
      "has_oak_planks": "2024-05-15 00:07:26 +0000"
    },
    "done": true
  },
  "furnitura:recipes/misc/wooden_couch_end_light_blue": {
    "criteria": {
      "has_oak_planks": "2024-05-15 00:07:26 +0000"
    },
    "done": true
  },
  "furnitura:recipes/misc/oak_stump": {
    "criteria": {
      "has_oak_planks": "2024-05-15 00:07:26 +0000"
    },
    "done": true
  },
  "furnitura:recipes/misc/couch_extenders_orange": {
    "criteria": {
      "has_oak_planks": "2024-05-15 00:07:26 +0000"
    },
    "done": true
  },
  "furnitura:recipes/misc/wooden_couch_edge_right_green": {
    "criteria": {
      "has_oak_planks": "2024-05-15 00:07:26 +0000"
    },
    "done": true
  },
  "furnitura:recipes/misc/wooden_couch_edge_right_white": {
    "criteria": {
      "has_oak_planks": "2024-05-15 00:07:26 +0000"
    },
    "done": true
  },
  "furnitura:recipes/misc/wooden_couch_single_brown": {
    "criteria": {
      "has_oak_planks": "2024-05-15 00:07:26 +0000"
    },
    "done": true
  },
  "furnitura:recipes/misc/single_cushion_gray": {
    "criteria": {
      "has_oak_planks": "2024-05-15 00:07:26 +0000"
    },
    "done": true
  },
  "furnitura:recipes/misc/oak_shelf_extenders": {
    "criteria": {
      "has_oak_planks": "2024-05-15 00:07:26 +0000"
    },
    "done": true
  },
  "furnitura:recipes/misc/wooden_couch_end_pink": {
    "criteria": {
      "has_oak_planks": "2024-05-15 00:07:26 +0000"
    },
    "done": true
  },
  "furnitura:recipes/misc/wooden_couch_end": {
    "criteria": {
      "has_oak_planks": "2024-05-15 00:07:26 +0000"
    },
    "done": true
  },
  "furnitura:recipes/misc/single_cushion_red": {
    "criteria": {
      "has_oak_planks": "2024-05-15 00:07:26 +0000"
    },
    "done": true
  },
  "furnitura:recipes/misc/wooden_couch_single_purple": {
    "criteria": {
      "has_oak_planks": "2024-05-15 00:07:26 +0000"
    },
    "done": true
  },
  "furnitura:recipes/misc/wooden_couch_single_orange": {
    "criteria": {
      "has_oak_planks": "2024-05-15 00:07:26 +0000"
    },
    "done": true
  },
  "furnitura:recipes/misc/wooden_couch_edge": {
    "criteria": {
      "has_oak_planks": "2024-05-15 00:07:26 +0000"
    },
    "done": true
  },
  "furnitura:recipes/misc/single_cushion_purple": {
    "criteria": {
      "has_oak_planks": "2024-05-15 00:07:26 +0000"
    },
    "done": true
  },
  "furnitura:recipes/misc/wooden_couch_single_light_gray": {
    "criteria": {
      "has_oak_planks": "2024-05-15 00:07:26 +0000"
    },
    "done": true
  },
  "furnitura:recipes/misc/drawer": {
    "criteria": {
      "has_oak_planks": "2024-05-15 00:07:26 +0000"
    },
    "done": true
  },
  "furnitura:recipes/misc/wooden_couch_edge_cyan": {
    "criteria": {
      "has_oak_planks": "2024-05-15 00:07:26 +0000"
    },
    "done": true
  },
  "furnitura:recipes/misc/single_cushion_pink": {
    "criteria": {
      "has_oak_planks": "2024-05-15 00:07:26 +0000"
    },
    "done": true
  },
  "minecraft:recipes/building_blocks/oak_slab": {
    "criteria": {
      "has_planks": "2024-05-15 00:07:26 +0000"
    },
    "done": true
  },
  "furnitura:recipes/misc/small_table_oak": {
    "criteria": {
      "has_oak_planks": "2024-05-15 00:07:26 +0000"
    },
    "done": true
  },
  "furnitura:recipes/misc/single_cushion_orange": {
    "criteria": {
      "has_oak_planks": "2024-05-15 00:07:26 +0000"
    },
    "done": true
  },
  "furnitura:recipes/misc/single_leg_table_oak": {
    "criteria": {
      "has_oak_planks": "2024-05-15 00:07:26 +0000"
    },
    "done": true
  },
  "furnitura:recipes/misc/couch_extenders_white": {
    "criteria": {
      "has_oak_planks": "2024-05-15 00:07:26 +0000"
    },
    "done": true
  },
  "furnitura:recipes/misc/wooden_couch_edge_blue": {
    "criteria": {
      "has_oak_planks": "2024-05-15 00:07:26 +0000"
    },
    "done": true
  },
  "furnitura:recipes/misc/wooden_couch_edge_right_light_gray": {
    "criteria": {
      "has_oak_planks": "2024-05-15 00:07:26 +0000"
    },
    "done": true
  },
  "minecraft:recipes/redstone/oak_fence_gate": {
    "criteria": {
      "has_planks": "2024-05-15 00:07:26 +0000"
    },
    "done": true
  },
  "furnitura:recipes/misc/oak_cabinet": {
    "criteria": {
      "has_oak_planks": "2024-05-15 00:07:26 +0000"
    },
    "done": true
  },
  "furnitura:recipes/misc/wooden_couch_edge_right_blue": {
    "criteria": {
      "has_oak_planks": "2024-05-15 00:07:26 +0000"
    },
    "done": true
  },
  "furnitura:recipes/misc/wooden_couch_edge_right_red": {
    "criteria": {
      "has_oak_planks": "2024-05-15 00:07:26 +0000"
    },
    "done": true
  },
  "minecraft:recipes/redstone/oak_door": {
    "criteria": {
      "has_planks": "2024-05-15 00:07:26 +0000"
    },
    "done": true
  },
  "furnitura:recipes/misc/couch_edge_right_red": {
    "criteria": {
      "has_oak_planks": "2024-05-15 00:07:26 +0000"
    },
    "done": true
  },
  "furnitura:recipes/misc/couch_extenders_green": {
    "criteria": {
      "has_oak_planks": "2024-05-15 00:07:26 +0000"
    },
    "done": true
  },
  "furnitura:recipes/misc/wooden_couch_edge_right_lime": {
    "criteria": {
      "has_oak_planks": "2024-05-15 00:07:26 +0000"
    },
    "done": true
  },
  "furnitura:recipes/misc/wooden_couch_edge_white": {
    "criteria": {
      "has_oak_planks": "2024-05-15 00:07:26 +0000"
    },
    "done": true
  },
  "furnitura:recipes/misc/wooden_couch_end_light_gray": {
    "criteria": {
      "has_oak_planks": "2024-05-15 00:07:26 +0000"
    },
    "done": true
  },
  "furnitura:recipes/misc/wooden_couch_end_yellow": {
    "criteria": {
      "has_oak_planks": "2024-05-15 00:07:26 +0000"
    },
    "done": true
  },
  "furnitura:recipes/misc/wooden_couch_single_pink": {
    "criteria": {
      "has_oak_planks": "2024-05-15 00:07:26 +0000"
    },
    "done": true
  },
  "furnitura:recipes/misc/single_cushion_green": {
    "criteria": {
      "has_oak_planks": "2024-05-15 00:07:26 +0000"
    },
    "done": true
  },
  "furnitura:recipes/misc/couch_extenders_gray": {
    "criteria": {
      "has_oak_planks": "2024-05-15 00:07:26 +0000"
    },
    "done": true
  },
  "furnitura:recipes/misc/oak_chair": {
    "criteria": {
      "has_oak_planks": "2024-05-15 00:07:26 +0000"
    },
    "done": true
  },
  "furnitura:recipes/misc/wooden_couch_edge_right_cyan": {
    "criteria": {
      "has_oak_planks": "2024-05-15 00:07:26 +0000"
    },
    "done": true
  },
  "furnitura:recipes/misc/wooden_couch_single_red": {
    "criteria": {
      "has_oak_planks": "2024-05-15 00:07:26 +0000"
    },
    "done": true
  },
  "furnitura:recipes/misc/wooden_couch_edge_right_orange": {
    "criteria": {
      "has_oak_planks": "2024-05-15 00:07:26 +0000"
    },
    "done": true
  },
  "furnitura:recipes/misc/wooden_couch_end_white": {
    "criteria": {
      "has_oak_planks": "2024-05-15 00:07:26 +0000"
    },
    "done": true
  },
  "furnitura:recipes/misc/wooden_couch_edge_gray": {
    "criteria": {
      "has_oak_planks": "2024-05-15 00:07:26 +0000"
    },
    "done": true
  },
  "furnitura:recipes/misc/large_couch_single_black": {
    "criteria": {
      "has_oak_planks": "2024-05-15 00:07:26 +0000"
    },
    "done": true
  },
  "furnitura:recipes/misc/wooden_couch_end_gray": {
    "criteria": {
      "has_oak_planks": "2024-05-15 00:07:26 +0000"
    },
    "done": true
  },
  "furnitura:recipes/misc/single_cussion_black": {
    "criteria": {
      "has_oak_planks": "2024-05-15 00:07:26 +0000"
    },
    "done": true
  },
  "furnitura:recipes/misc/wooden_couch_end_green": {
    "criteria": {
      "has_oak_planks": "2024-05-15 00:07:26 +0000"
    },
    "done": true
  },
  "minecraft:recipes/redstone/oak_trapdoor": {
    "criteria": {
      "has_planks": "2024-05-15 00:07:26 +0000"
    },
    "done": true
  },
  "furnitura:recipes/misc/couch_single_red": {
    "criteria": {
      "has_oak_planks": "2024-05-15 00:07:26 +0000"
    },
    "done": true
  },
  "furnitura:recipes/misc/wooden_couch_edge_right_yellow": {
    "criteria": {
      "has_oak_planks": "2024-05-15 00:07:26 +0000"
    },
    "done": true
  },
  "furnitura:recipes/misc/couch_extenders_red": {
    "criteria": {
      "has_oak_planks": "2024-05-15 00:07:26 +0000"
    },
    "done": true
  },
  "furnitura:recipes/misc/oak_stool": {
    "criteria": {
      "has_oak_planks": "2024-05-15 00:07:26 +0000"
    },
    "done": true
  },
  "furnitura:recipes/misc/oak_mailbox": {
    "criteria": {
      "has_oak_planks": "2024-05-15 00:07:26 +0000"
    },
    "done": true
  },
  "furnitura:recipes/misc/wooden_couch_end_purple": {
    "criteria": {
      "has_oak_planks": "2024-05-15 00:07:26 +0000"
    },
    "done": true
  },
  "furnitura:recipes/misc/oak_log_shelf": {
    "criteria": {
      "has_oak_planks": "2024-05-15 00:07:26 +0000"
    },
    "done": true
  },
  "furnitura:recipes/misc/couch_extendors": {
    "criteria": {
      "has_oak_planks": "2024-05-15 00:07:26 +0000"
    },
    "done": true
  },
  "furnitura:recipes/misc/wooden_couch_edge_right_brown": {
    "criteria": {
      "has_oak_planks": "2024-05-15 00:07:26 +0000"
    },
    "done": true
  },
  "furnitura:recipes/misc/wooden_couch_edge_yellow": {
    "criteria": {
      "has_oak_planks": "2024-05-15 00:07:26 +0000"
    },
    "done": true
  },
  "furnitura:recipes/misc/wooden_couch_single_white": {
    "criteria": {
      "has_oak_planks": "2024-05-15 00:07:26 +0000"
    },
    "done": true
  },
  "furnitura:recipes/misc/single_cushion_white": {
    "criteria": {
      "has_oak_planks": "2024-05-15 00:07:26 +0000"
    },
    "done": true
  },
  "furnitura:recipes/misc/wooden_couch_edge_right_light_blue": {
    "criteria": {
      "has_oak_planks": "2024-05-15 00:07:26 +0000"
    },
    "done": true
  },
  "minecraft:recipes/building_blocks/oak_stairs": {
    "criteria": {
      "has_planks": "2024-05-15 00:07:26 +0000"
    },
    "done": true
  },
  "furnitura:recipes/misc/couch_extenders_yellow": {
    "criteria": {
      "has_oak_planks": "2024-05-15 00:07:26 +0000"
    },
    "done": true
  },
  "minecraft:recipes/decorations/oak_fence": {
    "criteria": {
      "has_planks": "2024-05-15 00:07:26 +0000"
    },
    "done": true
  },
  "furnitura:recipes/misc/oak_table": {
    "criteria": {
      "has_oak_planks": "2024-05-15 00:07:26 +0000"
    },
    "done": true
  },
  "furnitura:recipes/misc/wooden_couch_edge_lime": {
    "criteria": {
      "has_oak_planks": "2024-05-15 00:07:26 +0000"
    },
    "done": true
  },
  "furnitura:recipes/misc/wooden_couch_single_green": {
    "criteria": {
      "has_oak_planks": "2024-05-15 00:07:26 +0000"
    },
    "done": true
  },
  "furnitura:recipes/misc/wooden_couch_edge_left_red": {
    "criteria": {
      "has_oak_planks": "2024-05-15 00:07:26 +0000"
    },
    "done": true
  },
  "furnitura:recipes/misc/wooden_couch_end_lime": {
    "criteria": {
      "has_oak_planks": "2024-05-15 00:07:26 +0000"
    },
    "done": true
  },
  "furnitura:recipes/misc/wooden_couch_end_blue": {
    "criteria": {
      "has_oak_planks": "2024-05-15 00:07:26 +0000"
    },
    "done": true
  },
  "furnitura:recipes/misc/oak_shelf": {
    "criteria": {
      "has_oak_planks": "2024-05-15 00:07:26 +0000"
    },
    "done": true
  },
  "furnitura:recipes/misc/single_cushion_yellow": {
    "criteria": {
      "has_oak_planks": "2024-05-15 00:07:26 +0000"
    },
    "done": true
  },
  "furnitura:recipes/misc/couch_extenders_pink": {
    "criteria": {
      "has_oak_planks": "2024-05-15 00:07:26 +0000"
    },
    "done": true
  },
  "furnitura:recipes/misc/wooden_couch_single_gray": {
    "criteria": {
      "has_oak_planks": "2024-05-15 00:07:26 +0000"
    },
    "done": true
  },
  "minecraft:recipes/redstone/oak_button": {
    "criteria": {
      "has_planks": "2024-05-15 00:07:26 +0000"
    },
    "done": true
  },
  "furnitura:recipes/misc/wooden_couch_single": {
    "criteria": {
      "has_oak_planks": "2024-05-15 00:07:26 +0000"
    },
    "done": true
  },
  "furnitura:recipes/misc/single_cushion_blue": {
    "criteria": {
      "has_oak_planks": "2024-05-15 00:07:26 +0000"
    },
    "done": true
  },
  "furnitura:recipes/misc/wooden_couch_end_cyan": {
    "criteria": {
      "has_oak_planks": "2024-05-15 00:07:26 +0000"
    },
    "done": true
  },
  "furnitura:recipes/misc/wooden_couch_edge_light_gray": {
    "criteria": {
      "has_oak_planks": "2024-05-15 00:07:26 +0000"
    },
    "done": true
  },
  "furnitura:recipes/misc/single_cushion_lime": {
    "criteria": {
      "has_oak_planks": "2024-05-15 00:07:26 +0000"
    },
    "done": true
  },
  "furnitura:recipes/misc/single_cushion_light_blue": {
    "criteria": {
      "has_oak_planks": "2024-05-15 00:07:26 +0000"
    },
    "done": true
  },
  "furnitura:recipes/misc/wooden_couch_edge_pink": {
    "criteria": {
      "has_oak_planks": "2024-05-15 00:07:26 +0000"
    },
    "done": true
  },
  "minecraft:recipes/redstone/oak_pressure_plate": {
    "criteria": {
      "has_planks": "2024-05-15 00:07:26 +0000"
    },
    "done": true
  },
  "furnitura:recipes/misc/oak_crate": {
    "criteria": {
      "has_oak_planks": "2024-05-15 00:07:26 +0000"
    },
    "done": true
  },
  "furnitura:recipes/misc/single_cushion_light_gray": {
    "criteria": {
      "has_oak_planks": "2024-05-15 00:07:26 +0000"
    },
    "done": true
  },
  "furnitura:recipes/misc/wooden_couch_edge_orange": {
    "criteria": {
      "has_oak_planks": "2024-05-15 00:07:26 +0000"
    },
    "done": true
  },
  "furnitura:recipes/misc/wooden_couch_single_blue": {
    "criteria": {
      "has_oak_planks": "2024-05-15 00:07:26 +0000"
    },
    "done": true
  },
  "furnitura:recipes/misc/wooden_couch_edge_right_pink": {
    "criteria": {
      "has_oak_planks": "2024-05-15 00:07:26 +0000"
    },
    "done": true
  },
  "furnitura:recipes/misc/wooden_couch_edge_purple": {
    "criteria": {
      "has_oak_planks": "2024-05-15 00:07:26 +0000"
    },
    "done": true
  },
  "furnitura:recipes/misc/couch_extenders_brown": {
    "criteria": {
      "has_oak_planks": "2024-05-15 00:07:26 +0000"
    },
    "done": true
  },
  "furnitura:recipes/misc/wooden_couch_edge_right": {
    "criteria": {
      "has_oak_planks": "2024-05-15 00:07:26 +0000"
    },
    "done": true
  },
  "furnitura:recipes/misc/wooden_couch_single_lime": {
    "criteria": {
      "has_oak_planks": "2024-05-15 00:07:26 +0000"
    },
    "done": true
  },
  "furnitura:recipes/misc/couch_extenders_light_gray": {
    "criteria": {
      "has_oak_planks": "2024-05-15 00:07:26 +0000"
    },
    "done": true
  },
  "furnitura:recipes/misc/wooden_couch_single_yellow": {
    "criteria": {
      "has_oak_planks": "2024-05-15 00:07:26 +0000"
    },
    "done": true
  },
  "furnitura:recipes/misc/single_cushion_cyan": {
    "criteria": {
      "has_oak_planks": "2024-05-15 00:07:26 +0000"
    },
    "done": true
  },
  "furnitura:recipes/misc/wooden_couch_single_cyan": {
    "criteria": {
      "has_oak_planks": "2024-05-15 00:07:26 +0000"
    },
    "done": true
  },
  "furnitura:recipes/misc/single_cushion_brown": {
    "criteria": {
      "has_oak_planks": "2024-05-15 00:07:26 +0000"
    },
    "done": true
  },
  "furnitura:recipes/misc/wooden_couch_edge_brown": {
    "criteria": {
      "has_oak_planks": "2024-05-15 00:07:26 +0000"
    },
    "done": true
  },
  "furnitura:recipes/misc/wooden_couch_end_orange": {
    "criteria": {
      "has_oak_planks": "2024-05-15 00:07:26 +0000"
    },
    "done": true
  },
  "minecraft:recipes/combat/leather_helmet": {
    "criteria": {
      "has_leather": "2024-05-15 00:10:13 +0000"
    },
    "done": true
  },
  "minecraft:recipes/combat/leather_chestplate": {
    "criteria": {
      "has_leather": "2024-05-15 00:10:13 +0000"
    },
    "done": true
  },
  "minecraft:recipes/misc/leather_horse_armor": {
    "criteria": {
      "has_leather": "2024-05-15 00:10:13 +0000"
    },
    "done": true
  },
  "minecraft:recipes/decorations/item_frame": {
    "criteria": {
      "has_leather": "2024-05-15 00:10:13 +0000"
    },
    "done": true
  },
  "minecraft:recipes/combat/leather_boots": {
    "criteria": {
      "has_leather": "2024-05-15 00:10:13 +0000"
    },
    "done": true
  },
  "minecraft:recipes/combat/leather_leggings": {
    "criteria": {
      "has_leather": "2024-05-15 00:10:13 +0000"
    },
    "done": true
  },
  "swem:recipes/misc/leather_treated": {
    "criteria": {
      "has_leather": "2024-05-15 00:10:13 +0000"
    },
    "done": true
  },
  "minecraft:recipes/decorations/torch": {
    "criteria": {
      "has_stone_pickaxe": "2024-05-15 00:10:24 +0000"
    },
    "done": true
  },
  "minecraft:story/upgrade_tools": {
    "criteria": {
      "stone_pickaxe": "2024-05-15 00:10:24 +0000"
    },
    "done": true
  },
  "minecraft:recipes/building_blocks/raw_iron_block": {
    "criteria": {
      "has_raw_iron": "2024-05-15 00:10:29 +0000"
    },
    "done": true
  },
  "minecraft:recipes/misc/iron_ingot_from_blasting_raw_iron": {
    "criteria": {
      "has_raw_iron": "2024-05-15 00:10:29 +0000"
    },
    "done": true
  },
  "minecraft:recipes/misc/iron_ingot_from_smelting_raw_iron": {
    "criteria": {
      "has_raw_iron": "2024-05-15 00:10:29 +0000"
    },
    "done": true
  },
  "minecraft:recipes/building_blocks/andesite_stairs": {
    "criteria": {
      "has_andesite": "2024-05-15 00:12:30 +0000"
    },
    "done": true
  },
  "minecraft:recipes/building_blocks/polished_andesite_from_andesite_stonecutting": {
    "criteria": {
      "has_andesite": "2024-05-15 00:12:30 +0000"
    },
    "done": true
  },
  "minecraft:recipes/building_blocks/polished_andesite_stairs_from_andesite_stonecutting": {
    "criteria": {
      "has_andesite": "2024-05-15 00:12:30 +0000"
    },
    "done": true
  },
  "minecraft:recipes/decorations/andesite_wall_from_andesite_stonecutting": {
    "criteria": {
      "has_andesite": "2024-05-15 00:12:30 +0000"
    },
    "done": true
  },
  "minecraft:recipes/building_blocks/polished_andesite_slab_from_andesite_stonecutting": {
    "criteria": {
      "has_andesite": "2024-05-15 00:12:30 +0000"
    },
    "done": true
  },
  "minecraft:recipes/building_blocks/andesite_slab_from_andesite_stonecutting": {
    "criteria": {
      "has_andesite": "2024-05-15 00:12:30 +0000"
    },
    "done": true
  },
  "minecraft:recipes/building_blocks/andesite_stairs_from_andesite_stonecutting": {
    "criteria": {
      "has_andesite": "2024-05-15 00:12:30 +0000"
    },
    "done": true
  },
  "minecraft:recipes/building_blocks/polished_andesite": {
    "criteria": {
      "has_andesite": "2024-05-15 00:12:30 +0000"
    },
    "done": true
  },
  "minecraft:recipes/decorations/andesite_wall": {
    "criteria": {
      "has_andesite": "2024-05-15 00:12:30 +0000"
    },
    "done": true
  },
  "minecraft:recipes/building_blocks/andesite_slab": {
    "criteria": {
      "has_andesite": "2024-05-15 00:12:30 +0000"
    },
    "done": true
  },
  "minecraft:recipes/food/cooked_beef": {
    "criteria": {
      "has_the_recipe": "2024-05-15 00:13:25 +0000"
    },
    "done": true
  },
  "securitycraft:recipes/misc/sentry": {
    "criteria": {
      "has_iron": "2024-05-15 00:13:32 +0000"
    },
    "done": true
  },
  "swem:recipes/misc/pasture_white_horse": {
    "criteria": {
      "has_iron_ingot": "2024-05-15 00:13:32 +0000"
    },
    "done": true
  },
  "swem:recipes/misc/pasture_cyan_care": {
    "criteria": {
      "has_iron_ingot": "2024-05-15 00:13:32 +0000"
    },
    "done": true
  },
  "minecraft:recipes/combat/iron_helmet": {
    "criteria": {
      "has_iron_ingot": "2024-05-15 00:13:32 +0000"
    },
    "done": true
  },
  "swem:recipes/misc/pasture_magenta_care": {
    "criteria": {
      "has_iron_ingot": "2024-05-15 00:13:32 +0000"
    },
    "done": true
  },
  "swem:recipes/misc/pasture_brown_care": {
    "criteria": {
      "has_iron_ingot": "2024-05-15 00:13:32 +0000"
    },
    "done": true
  },
  "swem:recipes/misc/pasture_lime_care": {
    "criteria": {
      "has_iron_ingot": "2024-05-15 00:13:32 +0000"
    },
    "done": true
  },
  "securitycraft:recipes/decorations/floor_trap": {
    "criteria": {
      "has_iron": "2024-05-15 00:13:32 +0000"
    },
    "done": true
  },
  "securitycraft:recipes/building_blocks/electrified_iron_fence": {
    "criteria": {
      "has_iron": "2024-05-15 00:13:32 +0000"
    },
    "done": true
  },
  "securitycraft:recipes/misc/storage_module": {
    "criteria": {
      "has_iron": "2024-05-15 00:13:32 +0000"
    },
    "done": true
  },
  "minecraft:recipes/tools/shears": {
    "criteria": {
      "has_iron_ingot": "2024-05-15 00:13:32 +0000"
    },
    "done": true
  },
  "swem:recipes/misc/pasture_lime_horse": {
    "criteria": {
      "has_iron_ingot": "2024-05-15 00:13:32 +0000"
    },
    "done": true
  },
  "swem:recipes/misc/pasture_light_gray_horse": {
    "criteria": {
      "has_iron_ingot": "2024-05-15 00:13:32 +0000"
    },
    "done": true
  },
  "minecraft:recipes/building_blocks/iron_block": {
    "criteria": {
      "has_iron_ingot": "2024-05-15 00:13:32 +0000"
    },
    "done": true
  },
  "swem:recipes/misc/tack_box_cyan": {
    "criteria": {
      "has_iron_ingot": "2024-05-15 00:13:32 +0000"
    },
    "done": true
  },
  "securitycraft:recipes/transportation/track_mine": {
    "criteria": {
      "has_iron": "2024-05-15 00:13:32 +0000"
    },
    "done": true
  },
  "swem:recipes/misc/tack_box_lime": {
    "criteria": {
      "has_iron_ingot": "2024-05-15 00:13:32 +0000"
    },
    "done": true
  },
  "swem:recipes/misc/tack_box_blue": {
    "criteria": {
      "has_iron_ingot": "2024-05-15 00:13:32 +0000"
    },
    "done": true
  },
  "securitycraft:recipes/misc/whitelist_module": {
    "criteria": {
      "has_iron": "2024-05-15 00:13:32 +0000"
    },
    "done": true
  },
  "securitycraft:recipes/misc/security_camera": {
    "criteria": {
      "has_iron": "2024-05-15 00:13:32 +0000"
    },
    "done": true
  },
  "swem:recipes/misc/tack_box_orange": {
    "criteria": {
      "has_iron_ingot": "2024-05-15 00:13:32 +0000"
    },
    "done": true
  },
  "minecraft:recipes/redstone/hopper": {
    "criteria": {
      "has_iron_ingot": "2024-05-15 00:13:32 +0000"
    },
    "done": true
  },
  "swem:recipes/misc/tack_box_purple": {
    "criteria": {
      "has_iron_ingot": "2024-05-15 00:13:32 +0000"
    },
    "done": true
  },
  "securitycraft:recipes/misc/briefcase": {
    "criteria": {
      "has_iron": "2024-05-15 00:13:32 +0000"
    },
    "done": true
  },
  "securitycraft:recipes/redstone/reinforced_fence_gate": {
    "criteria": {
      "has_iron": "2024-05-15 00:13:32 +0000"
    },
    "done": true
  },
  "securitycraft:recipes/misc/keycard_lv5": {
    "criteria": {
      "has_iron": "2024-05-15 00:13:32 +0000"
    },
    "done": true
  },
  "securitycraft:recipes/misc/keycard_lv3": {
    "criteria": {
      "has_iron": "2024-05-15 00:13:32 +0000"
    },
    "done": true
  },
  "securitycraft:recipes/misc/keycard_lv4": {
    "criteria": {
      "has_iron": "2024-05-15 00:13:32 +0000"
    },
    "done": true
  },
  "securitycraft:recipes/misc/keycard_lv1": {
    "criteria": {
      "has_iron": "2024-05-15 00:13:32 +0000"
    },
    "done": true
  },
  "securitycraft:recipes/misc/keycard_lv2": {
    "criteria": {
      "has_iron": "2024-05-15 00:13:32 +0000"
    },
    "done": true
  },
  "minecraft:recipes/combat/iron_boots": {
    "criteria": {
      "has_iron_ingot": "2024-05-15 00:13:32 +0000"
    },
    "done": true
  },
  "minecraft:recipes/decorations/lantern": {
    "criteria": {
      "has_iron_ingot": "2024-05-15 00:13:32 +0000"
    },
    "done": true
  },
  "swem:recipes/misc/pasture_blue_care": {
    "criteria": {
      "has_iron_ingot": "2024-05-15 00:13:32 +0000"
    },
    "done": true
  },
  "securitycraft:recipes/misc/mine": {
    "criteria": {
      "has_iron": "2024-05-15 00:13:32 +0000"
    },
    "done": true
  },
  "swem:recipes/misc/pasture_gray_care": {
    "criteria": {
      "has_iron_ingot": "2024-05-15 00:13:32 +0000"
    },
    "done": true
  },
  "swem:recipes/misc/pasture_green_horse": {
    "criteria": {
      "has_iron_ingot": "2024-05-15 00:13:32 +0000"
    },
    "done": true
  },
  "minecraft:recipes/tools/iron_shovel": {
    "criteria": {
      "has_iron_ingot": "2024-05-15 00:13:32 +0000"
    },
    "done": true
  },
  "swem:recipes/misc/pasture_pink_care": {
    "criteria": {
      "has_iron_ingot": "2024-05-15 00:13:32 +0000"
    },
    "done": true
  },
  "securitycraft:recipes/misc/trophy_system": {
    "criteria": {
      "has_iron": "2024-05-15 00:13:32 +0000"
    },
    "done": true
  },
  "minecraft:recipes/redstone/iron_trapdoor": {
    "criteria": {
      "has_iron_ingot": "2024-05-15 00:13:32 +0000"
    },
    "done": true
  },
  "swem:recipes/misc/pasture_blue_horse": {
    "criteria": {
      "has_iron_ingot": "2024-05-15 00:13:32 +0000"
    },
    "done": true
  },
  "swem:recipes/misc/pasture_purple_horse": {
    "criteria": {
      "has_iron_ingot": "2024-05-15 00:13:32 +0000"
    },
    "done": true
  },
  "minecraft:recipes/combat/crossbow": {
    "criteria": {
      "has_iron_ingot": "2024-05-15 00:13:32 +0000"
    },
    "done": true
  },
  "swem:recipes/misc/tack_box_magenta": {
    "criteria": {
      "has_iron_ingot": "2024-05-15 00:13:32 +0000"
    },
    "done": true
  },
  "swem:recipes/misc/pasture_cyan_horse": {
    "criteria": {
      "has_iron_ingot": "2024-05-15 00:13:32 +0000"
    },
    "done": true
  },
  "securitycraft:recipes/misc/speed_module": {
    "criteria": {
      "has_iron": "2024-05-15 00:13:32 +0000"
    },
    "done": true
  },
  "securitycraft:recipes/misc/camera_monitor": {
    "criteria": {
      "has_iron": "2024-05-15 00:13:32 +0000"
    },
    "done": true
  },
  "securitycraft:recipes/misc/redstone_module": {
    "criteria": {
      "has_iron": "2024-05-15 00:13:32 +0000"
    },
    "done": true
  },
  "swem:recipes/misc/tack_box_red": {
    "criteria": {
      "has_iron_ingot": "2024-05-15 00:13:32 +0000"
    },
    "done": true
  },
  "swem:recipes/misc/plate_iron": {
    "criteria": {
      "has_ingredient": "2024-05-15 00:13:32 +0000"
    },
    "done": true
  },
  "securitycraft:recipes/misc/door_indestructible_iron_item": {
    "criteria": {
      "has_iron": "2024-05-15 00:13:32 +0000"
    },
    "done": true
  },
  "securitycraft:recipes/tools/universal_block_remover": {
    "criteria": {
      "has_iron": "2024-05-15 00:13:32 +0000"
    },
    "done": true
  },
  "minecraft:recipes/redstone/heavy_weighted_pressure_plate": {
    "criteria": {
      "has_iron_ingot": "2024-05-15 00:13:32 +0000"
    },
    "done": true
  },
  "minecraft:recipes/combat/iron_leggings": {
    "criteria": {
      "has_iron_ingot": "2024-05-15 00:13:32 +0000"
    },
    "done": true
  },
  "securitycraft:recipes/misc/blacklist_module": {
    "criteria": {
      "has_iron": "2024-05-15 00:13:32 +0000"
    },
    "done": true
  },
  "minecraft:recipes/combat/iron_chestplate": {
    "criteria": {
      "has_iron_ingot": "2024-05-15 00:13:32 +0000"
    },
    "done": true
  },
  "swem:recipes/misc/tack_box_light_gray": {
    "criteria": {
      "has_iron_ingot": "2024-05-15 00:13:32 +0000"
    },
    "done": true
  },
  "swem:recipes/misc/pasture_light_blue_horse": {
    "criteria": {
      "has_iron_ingot": "2024-05-15 00:13:32 +0000"
    },
    "done": true
  },
  "securitycraft:recipes/misc/limited_use_keycard": {
    "criteria": {
      "has_iron": "2024-05-15 00:13:32 +0000"
    },
    "done": true
  },
  "securitycraft:recipes/misc/bouncing_betty": {
    "criteria": {
      "has_iron": "2024-05-15 00:13:32 +0000"
    },
    "done": true
  },
  "minecraft:recipes/misc/iron_nugget": {
    "criteria": {
      "has_iron_ingot": "2024-05-15 00:13:32 +0000"
    },
    "done": true
  },
  "swem:recipes/misc/tack_box_white": {
    "criteria": {
      "has_iron_ingot": "2024-05-15 00:13:32 +0000"
    },
    "done": true
  },
  "minecraft:recipes/misc/bucket": {
    "criteria": {
      "has_iron_ingot": "2024-05-15 00:13:32 +0000"
    },
    "done": true
  },
  "securitycraft:recipes/misc/disguise_module": {
    "criteria": {
      "has_iron": "2024-05-15 00:13:32 +0000"
    },
    "done": true
  },
  "minecraft:recipes/transportation/minecart": {
    "criteria": {
      "has_iron_ingot": "2024-05-15 00:13:32 +0000"
    },
    "done": true
  },
  "minecraft:recipes/tools/iron_hoe": {
    "criteria": {
      "has_iron_ingot": "2024-05-15 00:13:32 +0000"
    },
    "done": true
  },
  "swem:recipes/misc/pasture_purple_care": {
    "criteria": {
      "has_iron_ingot": "2024-05-15 00:13:32 +0000"
    },
    "done": true
  },
  "swem:recipes/misc/pasture_red_horse": {
    "criteria": {
      "has_iron_ingot": "2024-05-15 00:13:32 +0000"
    },
    "done": true
  },
  "securitycraft:recipes/redstone/block_change_detector": {
    "criteria": {
      "has_iron": "2024-05-15 00:13:32 +0000"
    },
    "done": true
  },
  "swem:recipes/misc/pasture_orange_horse": {
    "criteria": {
      "has_iron_ingot": "2024-05-15 00:13:32 +0000"
    },
    "done": true
  },
  "swem:recipes/misc/pasture_green_care": {
    "criteria": {
      "has_iron_ingot": "2024-05-15 00:13:32 +0000"
    },
    "done": true
  },
  "minecraft:story/smelt_iron": {
    "criteria": {
      "iron": "2024-05-15 00:13:32 +0000"
    },
    "done": true
  },
  "swem:recipes/misc/pasture_yellow_care": {
    "criteria": {
      "has_iron_ingot": "2024-05-15 00:13:32 +0000"
    },
    "done": true
  },
  "swem:recipes/misc/tack_box_pink": {
    "criteria": {
      "has_iron_ingot": "2024-05-15 00:13:32 +0000"
    },
    "done": true
  },
  "swem:recipes/misc/pasture_light_gray_care": {
    "criteria": {
      "has_iron_ingot": "2024-05-15 00:13:32 +0000"
    },
    "done": true
  },
  "swem:recipes/misc/pasture_orange_care": {
    "criteria": {
      "has_iron_ingot": "2024-05-15 00:13:32 +0000"
    },
    "done": true
  },
  "minecraft:recipes/decorations/chain": {
    "criteria": {
      "has_iron_ingot": "2024-05-15 00:13:32 +0000"
    },
    "done": true
  },
  "swem:recipes/misc/tack_box_green": {
    "criteria": {
      "has_iron_ingot": "2024-05-15 00:13:32 +0000"
    },
    "done": true
  },
  "minecraft:recipes/decorations/smithing_table": {
    "criteria": {
      "has_iron_ingot": "2024-05-15 00:13:32 +0000"
    },
    "done": true
  },
  "swem:recipes/misc/tack_box_black": {
    "criteria": {
      "has_iron_ingot": "2024-05-15 00:13:32 +0000"
    },
    "done": true
  },
  "swem:recipes/misc/tack_box_light_blue": {
    "criteria": {
      "has_iron_ingot": "2024-05-15 00:13:32 +0000"
    },
    "done": true
  },
  "minecraft:recipes/combat/iron_sword": {
    "criteria": {
      "has_iron_ingot": "2024-05-15 00:13:32 +0000"
    },
    "done": true
  },
  "minecraft:recipes/tools/iron_pickaxe": {
    "criteria": {
      "has_iron_ingot": "2024-05-15 00:13:32 +0000"
    },
    "done": true
  },
  "swem:recipes/misc/pasture_magenta_horse": {
    "criteria": {
      "has_iron_ingot": "2024-05-15 00:13:32 +0000"
    },
    "done": true
  },
  "swem:recipes/misc/tack_box_brown": {
    "criteria": {
      "has_iron_ingot": "2024-05-15 00:13:32 +0000"
    },
    "done": true
  },
  "minecraft:recipes/combat/shield": {
    "criteria": {
      "has_iron_ingot": "2024-05-15 00:13:32 +0000"
    },
    "done": true
  },
  "swem:recipes/misc/pasture_gray_horse": {
    "criteria": {
      "has_iron_ingot": "2024-05-15 00:13:32 +0000"
    },
    "done": true
  },
  "swem:recipes/misc/pasture_red_care": {
    "criteria": {
      "has_iron_ingot": "2024-05-15 00:13:32 +0000"
    },
    "done": true
  },
  "minecraft:recipes/decorations/iron_bars": {
    "criteria": {
      "has_iron_ingot": "2024-05-15 00:13:32 +0000"
    },
    "done": true
  },
  "swem:recipes/misc/pasture_black_care": {
    "criteria": {
      "has_iron_ingot": "2024-05-15 00:13:32 +0000"
    },
    "done": true
  },
  "swem:recipes/misc/pasture_brown_horse": {
    "criteria": {
      "has_iron_ingot": "2024-05-15 00:13:32 +0000"
    },
    "done": true
  },
  "securitycraft:recipes/misc/harming_module": {
    "criteria": {
      "has_iron": "2024-05-15 00:13:32 +0000"
    },
    "done": true
  },
  "swem:recipes/misc/rivet_iron": {
    "criteria": {
      "has_ingredient": "2024-05-15 00:13:32 +0000"
    },
    "done": true
  },
  "securitycraft:recipes/misc/smart_module": {
    "criteria": {
      "has_iron": "2024-05-15 00:13:32 +0000"
    },
    "done": true
  },
  "swem:recipes/misc/pasture_black_horse": {
    "criteria": {
      "has_iron_ingot": "2024-05-15 00:13:32 +0000"
    },
    "done": true
  },
  "swem:recipes/misc/tack_box_gray": {
    "criteria": {
      "has_iron_ingot": "2024-05-15 00:13:32 +0000"
    },
    "done": true
  },
  "minecraft:recipes/tools/iron_axe": {
    "criteria": {
      "has_iron_ingot": "2024-05-15 00:13:32 +0000"
    },
    "done": true
  },
  "swem:recipes/misc/pasture_white_care": {
    "criteria": {
      "has_iron_ingot": "2024-05-15 00:13:32 +0000"
    },
    "done": true
  },
  "swem:recipes/misc/pasture_yellow_horse": {
    "criteria": {
      "has_iron_ingot": "2024-05-15 00:13:32 +0000"
    },
    "done": true
  },
  "swem:recipes/misc/tack_box_yellow": {
    "criteria": {
      "has_iron_ingot": "2024-05-15 00:13:32 +0000"
    },
    "done": true
  },
  "swem:recipes/misc/pasture_light_blue_care": {
    "criteria": {
      "has_iron_ingot": "2024-05-15 00:13:32 +0000"
    },
    "done": true
  },
  "swem:recipes/misc/pasture_pink_horse": {
    "criteria": {
      "has_iron_ingot": "2024-05-15 00:13:32 +0000"
    },
    "done": true
  },
  "minecraft:recipes/redstone/iron_door": {
    "criteria": {
      "has_iron_ingot": "2024-05-15 00:13:32 +0000"
    },
    "done": true
  },
  "minecraft:story/obtain_armor": {
    "criteria": {
      "iron_chestplate": "2024-05-15 00:13:38 +0000"
    },
    "done": true
  },
  "minecraft:recipes/misc/iron_nugget_from_smelting": {
    "criteria": {
      "has_iron_chestplate": "2024-05-15 00:13:38 +0000"
    },
    "done": true
  },
  "minecraft:recipes/misc/iron_nugget_from_blasting": {
    "criteria": {
      "has_iron_chestplate": "2024-05-15 00:13:38 +0000"
    },
    "done": true
  },
  "minecraft:husbandry/root": {
    "criteria": {
      "consumed_item": "2024-05-15 00:13:59 +0000"
    },
    "done": true
  },
  "minecraft:husbandry/balanced_diet": {
    "criteria": {
      "cooked_beef": "2024-05-15 00:13:59 +0000",
      "baked_potato": "2024-05-15 20:08:29 +0000"
    },
    "done": false
  },
  "minecraft:recipes/food/cooked_mutton_from_smoking": {
    "criteria": {
      "has_mutton": "2024-05-15 00:15:35 +0000"
    },
    "done": true
  },
  "minecraft:recipes/decorations/white_bed": {
    "criteria": {
      "has_white_wool": "2024-05-15 00:15:35 +0000"
    },
    "done": true
  },
  "minecraft:recipes/decorations/painting": {
    "criteria": {
      "has_wool": "2024-05-15 00:15:35 +0000"
    },
    "done": true
  },
  "minecraft:recipes/decorations/white_carpet": {
    "criteria": {
      "has_white_wool": "2024-05-15 00:15:35 +0000"
    },
    "done": true
  },
  "minecraft:recipes/food/cooked_mutton": {
    "criteria": {
      "has_mutton": "2024-05-15 00:15:35 +0000"
    },
    "done": true
  },
  "minecraft:recipes/decorations/white_banner": {
    "criteria": {
      "has_white_wool": "2024-05-15 00:15:35 +0000"
    },
    "done": true
  },
  "minecraft:recipes/food/cooked_mutton_from_campfire_cooking": {
    "criteria": {
      "has_mutton": "2024-05-15 00:15:35 +0000"
    },
    "done": true
  },
  "minecraft:adventure/sleep_in_bed": {
    "criteria": {
      "slept_in_bed": "2024-05-15 00:15:46 +0000"
    },
    "done": true
  },
  "minecraft:recipes/building_blocks/dark_oak_planks": {
    "criteria": {
      "has_log": "2024-05-15 00:17:25 +0000"
    },
    "done": true
  },
  "minecraft:recipes/building_blocks/dark_oak_wood": {
    "criteria": {
      "has_log": "2024-05-15 00:17:25 +0000"
    },
    "done": true
  },
  "furnitura:recipes/misc/dark_oak_stump": {
    "criteria": {
      "has_dark_oak_planks": "2024-05-15 00:18:11 +0000"
    },
    "done": true
  },
  "minecraft:recipes/building_blocks/dark_oak_stairs": {
    "criteria": {
      "has_planks": "2024-05-15 00:18:11 +0000"
    },
    "done": true
  },
  "minecraft:recipes/redstone/dark_oak_door": {
    "criteria": {
      "has_planks": "2024-05-15 00:18:11 +0000"
    },
    "done": true
  },
  "furnitura:recipes/misc/dark_oak_cabinet": {
    "criteria": {
      "has_dark_oak_planks": "2024-05-15 00:18:11 +0000"
    },
    "done": true
  },
  "furnitura:recipes/misc/small_table_dark_oak": {
    "criteria": {
      "has_dark_oak_planks": "2024-05-15 00:18:11 +0000"
    },
    "done": true
  },
  "furnitura:recipes/misc/dark_oak_desk": {
    "criteria": {
      "has_dark_oak_planks": "2024-05-15 00:18:11 +0000"
    },
    "done": true
  },
  "furnitura:recipes/misc/single_leg_table_dark_oak": {
    "criteria": {
      "has_dark_oak_planks": "2024-05-15 00:18:11 +0000"
    },
    "done": true
  },
  "minecraft:recipes/decorations/dark_oak_sign": {
    "criteria": {
      "has_planks": "2024-05-15 00:18:11 +0000"
    },
    "done": true
  },
  "furnitura:recipes/misc/dark_oak_shelf_extenders": {
    "criteria": {
      "has_dark_oak_planks": "2024-05-15 00:18:11 +0000"
    },
    "done": true
  },
  "furnitura:recipes/misc/dark_oak_chair": {
    "criteria": {
      "has_dark_oak_planks": "2024-05-15 00:18:11 +0000"
    },
    "done": true
  },
  "furnitura:recipes/misc/dark_oak_stool": {
    "criteria": {
      "has_dark_oak_planks": "2024-05-15 00:18:11 +0000"
    },
    "done": true
  },
  "minecraft:recipes/redstone/dark_oak_fence_gate": {
    "criteria": {
      "has_planks": "2024-05-15 00:18:11 +0000"
    },
    "done": true
  },
  "minecraft:recipes/redstone/dark_oak_trapdoor": {
    "criteria": {
      "has_planks": "2024-05-15 00:18:11 +0000"
    },
    "done": true
  },
  "furnitura:recipes/misc/dark_oak_log_shelf": {
    "criteria": {
      "has_dark_oak_planks": "2024-05-15 00:18:11 +0000"
    },
    "done": true
  },
  "minecraft:recipes/redstone/dark_oak_button": {
    "criteria": {
      "has_planks": "2024-05-15 00:18:11 +0000"
    },
    "done": true
  },
  "furnitura:recipes/misc/dark_oak_table": {
    "criteria": {
      "has_dark_oak_planks": "2024-05-15 00:18:11 +0000"
    },
    "done": true
  },
  "minecraft:recipes/redstone/dark_oak_pressure_plate": {
    "criteria": {
      "has_planks": "2024-05-15 00:18:11 +0000"
    },
    "done": true
  },
  "furnitura:recipes/misc/dark_oak_shelf": {
    "criteria": {
      "has_dark_oak_planks": "2024-05-15 00:18:11 +0000"
    },
    "done": true
  },
  "minecraft:recipes/decorations/dark_oak_fence": {
    "criteria": {
      "has_planks": "2024-05-15 00:18:11 +0000"
    },
    "done": true
  },
  "minecraft:recipes/building_blocks/dark_oak_slab": {
    "criteria": {
      "has_planks": "2024-05-15 00:18:11 +0000"
    },
    "done": true
  },
  "furnitura:recipes/misc/dark_oak_crate": {
    "criteria": {
      "has_dark_oak_planks": "2024-05-15 00:18:11 +0000"
    },
    "done": true
  },
  "furnitura:recipes/misc/dark_oak_mailbox": {
    "criteria": {
      "has_dark_oak_planks": "2024-05-15 00:18:11 +0000"
    },
    "done": true
  },
  "swem:recipes/misc/wheel_barrow_brown": {
    "criteria": {
      "has_bucket": "2024-05-15 00:20:50 +0000"
    },
    "done": true
  },
  "swem:recipes/misc/wheel_barrow_gray": {
    "criteria": {
      "has_bucket": "2024-05-15 00:20:50 +0000"
    },
    "done": true
  },
  "swem:recipes/misc/wheel_barrow_orange": {
    "criteria": {
      "has_bucket": "2024-05-15 00:20:50 +0000"
    },
    "done": true
  },
  "swem:recipes/misc/wheel_barrow_magenta": {
    "criteria": {
      "has_bucket": "2024-05-15 00:20:50 +0000"
    },
    "done": true
  },
  "swem:recipes/misc/wheel_barrow_blue": {
    "criteria": {
      "has_bucket": "2024-05-15 00:20:50 +0000"
    },
    "done": true
  },
  "swem:recipes/misc/wheel_barrow_lime": {
    "criteria": {
      "has_bucket": "2024-05-15 00:20:50 +0000"
    },
    "done": true
  },
  "swem:recipes/misc/wheel_barrow_light_gray": {
    "criteria": {
      "has_bucket": "2024-05-15 00:20:50 +0000"
    },
    "done": true
  },
  "swem:recipes/misc/wheel_barrow_cyan": {
    "criteria": {
      "has_bucket": "2024-05-15 00:20:50 +0000"
    },
    "done": true
  },
  "swem:recipes/misc/wheel_barrow_black": {
    "criteria": {
      "has_bucket": "2024-05-15 00:20:50 +0000"
    },
    "done": true
  },
  "swem:recipes/misc/wheel_barrow_green": {
    "criteria": {
      "has_bucket": "2024-05-15 00:20:50 +0000"
    },
    "done": true
  },
  "swem:recipes/misc/wheel_barrow_yellow": {
    "criteria": {
      "has_bucket": "2024-05-15 00:20:50 +0000"
    },
    "done": true
  },
  "swem:recipes/misc/wheel_barrow_light_blue": {
    "criteria": {
      "has_bucket": "2024-05-15 00:20:50 +0000"
    },
    "done": true
  },
  "swem:recipes/misc/wheel_barrow_red": {
    "criteria": {
      "has_bucket": "2024-05-15 00:20:50 +0000"
    },
    "done": true
  },
  "swem:recipes/misc/wheel_barrow_purple": {
    "criteria": {
      "has_bucket": "2024-05-15 00:20:50 +0000"
    },
    "done": true
  },
  "swem:recipes/misc/wheel_barrow_pink": {
    "criteria": {
      "has_bucket": "2024-05-15 00:20:50 +0000"
    },
    "done": true
  },
  "swem:recipes/misc/wheel_barrow_white": {
    "criteria": {
      "has_bucket": "2024-05-15 00:20:50 +0000"
    },
    "done": true
  },
  "minecraft:recipes/brewing/cauldron": {
    "criteria": {
      "has_water_bucket": "2024-05-15 00:21:05 +0000"
    },
    "done": true
  },
  "minecraft:recipes/food/cooked_beef_from_smoking": {
    "criteria": {
      "has_beef": "2024-05-15 00:21:24 +0000"
    },
    "done": true
  },
  "minecraft:recipes/food/cooked_beef_from_campfire_cooking": {
    "criteria": {
      "has_beef": "2024-05-15 00:21:24 +0000"
    },
    "done": true
  },
  "minecraft:recipes/combat/diamond_sword": {
    "criteria": {
      "has_diamond": "2024-05-15 00:36:16 +0000"
    },
    "done": true
  },
  "minecraft:recipes/decorations/jukebox": {
    "criteria": {
      "has_diamond": "2024-05-15 00:36:16 +0000"
    },
    "done": true
  },
  "minecraft:recipes/combat/diamond_chestplate": {
    "criteria": {
      "has_diamond": "2024-05-15 00:36:16 +0000"
    },
    "done": true
  },
  "minecraft:recipes/tools/diamond_pickaxe": {
    "criteria": {
      "has_diamond": "2024-05-15 00:36:16 +0000"
    },
    "done": true
  },
  "swem:recipes/misc/plate_diamond": {
    "criteria": {
      "has_ingredient": "2024-05-15 00:36:16 +0000"
    },
    "done": true
  },
  "minecraft:recipes/tools/diamond_hoe": {
    "criteria": {
      "has_diamond": "2024-05-15 00:36:16 +0000"
    },
    "done": true
  },
  "minecraft:recipes/tools/diamond_shovel": {
    "criteria": {
      "has_diamond": "2024-05-15 00:36:16 +0000"
    },
    "done": true
  },
  "minecraft:recipes/combat/diamond_helmet": {
    "criteria": {
      "has_diamond": "2024-05-15 00:36:16 +0000"
    },
    "done": true
  },
  "minecraft:recipes/building_blocks/diamond_block": {
    "criteria": {
      "has_diamond": "2024-05-15 00:36:16 +0000"
    },
    "done": true
  },
  "minecraft:story/mine_diamond": {
    "criteria": {
      "diamond": "2024-05-15 00:36:16 +0000"
    },
    "done": true
  },
  "minecraft:recipes/combat/diamond_leggings": {
    "criteria": {
      "has_diamond": "2024-05-15 00:36:16 +0000"
    },
    "done": true
  },
  "minecraft:recipes/combat/diamond_boots": {
    "criteria": {
      "has_diamond": "2024-05-15 00:36:16 +0000"
    },
    "done": true
  },
  "swem:recipes/misc/rivet_diamond": {
    "criteria": {
      "has_ingredient": "2024-05-15 00:36:16 +0000"
    },
    "done": true
  },
  "minecraft:recipes/tools/diamond_axe": {
    "criteria": {
      "has_diamond": "2024-05-15 00:36:16 +0000"
    },
    "done": true
  },
  "securitycraft:recipes/building_blocks/reinforced_packed_mud": {
    "criteria": {
      "has_wheat": "2024-05-15 00:42:57 +0000"
    },
    "done": true
  },
  "minecraft:recipes/food/bread": {
    "criteria": {
      "has_wheat": "2024-05-15 00:42:57 +0000"
    },
    "done": true
  },
  "minecraft:recipes/building_blocks/hay_block": {
    "criteria": {
      "has_wheat": "2024-05-15 00:42:57 +0000"
    },
    "done": true
  },
  "tombstone:adventure/first_grave": {
    "criteria": {
      "coded_trigger": "2024-05-15 01:00:03 +0000"
    },
    "done": true
  },
  "tombstone:recipes/from_grave_key": {
    "criteria": {
      "has_ingredient": "2024-05-15 01:00:05 +0000"
    },
    "done": true
  },
  "minecraft:recipes/building_blocks/stone_bricks": {
    "criteria": {
      "has_stone": "2024-05-15 20:11:00 +0000"
    },
    "done": true
  },
  "swem:recipes/misc/english_leg_wraps/english_leg_wraps_black_from_leg_wraps": {
    "criteria": {
      "has_english_leg_wraps": "2024-05-15 19:47:57 +0000"
    },
    "done": true
  },
  "swem:recipes/misc/english_leg_wraps/english_leg_wraps_orange": {
    "criteria": {
      "has_english_leg_wraps": "2024-05-15 19:47:57 +0000"
    },
    "done": true
  },
  "swem:recipes/misc/english_leg_wraps/english_leg_wraps_blue_from_leg_wraps": {
    "criteria": {
      "has_english_leg_wraps": "2024-05-15 19:47:57 +0000"
    },
    "done": true
  },
  "swem:recipes/misc/english_leg_wraps/english_leg_wraps_purple": {
    "criteria": {
      "has_english_leg_wraps": "2024-05-15 19:47:57 +0000"
    },
    "done": true
  },
  "swem:recipes/misc/whitewash_stall_care": {
    "criteria": {
      "has_bars": "2024-05-15 19:52:03 +0000"
    },
    "done": true
  },
  "swem:recipes/misc/english_blanket/english_blanket_magenta_from_blanket": {
    "criteria": {
      "has_english_blanket": "2024-05-15 19:47:57 +0000"
    },
    "done": true
  },
  "swem:recipes/misc/english_blanket/english_blanket_red": {
    "criteria": {
      "has_english_blanket": "2024-05-15 19:47:57 +0000"
    },
    "done": true
  },
  "swem:recipes/misc/pasture_blanket/pasture_blanket_light_gray": {
    "criteria": {
      "has_pasture_blanket": "2024-05-15 19:47:57 +0000"
    },
    "done": true
  },
  "swem:recipes/misc/english_blanket/english_blanket_green": {
    "criteria": {
      "has_english_blanket": "2024-05-15 19:47:57 +0000"
    },
    "done": true
  },
  "swem:recipes/misc/western_leg_wraps/western_leg_wraps_purple": {
    "criteria": {
      "has_western_leg_wraps": "2024-05-15 19:47:57 +0000"
    },
    "done": true
  },
  "swem:recipes/misc/pasture_blanket/pasture_blanket_red": {
    "criteria": {
      "has_pasture_blanket": "2024-05-15 19:47:57 +0000"
    },
    "done": true
  },
  "swem:recipes/misc/pasture_blanket/pasture_blanket_armored_black": {
    "criteria": {
      "has_pasture_blanket_armored": "2024-05-15 19:47:57 +0000"
    },
    "done": true
  },
  "swem:recipes/misc/bin_grain_spruce": {
    "criteria": {
      "has_chest": "2024-05-15 20:07:31 +0000"
    },
    "done": true
  },
  "minecraft:recipes/misc/white_dye": {
    "criteria": {
      "has_bone_meal": "2024-05-15 20:03:46 +0000"
    },
    "done": true
  },
  "swem:recipes/misc/english_blanket/english_blanket_orange": {
    "criteria": {
      "has_english_blanket": "2024-05-15 19:47:57 +0000"
    },
    "done": true
  },
  "swem:recipes/misc/english_leg_wraps/english_leg_wraps_gray": {
    "criteria": {
      "has_english_leg_wraps": "2024-05-15 19:47:57 +0000"
    },
    "done": true
  },
  "swem:recipes/misc/pasture_blanket/pasture_blanket_cyan": {
    "criteria": {
      "has_pasture_blanket": "2024-05-15 19:47:57 +0000"
    },
    "done": true
  },
  "swem:recipes/misc/english_blanket/english_blanket_cyan_from_blanket": {
    "criteria": {
      "has_english_blanket": "2024-05-15 19:47:57 +0000"
    },
    "done": true
  },
  "swem:recipes/misc/bin_grain_purple": {
    "criteria": {
      "has_chest": "2024-05-15 20:07:31 +0000"
    },
    "done": true
  },
  "minecraft:recipes/building_blocks/stone_bricks_from_stone_stonecutting": {
    "criteria": {
      "has_stone": "2024-05-15 20:11:00 +0000"
    },
    "done": true
  },
  "swem:recipes/misc/western_leg_wraps/western_leg_wraps_purple_from_leg_wraps": {
    "criteria": {
      "has_western_leg_wraps": "2024-05-15 19:47:57 +0000"
    },
    "done": true
  },
  "minecraft:recipes/building_blocks/stone_slab": {
    "criteria": {
      "has_stone": "2024-05-15 20:11:00 +0000"
    },
    "done": true
  },
  "swem:recipes/misc/dark_oak_stall_horse": {
    "criteria": {
      "has_bars": "2024-05-15 19:52:03 +0000"
    },
    "done": true
  },
  "swem:recipes/misc/english_blanket/english_blanket_white": {
    "criteria": {
      "has_english_blanket": "2024-05-15 19:47:57 +0000"
    },
    "done": true
  },
  "swem:recipes/misc/english_leg_wraps/english_leg_wraps_gray_from_leg_wraps": {
    "criteria": {
      "has_english_leg_wraps": "2024-05-15 19:47:57 +0000"
    },
    "done": true
  },
  "minecraft:story/shiny_gear": {
    "criteria": {
      "diamond_chestplate": "2024-05-15 20:08:53 +0000"
    },
    "done": true
  },
  "swem:recipes/misc/pasture_blanket/pasture_blanket_purple_armored_from_blanket": {
    "criteria": {
      "has_pasture_blanket_armored": "2024-05-15 19:47:57 +0000"
    },
    "done": true
  },
  "swem:recipes/misc/acacia_stall_care": {
    "criteria": {
      "has_bars": "2024-05-15 19:52:03 +0000"
    },
    "done": true
  },
  "minecraft:recipes/building_blocks/stone_stairs_from_stone_stonecutting": {
    "criteria": {
      "has_stone": "2024-05-15 20:11:00 +0000"
    },
    "done": true
  },
  "swem:recipes/misc/english_blanket/english_blanket_magenta": {
    "criteria": {
      "has_english_blanket": "2024-05-15 19:47:57 +0000"
    },
    "done": true
  },
  "swem:recipes/misc/bin_grain_light_blue": {
    "criteria": {
      "has_chest": "2024-05-15 20:07:31 +0000"
    },
    "done": true
  },
  "swem:recipes/misc/pasture_blanket/pasture_blanket_yellow": {
    "criteria": {
      "has_pasture_blanket": "2024-05-15 19:47:57 +0000"
    },
    "done": true
  },
  "swem:recipes/misc/english_leg_wraps/english_leg_wraps_red_from_leg_wraps": {
    "criteria": {
      "has_english_leg_wraps": "2024-05-15 19:47:57 +0000"
    },
    "done": true
  },
  "swem:recipes/misc/western_leg_wraps/western_leg_wraps_red_from_leg_wraps": {
    "criteria": {
      "has_western_leg_wraps": "2024-05-15 19:47:57 +0000"
    },
    "done": true
  },
  "swem:recipes/misc/toy_string_treats": {
    "criteria": {
      "has_string": "2024-05-15 20:17:43 +0000"
    },
    "done": true
  },
  "minecraft:recipes/redstone/tripwire_hook": {
    "criteria": {
      "has_string": "2024-05-15 20:17:43 +0000"
    },
    "done": true
  },
  "swem:recipes/misc/western_leg_wraps/western_leg_wraps_brown": {
    "criteria": {
      "has_western_leg_wraps": "2024-05-15 19:47:57 +0000"
    },
    "done": true
  },
  "minecraft:recipes/redstone/stone_button": {
    "criteria": {
      "has_stone": "2024-05-15 20:11:00 +0000"
    },
    "done": true
  },
  "swem:recipes/misc/western_leg_wraps/western_leg_wraps_white_from_leg_wraps": {
    "criteria": {
      "has_western_leg_wraps": "2024-05-15 19:47:57 +0000"
    },
    "done": true
  },
  "minecraft:recipes/redstone/stone_pressure_plate": {
    "criteria": {
      "has_stone": "2024-05-15 20:11:00 +0000"
    },
    "done": true
  },
  "tombstone:adventure/consume_soul": {
    "criteria": {
      "coded_trigger": "2024-05-15 20:20:25 +0000"
    },
    "done": true
  },
  "minecraft:recipes/decorations/candle": {
    "criteria": {
      "has_string": "2024-05-15 20:17:43 +0000"
    },
    "done": true
  },
  "swem:recipes/misc/birch_stall_care": {
    "criteria": {
      "has_bars": "2024-05-15 19:52:03 +0000"
    },
    "done": true
  },
  "swem:recipes/misc/bin_grain_jungle": {
    "criteria": {
      "has_chest": "2024-05-15 20:07:31 +0000"
    },
    "done": true
  },
  "swem:recipes/misc/english_blanket/english_blanket_black": {
    "criteria": {
      "has_english_blanket": "2024-05-15 19:47:57 +0000"
    },
    "done": true
  },
  "swem:recipes/misc/bin_grain_orange": {
    "criteria": {
      "has_chest": "2024-05-15 20:07:31 +0000"
    },
    "done": true
  },
  "swem:recipes/misc/english_blanket/english_blanket_blue_from_blanket": {
    "criteria": {
      "has_english_blanket": "2024-05-15 19:47:57 +0000"
    },
    "done": true
  },
  "swem:recipes/misc/bin_grain_dark_oak": {
    "criteria": {
      "has_chest": "2024-05-15 20:07:31 +0000"
    },
    "done": true
  },
  "tombstone:adventure/first_knowledge": {
    "criteria": {
      "coded_trigger": "2024-05-15 20:20:25 +0000"
    },
    "done": true
  },
  "swem:recipes/misc/english_leg_wraps/english_leg_wraps_purple_from_leg_wraps": {
    "criteria": {
      "has_english_leg_wraps": "2024-05-15 19:47:57 +0000"
    },
    "done": true
  },
  "swem:recipes/misc/western_leg_wraps/western_leg_wraps_green_from_leg_wraps": {
    "criteria": {
      "has_western_leg_wraps": "2024-05-15 19:47:57 +0000"
    },
    "done": true
  },
  "swem:recipes/misc/english_blanket/english_blanket_pink": {
    "criteria": {
      "has_english_blanket": "2024-05-15 19:47:57 +0000"
    },
    "done": true
  },
  "swem:recipes/misc/pasture_blanket/pasture_blanket_magenta_armored_from_blanket": {
    "criteria": {
      "has_pasture_blanket_armored": "2024-05-15 19:47:57 +0000"
    },
    "done": true
  },
  "swem:recipes/misc/western_leg_wraps/western_leg_wraps_pink": {
    "criteria": {
      "has_western_leg_wraps": "2024-05-15 19:47:57 +0000"
    },
    "done": true
  },
  "swem:recipes/misc/english_blanket/english_blanket_gray": {
    "criteria": {
      "has_english_blanket": "2024-05-15 19:47:57 +0000"
    },
    "done": true
  },
  "swem:recipes/misc/english_leg_wraps/english_leg_wraps_light_blue": {
    "criteria": {
      "has_english_leg_wraps": "2024-05-15 19:47:57 +0000"
    },
    "done": true
  },
  "swem:recipes/misc/english_leg_wraps/english_leg_wraps_cyan_from_leg_wraps": {
    "criteria": {
      "has_english_leg_wraps": "2024-05-15 19:47:57 +0000"
    },
    "done": true
  },
  "swem:recipes/misc/western_leg_wraps/western_leg_wraps_light_blue_from_leg_wraps": {
    "criteria": {
      "has_western_leg_wraps": "2024-05-15 19:47:57 +0000"
    },
    "done": true
  },
  "swem:recipes/misc/pasture_blanket/pasture_blanket_green": {
    "criteria": {
      "has_pasture_blanket": "2024-05-15 19:47:57 +0000"
    },
    "done": true
  },
  "swem:recipes/misc/bin_grain_brown": {
    "criteria": {
      "has_chest": "2024-05-15 20:07:31 +0000"
    },
    "done": true
  },
  "swem:recipes/misc/english_leg_wraps/english_leg_wraps_white": {
    "criteria": {
      "has_english_leg_wraps": "2024-05-15 19:47:57 +0000"
    },
    "done": true
  },
  "swem:recipes/misc/western_leg_wraps/western_leg_wraps_white": {
    "criteria": {
      "has_western_leg_wraps": "2024-05-15 19:47:57 +0000"
    },
    "done": true
  },
  "swem:recipes/misc/western_leg_wraps/western_leg_wraps_gray_from_leg_wraps": {
    "criteria": {
      "has_western_leg_wraps": "2024-05-15 19:47:57 +0000"
    },
    "done": true
  },
  "swem:recipes/misc/pasture_blanket/pasture_blanket_black": {
    "criteria": {
      "has_pasture_blanket": "2024-05-15 19:47:57 +0000"
    },
    "done": true
  },
  "swem:recipes/misc/pasture_blanket/pasture_blanket_armored_yellow": {
    "criteria": {
      "has_pasture_blanket_armored": "2024-05-15 19:47:57 +0000"
    },
    "done": true
  },
  "swem:recipes/misc/english_leg_wraps/english_leg_wraps_yellow_from_leg_wraps": {
    "criteria": {
      "has_english_leg_wraps": "2024-05-15 19:47:57 +0000"
    },
    "done": true
  },
  "swem:recipes/misc/western_leg_wraps/western_leg_wraps_blue_from_leg_wraps": {
    "criteria": {
      "has_western_leg_wraps": "2024-05-15 19:47:57 +0000"
    },
    "done": true
  },
  "swem:recipes/misc/pasture_blanket/pasture_blanket_gray_armored_from_blanket": {
    "criteria": {
      "has_pasture_blanket_armored": "2024-05-15 19:47:57 +0000"
    },
    "done": true
  },
  "swem:recipes/misc/english_leg_wraps/english_leg_wraps_brown_from_leg_wraps": {
    "criteria": {
      "has_english_leg_wraps": "2024-05-15 19:47:57 +0000"
    },
    "done": true
  },
  "swem:recipes/misc/western_leg_wraps/western_leg_wraps_brown_from_leg_wraps": {
    "criteria": {
      "has_western_leg_wraps": "2024-05-15 19:47:57 +0000"
    },
    "done": true
  },
  "swem:recipes/misc/english_leg_wraps/english_leg_wraps_pink": {
    "criteria": {
      "has_english_leg_wraps": "2024-05-15 19:47:57 +0000"
    },
    "done": true
  },
  "swem:recipes/misc/pasture_blanket/pasture_blanket_armored_light_blue": {
    "criteria": {
      "has_pasture_blanket_armored": "2024-05-15 19:47:57 +0000"
    },
    "done": true
  },
  "swem:recipes/misc/pasture_blanket/pasture_blanket_light_blue": {
    "criteria": {
      "has_pasture_blanket": "2024-05-15 19:47:57 +0000"
    },
    "done": true
  },
  "swem:recipes/misc/western_leg_wraps/western_leg_wraps_green": {
    "criteria": {
      "has_western_leg_wraps": "2024-05-15 19:47:57 +0000"
    },
    "done": true
  },
  "swem:recipes/misc/bin_grain_pink": {
    "criteria": {
      "has_chest": "2024-05-15 20:07:31 +0000"
    },
    "done": true
  },
  "swem:recipes/misc/english_leg_wraps/english_leg_wraps_magenta_from_leg_wraps": {
    "criteria": {
      "has_english_leg_wraps": "2024-05-15 19:47:57 +0000"
    },
    "done": true
  },
  "swem:recipes/misc/english_blanket/english_blanket_red_from_blanket": {
    "criteria": {
      "has_english_blanket": "2024-05-15 19:47:57 +0000"
    },
    "done": true
  },
  "swem:recipes/misc/bin_grain_crimson": {
    "criteria": {
      "has_chest": "2024-05-15 20:07:31 +0000"
    },
    "done": true
  },
  "swem:recipes/misc/western_leg_wraps/western_leg_wraps_light_gray": {
    "criteria": {
      "has_western_leg_wraps": "2024-05-15 19:47:57 +0000"
    },
    "done": true
  },
  "swem:recipes/misc/pasture_blanket/pasture_blanket_red_armored_from_blanket": {
    "criteria": {
      "has_pasture_blanket_armored": "2024-05-15 19:47:57 +0000"
    },
    "done": true
  },
  "swem:recipes/misc/western_leg_wraps/western_leg_wraps_yellow_from_leg_wraps": {
    "criteria": {
      "has_western_leg_wraps": "2024-05-15 19:47:57 +0000"
    },
    "done": true
  },
  "swem:recipes/misc/english_leg_wraps/english_leg_wraps_black": {
    "criteria": {
      "has_english_leg_wraps": "2024-05-15 19:47:57 +0000"
    },
    "done": true
  },
  "swem:recipes/misc/pasture_blanket/pasture_blanket_pink": {
    "criteria": {
      "has_pasture_blanket": "2024-05-15 19:47:57 +0000"
    },
    "done": true
  },
  "swem:recipes/misc/pasture_blanket/pasture_blanket_white": {
    "criteria": {
      "has_pasture_blanket": "2024-05-15 19:47:57 +0000"
    },
    "done": true
  },
  "swem:recipes/misc/pasture_blanket/pasture_blanket_armored_light_gray": {
    "criteria": {
      "has_pasture_blanket_armored": "2024-05-15 19:47:57 +0000"
    },
    "done": true
  },
  "swem:recipes/misc/pasture_blanket/pasture_blanket_lime_armored_from_blanket": {
    "criteria": {
      "has_pasture_blanket_armored": "2024-05-15 19:47:57 +0000"
    },
    "done": true
  },
  "swem:recipes/misc/english_leg_wraps/english_leg_wraps_light_blue_from_leg_wraps": {
    "criteria": {
      "has_english_leg_wraps": "2024-05-15 19:47:57 +0000"
    },
    "done": true
  },
  "swem:recipes/misc/english_blanket/english_blanket_pink_from_blanket": {
    "criteria": {
      "has_english_blanket": "2024-05-15 19:47:57 +0000"
    },
    "done": true
  },
  "swem:recipes/misc/english_blanket/english_blanket_purple": {
    "criteria": {
      "has_english_blanket": "2024-05-15 19:47:57 +0000"
    },
    "done": true
  },
  "swem:recipes/misc/bin_grain_magenta": {
    "criteria": {
      "has_chest": "2024-05-15 20:07:31 +0000"
    },
    "done": true
  },
  "swem:recipes/misc/english_blanket/english_blanket_gray_from_blanket": {
    "criteria": {
      "has_english_blanket": "2024-05-15 19:47:57 +0000"
    },
    "done": true
  },
  "swem:recipes/misc/pasture_blanket/pasture_blanket_armored_pink": {
    "criteria": {
      "has_pasture_blanket_armored": "2024-05-15 19:47:57 +0000"
    },
    "done": true
  },
  "swem:recipes/misc/western_leg_wraps/western_leg_wraps_gray": {
    "criteria": {
      "has_western_leg_wraps": "2024-05-15 19:47:57 +0000"
    },
    "done": true
  },
  "swem:recipes/misc/western_leg_wraps/western_leg_wraps_red": {
    "criteria": {
      "has_western_leg_wraps": "2024-05-15 19:47:57 +0000"
    },
    "done": true
  },
  "swem:recipes/misc/pasture_blanket/pasture_blanket_armored_white": {
    "criteria": {
      "has_pasture_blanket_armored": "2024-05-15 19:47:57 +0000"
    },
    "done": true
  },
  "swem:recipes/misc/pasture_blanket/pasture_blanket_armored_green": {
    "criteria": {
      "has_pasture_blanket_armored": "2024-05-15 19:47:57 +0000"
    },
    "done": true
  },
  "swem:recipes/misc/western_leg_wraps/western_leg_wraps_orange": {
    "criteria": {
      "has_western_leg_wraps": "2024-05-15 19:47:57 +0000"
    },
    "done": true
  },
  "swem:recipes/misc/western_leg_wraps/western_leg_wraps_black_from_leg_wraps": {
    "criteria": {
      "has_western_leg_wraps": "2024-05-15 19:47:57 +0000"
    },
    "done": true
  },
  "swem:recipes/misc/western_leg_wraps/western_leg_wraps_magenta": {
    "criteria": {
      "has_western_leg_wraps": "2024-05-15 19:47:57 +0000"
    },
    "done": true
  },
  "swem:recipes/misc/english_leg_wraps/english_leg_wraps_green": {
    "criteria": {
      "has_english_leg_wraps": "2024-05-15 19:47:57 +0000"
    },
    "done": true
  },
  "swem:recipes/misc/bin_grain_oak": {
    "criteria": {
      "has_chest": "2024-05-15 20:07:31 +0000"
    },
    "done": true
  },
  "minecraft:recipes/building_blocks/stone_stairs": {
    "criteria": {
      "has_stone": "2024-05-15 20:11:00 +0000"
    },
    "done": true
  },
  "minecraft:recipes/building_blocks/bone_block": {
    "criteria": {
      "has_bone_meal": "2024-05-15 20:03:46 +0000"
    },
    "done": true
  },
  "swem:recipes/misc/english_blanket/english_blanket_light_gray": {
    "criteria": {
      "has_english_blanket": "2024-05-15 19:47:57 +0000"
    },
    "done": true
  },
  "swem:recipes/misc/pasture_blanket/pasture_blanket_armored_brown": {
    "criteria": {
      "has_pasture_blanket_armored": "2024-05-15 19:47:57 +0000"
    },
    "done": true
  },
  "swem:recipes/misc/bin_grain_white": {
    "criteria": {
      "has_chest": "2024-05-15 20:07:31 +0000"
    },
    "done": true
  },
  "swem:recipes/misc/english_blanket/english_blanket_cyan": {
    "criteria": {
      "has_english_blanket": "2024-05-15 19:47:57 +0000"
    },
    "done": true
  },
  "minecraft:story/iron_tools": {
    "criteria": {
      "iron_pickaxe": "2024-05-15 19:57:28 +0000"
    },
    "done": true
  },
  "minecraft:recipes/misc/book": {
    "criteria": {
      "has_paper": "2024-05-15 19:46:20 +0000"
    },
    "done": true
  },
  "swem:recipes/misc/western_leg_wraps/western_leg_wraps_cyan_from_leg_wraps": {
    "criteria": {
      "has_western_leg_wraps": "2024-05-15 19:47:57 +0000"
    },
    "done": true
  },
  "swem:recipes/misc/english_blanket/english_blanket_lime_from_blanket": {
    "criteria": {
      "has_english_blanket": "2024-05-15 19:47:57 +0000"
    },
    "done": true
  },
  "swem:recipes/misc/spruce_stall_horse": {
    "criteria": {
      "has_bars": "2024-05-15 19:52:03 +0000"
    },
    "done": true
  },
  "swem:recipes/misc/english_blanket/english_blanket_white_from_blanket": {
    "criteria": {
      "has_english_blanket": "2024-05-15 19:47:57 +0000"
    },
    "done": true
  },
  "swem:recipes/misc/western_leg_wraps/western_leg_wraps_cyan": {
    "criteria": {
      "has_western_leg_wraps": "2024-05-15 19:47:57 +0000"
    },
    "done": true
  },
  "swem:recipes/misc/western_leg_wraps/western_leg_wraps_magenta_from_leg_wraps": {
    "criteria": {
      "has_western_leg_wraps": "2024-05-15 19:47:57 +0000"
    },
    "done": true
  },
  "swem:recipes/misc/western_leg_wraps/western_leg_wraps_light_blue": {
    "criteria": {
      "has_western_leg_wraps": "2024-05-15 19:47:57 +0000"
    },
    "done": true
  },
  "swem:recipes/misc/pasture_blanket/pasture_blanket_orange_armored_from_blanket": {
    "criteria": {
      "has_pasture_blanket_armored": "2024-05-15 19:47:57 +0000"
    },
    "done": true
  },
  "minecraft:recipes/combat/bow": {
    "criteria": {
      "has_string": "2024-05-15 20:17:43 +0000"
    },
    "done": true
  },
  "swem:recipes/misc/english_leg_wraps/english_leg_wraps_light_gray": {
    "criteria": {
      "has_english_leg_wraps": "2024-05-15 19:47:57 +0000"
    },
    "done": true
  },
  "swem:recipes/misc/english_blanket/english_blanket_black_from_blanket": {
    "criteria": {
      "has_english_blanket": "2024-05-15 19:47:57 +0000"
    },
    "done": true
  },
  "swem:recipes/misc/oak_stall_horse": {
    "criteria": {
      "has_bars": "2024-05-15 19:52:03 +0000"
    },
    "done": true
  },
  "swem:recipes/misc/pasture_blanket/pasture_blanket_purple": {
    "criteria": {
      "has_pasture_blanket": "2024-05-15 19:47:57 +0000"
    },
    "done": true
  },
  "swem:recipes/misc/pasture_blanket/pasture_blanket_light_gray_armored_from_blanket": {
    "criteria": {
      "has_pasture_blanket_armored": "2024-05-15 19:47:57 +0000"
    },
    "done": true
  },
  "minecraft:recipes/tools/fishing_rod": {
    "criteria": {
      "has_string": "2024-05-15 20:17:43 +0000"
    },
    "done": true
  },
  "swem:recipes/misc/pasture_blanket/pasture_blanket_brown_armored_from_blanket": {
    "criteria": {
      "has_pasture_blanket_armored": "2024-05-15 19:47:57 +0000"
    },
    "done": true
  },
  "swem:recipes/misc/english_blanket/english_blanket_yellow": {
    "criteria": {
      "has_english_blanket": "2024-05-15 19:47:57 +0000"
    },
    "done": true
  },
  "swem:recipes/misc/jungle_stall_care": {
    "criteria": {
      "has_bars": "2024-05-15 19:52:03 +0000"
    },
    "done": true
  },
  "swem:recipes/misc/western_leg_wraps/western_leg_wraps_black": {
    "criteria": {
      "has_western_leg_wraps": "2024-05-15 19:47:57 +0000"
    },
    "done": true
  },
  "swem:recipes/misc/english_blanket/english_blanket_brown": {
    "criteria": {
      "has_english_blanket": "2024-05-15 19:47:57 +0000"
    },
    "done": true
  },
  "swem:recipes/misc/english_leg_wraps/english_leg_wraps_red": {
    "criteria": {
      "has_english_leg_wraps": "2024-05-15 19:47:57 +0000"
    },
    "done": true
  },
  "swem:recipes/misc/western_leg_wraps/western_leg_wraps_blue": {
    "criteria": {
      "has_western_leg_wraps": "2024-05-15 19:47:57 +0000"
    },
    "done": true
  },
  "swem:recipes/misc/spruce_stall_care": {
    "criteria": {
      "has_bars": "2024-05-15 19:52:03 +0000"
    },
    "done": true
  },
  "swem:recipes/misc/pasture_blanket/pasture_blanket_light_blue_armored_from_blanket": {
    "criteria": {
      "has_pasture_blanket_armored": "2024-05-15 19:47:57 +0000"
    },
    "done": true
  },
  "swem:recipes/misc/western_leg_wraps/western_leg_wraps_lime": {
    "criteria": {
      "has_western_leg_wraps": "2024-05-15 19:47:57 +0000"
    },
    "done": true
  },
  "minecraft:recipes/misc/yellow_dye_from_dandelion": {
    "criteria": {
      "has_dandelion": "2024-05-15 19:59:01 +0000"
    },
    "done": true
  },
  "swem:recipes/misc/pasture_blanket/pasture_blanket_magenta": {
    "criteria": {
      "has_pasture_blanket": "2024-05-15 19:47:57 +0000"
    },
    "done": true
  },
  "minecraft:recipes/misc/bone_meal": {
    "criteria": {
      "has_bone": "2024-05-15 20:03:44 +0000"
    },
    "done": true
  },
  "swem:recipes/misc/english_leg_wraps/english_leg_wraps_light_gray_from_leg_wraps": {
    "criteria": {
      "has_english_leg_wraps": "2024-05-15 19:47:57 +0000"
    },
    "done": true
  },
  "swem:recipes/misc/bin_grain_yellow": {
    "criteria": {
      "has_chest": "2024-05-15 20:07:31 +0000"
    },
    "done": true
  },
  "swem:recipes/misc/bin_grain_cyan": {
    "criteria": {
      "has_chest": "2024-05-15 20:07:31 +0000"
    },
    "done": true
  },
  "minecraft:recipes/decorations/stonecutter": {
    "criteria": {
      "has_stone": "2024-05-15 20:11:00 +0000"
    },
    "done": true
  },
  "swem:recipes/misc/english_leg_wraps/english_leg_wraps_magenta": {
    "criteria": {
      "has_english_leg_wraps": "2024-05-15 19:47:57 +0000"
    },
    "done": true
  },
  "swem:recipes/misc/english_blanket/english_blanket_orange_from_blanket": {
    "criteria": {
      "has_english_blanket": "2024-05-15 19:47:57 +0000"
    },
    "done": true
  },
  "swem:recipes/misc/english_blanket/english_blanket_lime": {
    "criteria": {
      "has_english_blanket": "2024-05-15 19:47:57 +0000"
    },
    "done": true
  },
  "swem:recipes/misc/pasture_blanket/pasture_blanket_cyan_armored_from_blanket": {
    "criteria": {
      "has_pasture_blanket_armored": "2024-05-15 19:47:57 +0000"
    },
    "done": true
  },
  "minecraft:recipes/building_blocks/smooth_stone": {
    "criteria": {
      "has_stone": "2024-05-15 20:11:00 +0000"
    },
    "done": true
  },
  "swem:recipes/misc/english_blanket/english_blanket_blue": {
    "criteria": {
      "has_english_blanket": "2024-05-15 19:47:57 +0000"
    },
    "done": true
  },
  "swem:recipes/misc/dark_oak_stall_care": {
    "criteria": {
      "has_bars": "2024-05-15 19:52:03 +0000"
    },
    "done": true
  },
  "swem:recipes/misc/english_leg_wraps/english_leg_wraps_pink_from_leg_wraps": {
    "criteria": {
      "has_english_leg_wraps": "2024-05-15 19:47:57 +0000"
    },
    "done": true
  },
  "swem:recipes/misc/pasture_blanket/pasture_blanket_brown": {
    "criteria": {
      "has_pasture_blanket": "2024-05-15 19:47:57 +0000"
    },
    "done": true
  },
  "minecraft:recipes/misc/paper": {
    "criteria": {
      "has_reeds": "2024-05-15 19:45:50 +0000"
    },
    "done": true
  },
  "swem:recipes/misc/oak_stall_care": {
    "criteria": {
      "has_bars": "2024-05-15 19:52:03 +0000"
    },
    "done": true
  },
  "swem:recipes/misc/pasture_blanket/pasture_blanket_green_armored_from_blanket": {
    "criteria": {
      "has_pasture_blanket_armored": "2024-05-15 19:47:57 +0000"
    },
    "done": true
  },
  "swem:recipes/misc/western_leg_wraps/western_leg_wraps_pink_from_leg_wraps": {
    "criteria": {
      "has_western_leg_wraps": "2024-05-15 19:47:57 +0000"
    },
    "done": true
  },
  "swem:recipes/misc/pasture_blanket/pasture_blanket_armored_gray": {
    "criteria": {
      "has_pasture_blanket_armored": "2024-05-15 19:47:57 +0000"
    },
    "done": true
  },
  "minecraft:recipes/decorations/stone_brick_walls_from_stone_stonecutting": {
    "criteria": {
      "has_stone": "2024-05-15 20:11:00 +0000"
    },
    "done": true
  },
  "swem:recipes/misc/pasture_blanket/pasture_blanket_orange": {
    "criteria": {
      "has_pasture_blanket": "2024-05-15 19:47:57 +0000"
    },
    "done": true
  },
  "swem:recipes/misc/english_leg_wraps/english_leg_wraps_green_from_leg_wraps": {
    "criteria": {
      "has_english_leg_wraps": "2024-05-15 19:47:57 +0000"
    },
    "done": true
  },
  "swem:recipes/misc/pasture_blanket/pasture_blanket_armored_purple": {
    "criteria": {
      "has_pasture_blanket_armored": "2024-05-15 19:47:57 +0000"
    },
    "done": true
  },
  "minecraft:recipes/building_blocks/stone_brick_slab_from_stone_stonecutting": {
    "criteria": {
      "has_stone": "2024-05-15 20:11:00 +0000"
    },
    "done": true
  },
  "swem:recipes/misc/western_leg_wraps/western_leg_wraps_light_gray_from_leg_wraps": {
    "criteria": {
      "has_western_leg_wraps": "2024-05-15 19:47:57 +0000"
    },
    "done": true
  },
  "swem:recipes/misc/western_leg_wraps/western_leg_wraps_orange_from_leg_wraps": {
    "criteria": {
      "has_western_leg_wraps": "2024-05-15 19:47:57 +0000"
    },
    "done": true
  },
  "swem:recipes/misc/pasture_blanket/pasture_blanket_armored_orange": {
    "criteria": {
      "has_pasture_blanket_armored": "2024-05-15 19:47:57 +0000"
    },
    "done": true
  },
  "minecraft:recipes/building_blocks/stone_brick_stairs_from_stone_stonecutting": {
    "criteria": {
      "has_stone": "2024-05-15 20:11:00 +0000"
    },
    "done": true
  },
  "swem:recipes/misc/bin_grain_warped": {
    "criteria": {
      "has_chest": "2024-05-15 20:07:31 +0000"
    },
    "done": true
  },
  "swem:recipes/misc/bin_grain_lime": {
    "criteria": {
      "has_chest": "2024-05-15 20:07:31 +0000"
    },
    "done": true
  },
  "swem:recipes/misc/birch_stall_horse": {
    "criteria": {
      "has_bars": "2024-05-15 19:52:03 +0000"
    },
    "done": true
  },
  "swem:recipes/misc/pasture_blanket/pasture_blanket_armored_red": {
    "criteria": {
      "has_pasture_blanket_armored": "2024-05-15 19:47:57 +0000"
    },
    "done": true
  },
  "swem:recipes/misc/english_blanket/english_blanket_purple_from_blanket": {
    "criteria": {
      "has_english_blanket": "2024-05-15 19:47:57 +0000"
    },
    "done": true
  },
  "minecraft:recipes/building_blocks/stone_slab_from_stone_stonecutting": {
    "criteria": {
      "has_stone": "2024-05-15 20:11:00 +0000"
    },
    "done": true
  },
  "swem:recipes/misc/english_blanket/english_blanket_light_gray_from_blanket": {
    "criteria": {
      "has_english_blanket": "2024-05-15 19:47:57 +0000"
    },
    "done": true
  },
  "minecraft:recipes/misc/sugar_from_sugar_cane": {
    "criteria": {
      "has_sugar_cane": "2024-05-15 19:45:50 +0000"
    },
    "done": true
  },
  "swem:recipes/misc/pasture_blanket/pasture_blanket_black_armored_from_blanket": {
    "criteria": {
      "has_pasture_blanket_armored": "2024-05-15 19:47:57 +0000"
    },
    "done": true
  },
  "securitycraft:recipes/misc/keypad_item": {
    "criteria": {
      "has_stone_button": "2024-05-15 20:11:03 +0000"
    },
    "done": true
  },
  "swem:recipes/misc/english_blanket/english_blanket_light_blue_from_blanket": {
    "criteria": {
      "has_english_blanket": "2024-05-15 19:47:57 +0000"
    },
    "done": true
  },
  "swem:recipes/misc/english_leg_wraps/english_leg_wraps_cyan": {
    "criteria": {
      "has_english_leg_wraps": "2024-05-15 19:47:57 +0000"
    },
    "done": true
  },
  "swem:recipes/misc/pasture_blanket/pasture_blanket_armored_magenta": {
    "criteria": {
      "has_pasture_blanket_armored": "2024-05-15 19:47:57 +0000"
    },
    "done": true
  },
  "swem:recipes/misc/acacia_stall_horse": {
    "criteria": {
      "has_bars": "2024-05-15 19:52:03 +0000"
    },
    "done": true
  },
  "swem:recipes/misc/bin_grain_blue": {
    "criteria": {
      "has_chest": "2024-05-15 20:07:31 +0000"
    },
    "done": true
  },
  "swem:recipes/misc/bin_grain_red": {
    "criteria": {
      "has_chest": "2024-05-15 20:07:31 +0000"
    },
    "done": true
  },
  "swem:recipes/misc/english_blanket/english_blanket_light_blue": {
    "criteria": {
      "has_english_blanket": "2024-05-15 19:47:57 +0000"
    },
    "done": true
  },
  "swem:recipes/misc/bin_grain_acacia": {
    "criteria": {
      "has_chest": "2024-05-15 20:07:31 +0000"
    },
    "done": true
  },
  "swem:recipes/misc/bin_grain_birch": {
    "criteria": {
      "has_chest": "2024-05-15 20:07:31 +0000"
    },
    "done": true
  },
  "swem:recipes/misc/pasture_blanket/pasture_blanket_gray": {
    "criteria": {
      "has_pasture_blanket": "2024-05-15 19:47:57 +0000"
    },
    "done": true
  },
  "swem:recipes/misc/whitewash_stall_horse": {
    "criteria": {
      "has_bars": "2024-05-15 19:52:03 +0000"
    },
    "done": true
  },
  "swem:recipes/misc/pasture_blanket/pasture_blanket_armored_lime": {
    "criteria": {
      "has_pasture_blanket_armored": "2024-05-15 19:47:57 +0000"
    },
    "done": true
  },
  "swem:recipes/misc/english_blanket/english_blanket_green_from_blanket": {
    "criteria": {
      "has_english_blanket": "2024-05-15 19:47:57 +0000"
    },
    "done": true
  },
  "minecraft:recipes/building_blocks/chiseled_stone_bricks_stone_from_stonecutting": {
    "criteria": {
      "has_stone": "2024-05-15 20:11:00 +0000"
    },
    "done": true
  },
  "swem:recipes/misc/western_leg_wraps/western_leg_wraps_lime_from_leg_wraps": {
    "criteria": {
      "has_western_leg_wraps": "2024-05-15 19:47:57 +0000"
    },
    "done": true
  },
  "swem:recipes/misc/english_leg_wraps/english_leg_wraps_blue": {
    "criteria": {
      "has_english_leg_wraps": "2024-05-15 19:47:57 +0000"
    },
    "done": true
  },
  "swem:recipes/misc/pasture_blanket/pasture_blanket_white_armored_from_blanket": {
    "criteria": {
      "has_pasture_blanket_armored": "2024-05-15 19:47:57 +0000"
    },
    "done": true
  },
  "minecraft:recipes/building_blocks/white_wool_from_string": {
    "criteria": {
      "has_string": "2024-05-15 20:17:43 +0000"
    },
    "done": true
  },
  "swem:recipes/misc/horse_armor_cloth": {
    "criteria": {
      "has_any_carpet": "2024-05-15 19:47:57 +0000"
    },
    "done": true
  },
  "swem:recipes/misc/bin_grain_gray": {
    "criteria": {
      "has_chest": "2024-05-15 20:07:31 +0000"
    },
    "done": true
  },
  "swem:recipes/misc/western_leg_wraps/western_leg_wraps_yellow": {
    "criteria": {
      "has_western_leg_wraps": "2024-05-15 19:47:57 +0000"
    },
    "done": true
  },
  "minecraft:recipes/decorations/cartography_table": {
    "criteria": {
      "has_paper": "2024-05-15 19:46:20 +0000"
    },
    "done": true
  },
  "swem:recipes/misc/pasture_blanket/pasture_blanket_armored_blue": {
    "criteria": {
      "has_pasture_blanket_armored": "2024-05-15 19:47:57 +0000"
    },
    "done": true
  },
  "swem:recipes/misc/english_leg_wraps/english_leg_wraps_brown": {
    "criteria": {
      "has_english_leg_wraps": "2024-05-15 19:47:57 +0000"
    },
    "done": true
  },
  "swem:recipes/misc/english_leg_wraps/english_leg_wraps_yellow": {
    "criteria": {
      "has_english_leg_wraps": "2024-05-15 19:47:57 +0000"
    },
    "done": true
  },
  "swem:recipes/misc/pasture_blanket/pasture_blanket_blue": {
    "criteria": {
      "has_pasture_blanket": "2024-05-15 19:47:57 +0000"
    },
    "done": true
  },
  "minecraft:husbandry/plant_seed": {
    "criteria": {
      "wheat": "2024-05-15 19:46:33 +0000"
    },
    "done": true
  },
  "swem:recipes/misc/english_leg_wraps/english_leg_wraps_lime": {
    "criteria": {
      "has_english_leg_wraps": "2024-05-15 19:47:57 +0000"
    },
    "done": true
  },
  "swem:recipes/misc/pasture_blanket/pasture_blanket_blue_armored_from_blanket": {
    "criteria": {
      "has_pasture_blanket_armored": "2024-05-15 19:47:57 +0000"
    },
    "done": true
  },
  "swem:recipes/misc/bin_grain_black": {
    "criteria": {
      "has_chest": "2024-05-15 20:07:31 +0000"
    },
    "done": true
  },
  "tombstone:adventure/enchanted_bundle": {
    "criteria": {
      "coded_trigger": "2024-05-15 20:20:25 +0000"
    },
    "done": true
  },
  "swem:recipes/misc/english_leg_wraps/english_leg_wraps_lime_from_leg_wraps": {
    "criteria": {
      "has_english_leg_wraps": "2024-05-15 19:47:57 +0000"
    },
    "done": true
  },
  "swem:recipes/misc/english_blanket/english_blanket_brown_from_blanket": {
    "criteria": {
      "has_english_blanket": "2024-05-15 19:47:57 +0000"
    },
    "done": true
  },
  "swem:recipes/misc/english_leg_wraps/english_leg_wraps_orange_from_leg_wraps": {
    "criteria": {
      "has_english_leg_wraps": "2024-05-15 19:47:57 +0000"
    },
    "done": true
  },
  "swem:recipes/misc/pasture_blanket/pasture_blanket_pink_armored_from_blanket": {
    "criteria": {
      "has_pasture_blanket_armored": "2024-05-15 19:47:57 +0000"
    },
    "done": true
  },
  "swem:recipes/misc/pasture_blanket/pasture_blanket_lime": {
    "criteria": {
      "has_pasture_blanket": "2024-05-15 19:47:57 +0000"
    },
    "done": true
  },
  "swem:recipes/misc/bin_grain_light_gray": {
    "criteria": {
      "has_chest": "2024-05-15 20:07:31 +0000"
    },
    "done": true
  },
  "swem:recipes/misc/pasture_blanket/pasture_blanket_yellow_armored_from_blanket": {
    "criteria": {
      "has_pasture_blanket_armored": "2024-05-15 19:47:57 +0000"
    },
    "done": true
  },
  "swem:recipes/misc/jungle_stall_horse": {
    "criteria": {
      "has_bars": "2024-05-15 19:52:03 +0000"
    },
    "done": true
  },
  "minecraft:recipes/decorations/loom": {
    "criteria": {
      "has_string": "2024-05-15 20:17:43 +0000"
    },
    "done": true
  },
  "swem:recipes/misc/bin_grain_green": {
    "criteria": {
      "has_chest": "2024-05-15 20:07:31 +0000"
    },
    "done": true
  },
  "swem:recipes/misc/english_blanket/english_blanket_yellow_from_blanket": {
    "criteria": {
      "has_english_blanket": "2024-05-15 19:47:57 +0000"
    },
    "done": true
  },
  "swem:recipes/misc/pasture_blanket/pasture_blanket_armored_cyan": {
    "criteria": {
      "has_pasture_blanket_armored": "2024-05-15 19:47:57 +0000"
    },
    "done": true
  },
  "swem:recipes/misc/english_leg_wraps/english_leg_wraps_white_from_leg_wraps": {
    "criteria": {
      "has_english_leg_wraps": "2024-05-15 19:47:57 +0000"
    },
    "done": true
  },
  "DataVersion": 3465
}