{
  "minecraft:recipes/decorations/crafting_table": {
    "criteria": {
      "unlock_right_away": "2024-05-15 00:02:22 +0000"
    },
    "done": true
  },
  "tombstone:adventure/root": {
    "criteria": {
      "auto": "2024-05-15 00:02:23 +0000"
    },
    "done": true
  },
  "minecraft:adventure/adventuring_time": {
    "criteria": {
      "minecraft:sparse_jungle": "2024-05-15 00:02:23 +0000",
      "minecraft:river": "2024-05-15 00:08:34 +0000",
      "minecraft:dripstone_caves": "2024-05-16 22:23:11 +0000"
    },
    "done": false
  },
  "minecraft:recipes/building_blocks/jungle_wood": {
    "criteria": {
      "has_log": "2024-05-15 00:02:51 +0000"
    },
    "done": true
  },
  "minecraft:recipes/misc/charcoal": {
    "criteria": {
      "has_log": "2024-05-15 00:02:51 +0000"
    },
    "done": true
  },
  "securitycraft:recipes/misc/sc_manual": {
    "criteria": {
      "has_wood": "2024-05-15 00:02:51 +0000"
    },
    "done": true
  },
  "minecraft:recipes/building_blocks/jungle_planks": {
    "criteria": {
      "has_logs": "2024-05-15 00:02:51 +0000"
    },
    "done": true
  },
  "minecraft:recipes/building_blocks/oak_planks": {
    "criteria": {
      "has_logs": "2024-05-15 00:04:11 +0000"
    },
    "done": true
  },
  "minecraft:recipes/building_blocks/oak_wood": {
    "criteria": {
      "has_log": "2024-05-15 00:04:11 +0000"
    },
    "done": true
  },
  "furnitura:recipes/misc/jungle_chair": {
    "criteria": {
      "has_jungle_planks": "2024-05-15 00:05:09 +0000"
    },
    "done": true
  },
  "minecraft:recipes/misc/stick": {
    "criteria": {
      "has_planks": "2024-05-15 00:05:09 +0000"
    },
    "done": true
  },
  "furnitura:recipes/misc/jungle_desk": {
    "criteria": {
      "has_jungle_planks": "2024-05-15 00:05:09 +0000"
    },
    "done": true
  },
  "furnitura:recipes/misc/jungle_stool": {
    "criteria": {
      "has_jungle_planks": "2024-05-15 00:05:09 +0000"
    },
    "done": true
  },
  "minecraft:recipes/building_blocks/jungle_stairs": {
    "criteria": {
      "has_planks": "2024-05-15 00:05:09 +0000"
    },
    "done": true
  },
  "minecraft:recipes/redstone/jungle_trapdoor": {
    "criteria": {
      "has_planks": "2024-05-15 00:05:09 +0000"
    },
    "done": true
  },
  "minecraft:recipes/decorations/jungle_sign": {
    "criteria": {
      "has_planks": "2024-05-15 00:05:09 +0000"
    },
    "done": true
  },
  "furnitura:recipes/misc/single_leg_table_jungle": {
    "criteria": {
      "has_jungle_planks": "2024-05-15 00:05:09 +0000"
    },
    "done": true
  },
  "minecraft:recipes/redstone/jungle_door": {
    "criteria": {
      "has_planks": "2024-05-15 00:05:09 +0000"
    },
    "done": true
  },
  "minecraft:recipes/decorations/jungle_fence": {
    "criteria": {
      "has_planks": "2024-05-15 00:05:09 +0000"
    },
    "done": true
  },
  "minecraft:recipes/decorations/barrel": {
    "criteria": {
      "has_planks": "2024-05-15 00:05:09 +0000"
    },
    "done": true
  },
  "furnitura:recipes/misc/jungle_stump": {
    "criteria": {
      "has_jungle_planks": "2024-05-15 00:05:09 +0000"
    },
    "done": true
  },
  "minecraft:recipes/building_blocks/jungle_slab": {
    "criteria": {
      "has_planks": "2024-05-15 00:05:09 +0000"
    },
    "done": true
  },
  "furnitura:recipes/misc/jungle_mailbox": {
    "criteria": {
      "has_jungle_planks": "2024-05-15 00:05:09 +0000"
    },
    "done": true
  },
  "furnitura:recipes/misc/jungle_shelf_extenders": {
    "criteria": {
      "has_jungle_planks": "2024-05-15 00:05:09 +0000"
    },
    "done": true
  },
  "furnitura:recipes/misc/jungle_crate": {
    "criteria": {
      "has_jungle_planks": "2024-05-15 00:05:09 +0000"
    },
    "done": true
  },
  "minecraft:recipes/redstone/jungle_button": {
    "criteria": {
      "has_planks": "2024-05-15 00:05:09 +0000"
    },
    "done": true
  },
  "minecraft:recipes/redstone/jungle_fence_gate": {
    "criteria": {
      "has_planks": "2024-05-15 00:05:09 +0000"
    },
    "done": true
  },
  "furnitura:recipes/misc/jungle_log_shelf": {
    "criteria": {
      "has_jungle_planks": "2024-05-15 00:05:09 +0000"
    },
    "done": true
  },
  "furnitura:recipes/misc/jungle_cabinet": {
    "criteria": {
      "has_jungle_planks": "2024-05-15 00:05:09 +0000"
    },
    "done": true
  },
  "furnitura:recipes/misc/jungle_shelf": {
    "criteria": {
      "has_jungle_planks": "2024-05-15 00:05:09 +0000"
    },
    "done": true
  },
  "furnitura:recipes/misc/jungle_table": {
    "criteria": {
      "has_jungle_planks": "2024-05-15 00:05:09 +0000"
    },
    "done": true
  },
  "minecraft:recipes/redstone/jungle_pressure_plate": {
    "criteria": {
      "has_planks": "2024-05-15 00:05:09 +0000"
    },
    "done": true
  },
  "furnitura:recipes/misc/small_table_jungle": {
    "criteria": {
      "has_jungle_planks": "2024-05-15 00:05:09 +0000"
    },
    "done": true
  },
  "minecraft:story/root": {
    "criteria": {
      "crafting_table": "2024-05-15 00:05:12 +0000"
    },
    "done": true
  },
  "minecraft:recipes/decorations/ladder": {
    "criteria": {
      "has_stick": "2024-05-15 00:05:15 +0000"
    },
    "done": true
  },
  "securitycraft:recipes/misc/motion_activated_light": {
    "criteria": {
      "has_stick": "2024-05-15 00:05:15 +0000"
    },
    "done": true
  },
  "minecraft:recipes/tools/wooden_axe": {
    "criteria": {
      "has_stick": "2024-05-15 00:05:15 +0000"
    },
    "done": true
  },
  "minecraft:recipes/decorations/campfire": {
    "criteria": {
      "has_stick": "2024-05-15 00:05:15 +0000"
    },
    "done": true
  },
  "minecraft:recipes/tools/wooden_hoe": {
    "criteria": {
      "has_stick": "2024-05-15 00:05:15 +0000"
    },
    "done": true
  },
  "securitycraft:recipes/misc/sonic_security_system": {
    "criteria": {
      "has_stick": "2024-05-15 00:05:15 +0000"
    },
    "done": true
  },
  "minecraft:recipes/tools/wooden_shovel": {
    "criteria": {
      "has_stick": "2024-05-15 00:05:15 +0000"
    },
    "done": true
  },
  "minecraft:recipes/combat/wooden_sword": {
    "criteria": {
      "has_stick": "2024-05-15 00:05:15 +0000"
    },
    "done": true
  },
  "minecraft:recipes/tools/wooden_pickaxe": {
    "criteria": {
      "has_stick": "2024-05-15 00:05:15 +0000"
    },
    "done": true
  },
  "minecraft:story/mine_stone": {
    "criteria": {
      "get_stone": "2024-05-15 00:05:25 +0000"
    },
    "done": true
  },
  "minecraft:recipes/decorations/furnace": {
    "criteria": {
      "has_cobblestone": "2024-05-15 00:05:25 +0000"
    },
    "done": true
  },
  "minecraft:recipes/building_blocks/cobblestone_slab_from_cobblestone_stonecutting": {
    "criteria": {
      "has_cobblestone": "2024-05-15 00:05:25 +0000"
    },
    "done": true
  },
  "minecraft:recipes/building_blocks/stone": {
    "criteria": {
      "has_cobblestone": "2024-05-15 00:05:25 +0000"
    },
    "done": true
  },
  "minecraft:recipes/tools/stone_pickaxe": {
    "criteria": {
      "has_cobblestone": "2024-05-15 00:05:25 +0000"
    },
    "done": true
  },
  "minecraft:recipes/building_blocks/cobblestone_slab": {
    "criteria": {
      "has_cobblestone": "2024-05-15 00:05:25 +0000"
    },
    "done": true
  },
  "minecraft:recipes/decorations/cobblestone_wall_from_cobblestone_stonecutting": {
    "criteria": {
      "has_cobblestone": "2024-05-15 00:05:25 +0000"
    },
    "done": true
  },
  "minecraft:recipes/building_blocks/cobblestone_stairs": {
    "criteria": {
      "has_cobblestone": "2024-05-15 00:05:25 +0000"
    },
    "done": true
  },
  "minecraft:recipes/tools/stone_shovel": {
    "criteria": {
      "has_cobblestone": "2024-05-15 00:05:25 +0000"
    },
    "done": true
  },
  "minecraft:recipes/redstone/lever": {
    "criteria": {
      "has_cobblestone": "2024-05-15 00:05:25 +0000"
    },
    "done": true
  },
  "minecraft:recipes/combat/stone_sword": {
    "criteria": {
      "has_cobblestone": "2024-05-15 00:05:25 +0000"
    },
    "done": true
  },
  "minecraft:recipes/decorations/cobblestone_wall": {
    "criteria": {
      "has_cobblestone": "2024-05-15 00:05:25 +0000"
    },
    "done": true
  },
  "minecraft:recipes/tools/stone_axe": {
    "criteria": {
      "has_cobblestone": "2024-05-15 00:05:25 +0000"
    },
    "done": true
  },
  "securitycraft:recipes/redstone/laser_block": {
    "criteria": {
      "has_stone": "2024-05-15 00:05:25 +0000"
    },
    "done": true
  },
  "securitycraft:recipes/building_blocks/reinforced_andesite": {
    "criteria": {
      "has_cobblestone": "2024-05-15 00:05:25 +0000"
    },
    "done": true
  },
  "securitycraft:recipes/building_blocks/reinforced_diorite": {
    "criteria": {
      "has_cobblestone": "2024-05-15 00:05:25 +0000"
    },
    "done": true
  },
  "minecraft:recipes/building_blocks/cobblestone_stairs_from_cobblestone_stonecutting": {
    "criteria": {
      "has_cobblestone": "2024-05-15 00:05:25 +0000"
    },
    "done": true
  },
  "minecraft:recipes/tools/stone_hoe": {
    "criteria": {
      "has_cobblestone": "2024-05-15 00:05:25 +0000"
    },
    "done": true
  },
  "minecraft:recipes/building_blocks/coal_block": {
    "criteria": {
      "has_coal": "2024-05-15 00:05:40 +0000"
    },
    "done": true
  },
  "minecraft:recipes/transportation/cherry_boat": {
    "criteria": {
      "in_water": "2024-05-15 00:06:39 +0000"
    },
    "done": true
  },
  "minecraft:recipes/transportation/bamboo_raft": {
    "criteria": {
      "in_water": "2024-05-15 00:06:39 +0000"
    },
    "done": true
  },
  "minecraft:recipes/transportation/acacia_boat": {
    "criteria": {
      "in_water": "2024-05-15 00:06:39 +0000"
    },
    "done": true
  },
  "minecraft:recipes/transportation/jungle_boat": {
    "criteria": {
      "in_water": "2024-05-15 00:06:39 +0000"
    },
    "done": true
  },
  "minecraft:recipes/transportation/spruce_boat": {
    "criteria": {
      "in_water": "2024-05-15 00:06:39 +0000"
    },
    "done": true
  },
  "minecraft:recipes/transportation/birch_boat": {
    "criteria": {
      "in_water": "2024-05-15 00:06:39 +0000"
    },
    "done": true
  },
  "minecraft:recipes/transportation/oak_boat": {
    "criteria": {
      "in_water": "2024-05-15 00:06:39 +0000"
    },
    "done": true
  },
  "minecraft:recipes/transportation/mangrove_boat": {
    "criteria": {
      "in_water": "2024-05-15 00:06:39 +0000"
    },
    "done": true
  },
  "minecraft:recipes/transportation/dark_oak_boat": {
    "criteria": {
      "in_water": "2024-05-15 00:06:39 +0000"
    },
    "done": true
  },
  "minecraft:recipes/decorations/chest": {
    "criteria": {
      "has_lots_of_items": "2024-05-15 00:06:49 +0000"
    },
    "done": true
  },
  "securitycraft:recipes/building_blocks/reinforced_mossy_cobblestone_from_vanilla_moss": {
    "criteria": {
      "has_moss": "2024-05-15 00:06:49 +0000"
    },
    "done": true
  },
  "securitycraft:recipes/building_blocks/reinforced_mossy_stone_bricks_from_vanilla_moss": {
    "criteria": {
      "has_moss": "2024-05-15 00:06:49 +0000"
    },
    "done": true
  },
  "minecraft:recipes/building_blocks/mossy_cobblestone_from_moss_block": {
    "criteria": {
      "has_moss_block": "2024-05-15 00:06:49 +0000"
    },
    "done": true
  },
  "minecraft:recipes/decorations/moss_carpet": {
    "criteria": {
      "has_moss_block": "2024-05-15 00:06:49 +0000"
    },
    "done": true
  },
  "minecraft:recipes/building_blocks/mossy_stone_bricks_from_moss_block": {
    "criteria": {
      "has_moss_block": "2024-05-15 00:06:49 +0000"
    },
    "done": true
  },
  "minecraft:adventure/root": {
    "criteria": {
      "killed_something": "2024-05-15 00:07:22 +0000"
    },
    "done": true
  },
  "furnitura:recipes/misc/couch_extenders_light_blue": {
    "criteria": {
      "has_oak_planks": "2024-05-15 00:07:26 +0000"
    },
    "done": true
  },
  "furnitura:recipes/misc/wooden_couch_edge_green": {
    "criteria": {
      "has_oak_planks": "2024-05-15 00:07:26 +0000"
    },
    "done": true
  },
  "furnitura:recipes/misc/couch_extenders_blue": {
    "criteria": {
      "has_oak_planks": "2024-05-15 00:07:26 +0000"
    },
    "done": true
  },
  "furnitura:recipes/misc/wooden_couch_edge_red": {
    "criteria": {
      "has_oak_planks": "2024-05-15 00:07:26 +0000"
    },
    "done": true
  },
  "furnitura:recipes/misc/couch_extenders_lime": {
    "criteria": {
      "has_oak_planks": "2024-05-15 00:07:26 +0000"
    },
    "done": true
  },
  "furnitura:recipes/misc/wooden_couch_edge_right_purple": {
    "criteria": {
      "has_oak_planks": "2024-05-15 00:07:26 +0000"
    },
    "done": true
  },
  "minecraft:recipes/decorations/oak_sign": {
    "criteria": {
      "has_planks": "2024-05-15 00:07:26 +0000"
    },
    "done": true
  },
  "furnitura:recipes/misc/oak_desk": {
    "criteria": {
      "has_oak_planks": "2024-05-15 00:07:26 +0000"
    },
    "done": true
  },
  "furnitura:recipes/misc/wooden_couch_single_light_blue": {
    "criteria": {
      "has_oak_planks": "2024-05-15 00:07:26 +0000"
    },
    "done": true
  },
  "furnitura:recipes/misc/wooden_couch_end_red": {
    "criteria": {
      "has_oak_planks": "2024-05-15 00:07:26 +0000"
    },
    "done": true
  },
  "furnitura:recipes/misc/wooden_couch_end_brown": {
    "criteria": {
      "has_oak_planks": "2024-05-15 00:07:26 +0000"
    },
    "done": true
  },
  "furnitura:recipes/misc/wooden_couch_edge_light_blue": {
    "criteria": {
      "has_oak_planks": "2024-05-15 00:07:26 +0000"
    },
    "done": true
  },
  "furnitura:recipes/misc/cussion_low": {
    "criteria": {
      "has_oak_planks": "2024-05-15 00:07:26 +0000"
    },
    "done": true
  },
  "furnitura:recipes/misc/blue_pet_bed": {
    "criteria": {
      "has_oak_planks": "2024-05-15 00:07:26 +0000"
    },
    "done": true
  },
  "furnitura:recipes/misc/wooden_couch_edge_right_gray": {
    "criteria": {
      "has_oak_planks": "2024-05-15 00:07:26 +0000"
    },
    "done": true
  },
  "furnitura:recipes/misc/couch_extenders_cyan": {
    "criteria": {
      "has_oak_planks": "2024-05-15 00:07:26 +0000"
    },
    "done": true
  },
  "furnitura:recipes/misc/couch_extenders_purple": {
    "criteria": {
      "has_oak_planks": "2024-05-15 00:07:26 +0000"
    },
    "done": true
  },
  "furnitura:recipes/misc/wooden_couch_end_light_blue": {
    "criteria": {
      "has_oak_planks": "2024-05-15 00:07:26 +0000"
    },
    "done": true
  },
  "furnitura:recipes/misc/oak_stump": {
    "criteria": {
      "has_oak_planks": "2024-05-15 00:07:26 +0000"
    },
    "done": true
  },
  "furnitura:recipes/misc/couch_extenders_orange": {
    "criteria": {
      "has_oak_planks": "2024-05-15 00:07:26 +0000"
    },
    "done": true
  },
  "furnitura:recipes/misc/wooden_couch_edge_right_green": {
    "criteria": {
      "has_oak_planks": "2024-05-15 00:07:26 +0000"
    },
    "done": true
  },
  "furnitura:recipes/misc/wooden_couch_edge_right_white": {
    "criteria": {
      "has_oak_planks": "2024-05-15 00:07:26 +0000"
    },
    "done": true
  },
  "furnitura:recipes/misc/wooden_couch_single_brown": {
    "criteria": {
      "has_oak_planks": "2024-05-15 00:07:26 +0000"
    },
    "done": true
  },
  "furnitura:recipes/misc/single_cushion_gray": {
    "criteria": {
      "has_oak_planks": "2024-05-15 00:07:26 +0000"
    },
    "done": true
  },
  "furnitura:recipes/misc/oak_shelf_extenders": {
    "criteria": {
      "has_oak_planks": "2024-05-15 00:07:26 +0000"
    },
    "done": true
  },
  "furnitura:recipes/misc/wooden_couch_end_pink": {
    "criteria": {
      "has_oak_planks": "2024-05-15 00:07:26 +0000"
    },
    "done": true
  },
  "furnitura:recipes/misc/wooden_couch_end": {
    "criteria": {
      "has_oak_planks": "2024-05-15 00:07:26 +0000"
    },
    "done": true
  },
  "furnitura:recipes/misc/single_cushion_red": {
    "criteria": {
      "has_oak_planks": "2024-05-15 00:07:26 +0000"
    },
    "done": true
  },
  "furnitura:recipes/misc/wooden_couch_single_purple": {
    "criteria": {
      "has_oak_planks": "2024-05-15 00:07:26 +0000"
    },
    "done": true
  },
  "furnitura:recipes/misc/wooden_couch_single_orange": {
    "criteria": {
      "has_oak_planks": "2024-05-15 00:07:26 +0000"
    },
    "done": true
  },
  "furnitura:recipes/misc/wooden_couch_edge": {
    "criteria": {
      "has_oak_planks": "2024-05-15 00:07:26 +0000"
    },
    "done": true
  },
  "furnitura:recipes/misc/single_cushion_purple": {
    "criteria": {
      "has_oak_planks": "2024-05-15 00:07:26 +0000"
    },
    "done": true
  },
  "furnitura:recipes/misc/wooden_couch_single_light_gray": {
    "criteria": {
      "has_oak_planks": "2024-05-15 00:07:26 +0000"
    },
    "done": true
  },
  "furnitura:recipes/misc/drawer": {
    "criteria": {
      "has_oak_planks": "2024-05-15 00:07:26 +0000"
    },
    "done": true
  },
  "furnitura:recipes/misc/wooden_couch_edge_cyan": {
    "criteria": {
      "has_oak_planks": "2024-05-15 00:07:26 +0000"
    },
    "done": true
  },
  "furnitura:recipes/misc/single_cushion_pink": {
    "criteria": {
      "has_oak_planks": "2024-05-15 00:07:26 +0000"
    },
    "done": true
  },
  "minecraft:recipes/building_blocks/oak_slab": {
    "criteria": {
      "has_planks": "2024-05-15 00:07:26 +0000"
    },
    "done": true
  },
  "furnitura:recipes/misc/small_table_oak": {
    "criteria": {
      "has_oak_planks": "2024-05-15 00:07:26 +0000"
    },
    "done": true
  },
  "furnitura:recipes/misc/single_cushion_orange": {
    "criteria": {
      "has_oak_planks": "2024-05-15 00:07:26 +0000"
    },
    "done": true
  },
  "furnitura:recipes/misc/single_leg_table_oak": {
    "criteria": {
      "has_oak_planks": "2024-05-15 00:07:26 +0000"
    },
    "done": true
  },
  "furnitura:recipes/misc/couch_extenders_white": {
    "criteria": {
      "has_oak_planks": "2024-05-15 00:07:26 +0000"
    },
    "done": true
  },
  "furnitura:recipes/misc/wooden_couch_edge_blue": {
    "criteria": {
      "has_oak_planks": "2024-05-15 00:07:26 +0000"
    },
    "done": true
  },
  "furnitura:recipes/misc/wooden_couch_edge_right_light_gray": {
    "criteria": {
      "has_oak_planks": "2024-05-15 00:07:26 +0000"
    },
    "done": true
  },
  "minecraft:recipes/redstone/oak_fence_gate": {
    "criteria": {
      "has_planks": "2024-05-15 00:07:26 +0000"
    },
    "done": true
  },
  "furnitura:recipes/misc/oak_cabinet": {
    "criteria": {
      "has_oak_planks": "2024-05-15 00:07:26 +0000"
    },
    "done": true
  },
  "furnitura:recipes/misc/wooden_couch_edge_right_blue": {
    "criteria": {
      "has_oak_planks": "2024-05-15 00:07:26 +0000"
    },
    "done": true
  },
  "furnitura:recipes/misc/wooden_couch_edge_right_red": {
    "criteria": {
      "has_oak_planks": "2024-05-15 00:07:26 +0000"
    },
    "done": true
  },
  "minecraft:recipes/redstone/oak_door": {
    "criteria": {
      "has_planks": "2024-05-15 00:07:26 +0000"
    },
    "done": true
  },
  "furnitura:recipes/misc/couch_edge_right_red": {
    "criteria": {
      "has_oak_planks": "2024-05-15 00:07:26 +0000"
    },
    "done": true
  },
  "furnitura:recipes/misc/couch_extenders_green": {
    "criteria": {
      "has_oak_planks": "2024-05-15 00:07:26 +0000"
    },
    "done": true
  },
  "furnitura:recipes/misc/wooden_couch_edge_right_lime": {
    "criteria": {
      "has_oak_planks": "2024-05-15 00:07:26 +0000"
    },
    "done": true
  },
  "furnitura:recipes/misc/wooden_couch_edge_white": {
    "criteria": {
      "has_oak_planks": "2024-05-15 00:07:26 +0000"
    },
    "done": true
  },
  "furnitura:recipes/misc/wooden_couch_end_light_gray": {
    "criteria": {
      "has_oak_planks": "2024-05-15 00:07:26 +0000"
    },
    "done": true
  },
  "furnitura:recipes/misc/wooden_couch_end_yellow": {
    "criteria": {
      "has_oak_planks": "2024-05-15 00:07:26 +0000"
    },
    "done": true
  },
  "furnitura:recipes/misc/wooden_couch_single_pink": {
    "criteria": {
      "has_oak_planks": "2024-05-15 00:07:26 +0000"
    },
    "done": true
  },
  "furnitura:recipes/misc/single_cushion_green": {
    "criteria": {
      "has_oak_planks": "2024-05-15 00:07:26 +0000"
    },
    "done": true
  },
  "furnitura:recipes/misc/couch_extenders_gray": {
    "criteria": {
      "has_oak_planks": "2024-05-15 00:07:26 +0000"
    },
    "done": true
  },
  "furnitura:recipes/misc/oak_chair": {
    "criteria": {
      "has_oak_planks": "2024-05-15 00:07:26 +0000"
    },
    "done": true
  },
  "furnitura:recipes/misc/wooden_couch_edge_right_cyan": {
    "criteria": {
      "has_oak_planks": "2024-05-15 00:07:26 +0000"
    },
    "done": true
  },
  "furnitura:recipes/misc/wooden_couch_single_red": {
    "criteria": {
      "has_oak_planks": "2024-05-15 00:07:26 +0000"
    },
    "done": true
  },
  "furnitura:recipes/misc/wooden_couch_edge_right_orange": {
    "criteria": {
      "has_oak_planks": "2024-05-15 00:07:26 +0000"
    },
    "done": true
  },
  "furnitura:recipes/misc/wooden_couch_end_white": {
    "criteria": {
      "has_oak_planks": "2024-05-15 00:07:26 +0000"
    },
    "done": true
  },
  "furnitura:recipes/misc/wooden_couch_edge_gray": {
    "criteria": {
      "has_oak_planks": "2024-05-15 00:07:26 +0000"
    },
    "done": true
  },
  "furnitura:recipes/misc/large_couch_single_black": {
    "criteria": {
      "has_oak_planks": "2024-05-15 00:07:26 +0000"
    },
    "done": true
  },
  "furnitura:recipes/misc/wooden_couch_end_gray": {
    "criteria": {
      "has_oak_planks": "2024-05-15 00:07:26 +0000"
    },
    "done": true
  },
  "furnitura:recipes/misc/single_cussion_black": {
    "criteria": {
      "has_oak_planks": "2024-05-15 00:07:26 +0000"
    },
    "done": true
  },
  "furnitura:recipes/misc/wooden_couch_end_green": {
    "criteria": {
      "has_oak_planks": "2024-05-15 00:07:26 +0000"
    },
    "done": true
  },
  "minecraft:recipes/redstone/oak_trapdoor": {
    "criteria": {
      "has_planks": "2024-05-15 00:07:26 +0000"
    },
    "done": true
  },
  "furnitura:recipes/misc/couch_single_red": {
    "criteria": {
      "has_oak_planks": "2024-05-15 00:07:26 +0000"
    },
    "done": true
  },
  "furnitura:recipes/misc/wooden_couch_edge_right_yellow": {
    "criteria": {
      "has_oak_planks": "2024-05-15 00:07:26 +0000"
    },
    "done": true
  },
  "furnitura:recipes/misc/couch_extenders_red": {
    "criteria": {
      "has_oak_planks": "2024-05-15 00:07:26 +0000"
    },
    "done": true
  },
  "furnitura:recipes/misc/oak_stool": {
    "criteria": {
      "has_oak_planks": "2024-05-15 00:07:26 +0000"
    },
    "done": true
  },
  "furnitura:recipes/misc/oak_mailbox": {
    "criteria": {
      "has_oak_planks": "2024-05-15 00:07:26 +0000"
    },
    "done": true
  },
  "furnitura:recipes/misc/wooden_couch_end_purple": {
    "criteria": {
      "has_oak_planks": "2024-05-15 00:07:26 +0000"
    },
    "done": true
  },
  "furnitura:recipes/misc/oak_log_shelf": {
    "criteria": {
      "has_oak_planks": "2024-05-15 00:07:26 +0000"
    },
    "done": true
  },
  "furnitura:recipes/misc/couch_extendors": {
    "criteria": {
      "has_oak_planks": "2024-05-15 00:07:26 +0000"
    },
    "done": true
  },
  "furnitura:recipes/misc/wooden_couch_edge_right_brown": {
    "criteria": {
      "has_oak_planks": "2024-05-15 00:07:26 +0000"
    },
    "done": true
  },
  "furnitura:recipes/misc/wooden_couch_edge_yellow": {
    "criteria": {
      "has_oak_planks": "2024-05-15 00:07:26 +0000"
    },
    "done": true
  },
  "furnitura:recipes/misc/wooden_couch_single_white": {
    "criteria": {
      "has_oak_planks": "2024-05-15 00:07:26 +0000"
    },
    "done": true
  },
  "furnitura:recipes/misc/single_cushion_white": {
    "criteria": {
      "has_oak_planks": "2024-05-15 00:07:26 +0000"
    },
    "done": true
  },
  "furnitura:recipes/misc/wooden_couch_edge_right_light_blue": {
    "criteria": {
      "has_oak_planks": "2024-05-15 00:07:26 +0000"
    },
    "done": true
  },
  "minecraft:recipes/building_blocks/oak_stairs": {
    "criteria": {
      "has_planks": "2024-05-15 00:07:26 +0000"
    },
    "done": true
  },
  "furnitura:recipes/misc/couch_extenders_yellow": {
    "criteria": {
      "has_oak_planks": "2024-05-15 00:07:26 +0000"
    },
    "done": true
  },
  "minecraft:recipes/decorations/oak_fence": {
    "criteria": {
      "has_planks": "2024-05-15 00:07:26 +0000"
    },
    "done": true
  },
  "furnitura:recipes/misc/oak_table": {
    "criteria": {
      "has_oak_planks": "2024-05-15 00:07:26 +0000"
    },
    "done": true
  },
  "furnitura:recipes/misc/wooden_couch_edge_lime": {
    "criteria": {
      "has_oak_planks": "2024-05-15 00:07:26 +0000"
    },
    "done": true
  },
  "furnitura:recipes/misc/wooden_couch_single_green": {
    "criteria": {
      "has_oak_planks": "2024-05-15 00:07:26 +0000"
    },
    "done": true
  },
  "furnitura:recipes/misc/wooden_couch_edge_left_red": {
    "criteria": {
      "has_oak_planks": "2024-05-15 00:07:26 +0000"
    },
    "done": true
  },
  "furnitura:recipes/misc/wooden_couch_end_lime": {
    "criteria": {
      "has_oak_planks": "2024-05-15 00:07:26 +0000"
    },
    "done": true
  },
  "furnitura:recipes/misc/wooden_couch_end_blue": {
    "criteria": {
      "has_oak_planks": "2024-05-15 00:07:26 +0000"
    },
    "done": true
  },
  "furnitura:recipes/misc/oak_shelf": {
    "criteria": {
      "has_oak_planks": "2024-05-15 00:07:26 +0000"
    },
    "done": true
  },
  "furnitura:recipes/misc/single_cushion_yellow": {
    "criteria": {
      "has_oak_planks": "2024-05-15 00:07:26 +0000"
    },
    "done": true
  },
  "furnitura:recipes/misc/couch_extenders_pink": {
    "criteria": {
      "has_oak_planks": "2024-05-15 00:07:26 +0000"
    },
    "done": true
  },
  "furnitura:recipes/misc/wooden_couch_single_gray": {
    "criteria": {
      "has_oak_planks": "2024-05-15 00:07:26 +0000"
    },
    "done": true
  },
  "minecraft:recipes/redstone/oak_button": {
    "criteria": {
      "has_planks": "2024-05-15 00:07:26 +0000"
    },
    "done": true
  },
  "furnitura:recipes/misc/wooden_couch_single": {
    "criteria": {
      "has_oak_planks": "2024-05-15 00:07:26 +0000"
    },
    "done": true
  },
  "furnitura:recipes/misc/single_cushion_blue": {
    "criteria": {
      "has_oak_planks": "2024-05-15 00:07:26 +0000"
    },
    "done": true
  },
  "furnitura:recipes/misc/wooden_couch_end_cyan": {
    "criteria": {
      "has_oak_planks": "2024-05-15 00:07:26 +0000"
    },
    "done": true
  },
  "furnitura:recipes/misc/wooden_couch_edge_light_gray": {
    "criteria": {
      "has_oak_planks": "2024-05-15 00:07:26 +0000"
    },
    "done": true
  },
  "furnitura:recipes/misc/single_cushion_lime": {
    "criteria": {
      "has_oak_planks": "2024-05-15 00:07:26 +0000"
    },
    "done": true
  },
  "furnitura:recipes/misc/single_cushion_light_blue": {
    "criteria": {
      "has_oak_planks": "2024-05-15 00:07:26 +0000"
    },
    "done": true
  },
  "furnitura:recipes/misc/wooden_couch_edge_pink": {
    "criteria": {
      "has_oak_planks": "2024-05-15 00:07:26 +0000"
    },
    "done": true
  },
  "minecraft:recipes/redstone/oak_pressure_plate": {
    "criteria": {
      "has_planks": "2024-05-15 00:07:26 +0000"
    },
    "done": true
  },
  "furnitura:recipes/misc/oak_crate": {
    "criteria": {
      "has_oak_planks": "2024-05-15 00:07:26 +0000"
    },
    "done": true
  },
  "furnitura:recipes/misc/single_cushion_light_gray": {
    "criteria": {
      "has_oak_planks": "2024-05-15 00:07:26 +0000"
    },
    "done": true
  },
  "furnitura:recipes/misc/wooden_couch_edge_orange": {
    "criteria": {
      "has_oak_planks": "2024-05-15 00:07:26 +0000"
    },
    "done": true
  },
  "furnitura:recipes/misc/wooden_couch_single_blue": {
    "criteria": {
      "has_oak_planks": "2024-05-15 00:07:26 +0000"
    },
    "done": true
  },
  "furnitura:recipes/misc/wooden_couch_edge_right_pink": {
    "criteria": {
      "has_oak_planks": "2024-05-15 00:07:26 +0000"
    },
    "done": true
  },
  "furnitura:recipes/misc/wooden_couch_edge_purple": {
    "criteria": {
      "has_oak_planks": "2024-05-15 00:07:26 +0000"
    },
    "done": true
  },
  "furnitura:recipes/misc/couch_extenders_brown": {
    "criteria": {
      "has_oak_planks": "2024-05-15 00:07:26 +0000"
    },
    "done": true
  },
  "furnitura:recipes/misc/wooden_couch_edge_right": {
    "criteria": {
      "has_oak_planks": "2024-05-15 00:07:26 +0000"
    },
    "done": true
  },
  "furnitura:recipes/misc/wooden_couch_single_lime": {
    "criteria": {
      "has_oak_planks": "2024-05-15 00:07:26 +0000"
    },
    "done": true
  },
  "furnitura:recipes/misc/couch_extenders_light_gray": {
    "criteria": {
      "has_oak_planks": "2024-05-15 00:07:26 +0000"
    },
    "done": true
  },
  "furnitura:recipes/misc/wooden_couch_single_yellow": {
    "criteria": {
      "has_oak_planks": "2024-05-15 00:07:26 +0000"
    },
    "done": true
  },
  "furnitura:recipes/misc/single_cushion_cyan": {
    "criteria": {
      "has_oak_planks": "2024-05-15 00:07:26 +0000"
    },
    "done": true
  },
  "furnitura:recipes/misc/wooden_couch_single_cyan": {
    "criteria": {
      "has_oak_planks": "2024-05-15 00:07:26 +0000"
    },
    "done": true
  },
  "furnitura:recipes/misc/single_cushion_brown": {
    "criteria": {
      "has_oak_planks": "2024-05-15 00:07:26 +0000"
    },
    "done": true
  },
  "furnitura:recipes/misc/wooden_couch_edge_brown": {
    "criteria": {
      "has_oak_planks": "2024-05-15 00:07:26 +0000"
    },
    "done": true
  },
  "furnitura:recipes/misc/wooden_couch_end_orange": {
    "criteria": {
      "has_oak_planks": "2024-05-15 00:07:26 +0000"
    },
    "done": true
  },
  "minecraft:recipes/combat/leather_helmet": {
    "criteria": {
      "has_leather": "2024-05-15 00:10:13 +0000"
    },
    "done": true
  },
  "minecraft:recipes/combat/leather_chestplate": {
    "criteria": {
      "has_leather": "2024-05-15 00:10:13 +0000"
    },
    "done": true
  },
  "minecraft:recipes/misc/leather_horse_armor": {
    "criteria": {
      "has_leather": "2024-05-15 00:10:13 +0000"
    },
    "done": true
  },
  "minecraft:recipes/decorations/item_frame": {
    "criteria": {
      "has_leather": "2024-05-15 00:10:13 +0000"
    },
    "done": true
  },
  "minecraft:recipes/combat/leather_boots": {
    "criteria": {
      "has_leather": "2024-05-15 00:10:13 +0000"
    },
    "done": true
  },
  "minecraft:recipes/combat/leather_leggings": {
    "criteria": {
      "has_leather": "2024-05-15 00:10:13 +0000"
    },
    "done": true
  },
  "minecraft:recipes/decorations/torch": {
    "criteria": {
      "has_stone_pickaxe": "2024-05-15 00:10:24 +0000"
    },
    "done": true
  },
  "minecraft:story/upgrade_tools": {
    "criteria": {
      "stone_pickaxe": "2024-05-15 00:10:24 +0000"
    },
    "done": true
  },
  "minecraft:recipes/building_blocks/raw_iron_block": {
    "criteria": {
      "has_raw_iron": "2024-05-15 00:10:29 +0000"
    },
    "done": true
  },
  "minecraft:recipes/misc/iron_ingot_from_blasting_raw_iron": {
    "criteria": {
      "has_raw_iron": "2024-05-15 00:10:29 +0000"
    },
    "done": true
  },
  "minecraft:recipes/misc/iron_ingot_from_smelting_raw_iron": {
    "criteria": {
      "has_raw_iron": "2024-05-15 00:10:29 +0000"
    },
    "done": true
  },
  "minecraft:recipes/building_blocks/andesite_stairs": {
    "criteria": {
      "has_andesite": "2024-05-15 00:12:30 +0000"
    },
    "done": true
  },
  "minecraft:recipes/building_blocks/polished_andesite_from_andesite_stonecutting": {
    "criteria": {
      "has_andesite": "2024-05-15 00:12:30 +0000"
    },
    "done": true
  },
  "minecraft:recipes/building_blocks/polished_andesite_stairs_from_andesite_stonecutting": {
    "criteria": {
      "has_andesite": "2024-05-15 00:12:30 +0000"
    },
    "done": true
  },
  "minecraft:recipes/decorations/andesite_wall_from_andesite_stonecutting": {
    "criteria": {
      "has_andesite": "2024-05-15 00:12:30 +0000"
    },
    "done": true
  },
  "minecraft:recipes/building_blocks/polished_andesite_slab_from_andesite_stonecutting": {
    "criteria": {
      "has_andesite": "2024-05-15 00:12:30 +0000"
    },
    "done": true
  },
  "minecraft:recipes/building_blocks/andesite_slab_from_andesite_stonecutting": {
    "criteria": {
      "has_andesite": "2024-05-15 00:12:30 +0000"
    },
    "done": true
  },
  "minecraft:recipes/building_blocks/andesite_stairs_from_andesite_stonecutting": {
    "criteria": {
      "has_andesite": "2024-05-15 00:12:30 +0000"
    },
    "done": true
  },
  "minecraft:recipes/building_blocks/polished_andesite": {
    "criteria": {
      "has_andesite": "2024-05-15 00:12:30 +0000"
    },
    "done": true
  },
  "minecraft:recipes/decorations/andesite_wall": {
    "criteria": {
      "has_andesite": "2024-05-15 00:12:30 +0000"
    },
    "done": true
  },
  "minecraft:recipes/building_blocks/andesite_slab": {
    "criteria": {
      "has_andesite": "2024-05-15 00:12:30 +0000"
    },
    "done": true
  },
  "minecraft:recipes/food/cooked_beef": {
    "criteria": {
      "has_the_recipe": "2024-05-15 00:13:25 +0000"
    },
    "done": true
  },
  "securitycraft:recipes/misc/sentry": {
    "criteria": {
      "has_iron": "2024-05-15 00:13:32 +0000"
    },
    "done": true
  },
  "minecraft:recipes/combat/iron_helmet": {
    "criteria": {
      "has_iron_ingot": "2024-05-15 00:13:32 +0000"
    },
    "done": true
  },
  "securitycraft:recipes/decorations/floor_trap": {
    "criteria": {
      "has_iron": "2024-05-15 00:13:32 +0000"
    },
    "done": true
  },
  "securitycraft:recipes/building_blocks/electrified_iron_fence": {
    "criteria": {
      "has_iron": "2024-05-15 00:13:32 +0000"
    },
    "done": true
  },
  "securitycraft:recipes/misc/storage_module": {
    "criteria": {
      "has_iron": "2024-05-15 00:13:32 +0000"
    },
    "done": true
  },
  "minecraft:recipes/tools/shears": {
    "criteria": {
      "has_iron_ingot": "2024-05-15 00:13:32 +0000"
    },
    "done": true
  },
  "minecraft:recipes/building_blocks/iron_block": {
    "criteria": {
      "has_iron_ingot": "2024-05-15 00:13:32 +0000"
    },
    "done": true
  },
  "securitycraft:recipes/transportation/track_mine": {
    "criteria": {
      "has_iron": "2024-05-15 00:13:32 +0000"
    },
    "done": true
  },
  "securitycraft:recipes/misc/whitelist_module": {
    "criteria": {
      "has_iron": "2024-05-15 00:13:32 +0000"
    },
    "done": true
  },
  "securitycraft:recipes/misc/security_camera": {
    "criteria": {
      "has_iron": "2024-05-15 00:13:32 +0000"
    },
    "done": true
  },
  "minecraft:recipes/redstone/hopper": {
    "criteria": {
      "has_iron_ingot": "2024-05-15 00:13:32 +0000"
    },
    "done": true
  },
  "securitycraft:recipes/misc/briefcase": {
    "criteria": {
      "has_iron": "2024-05-15 00:13:32 +0000"
    },
    "done": true
  },
  "securitycraft:recipes/redstone/reinforced_fence_gate": {
    "criteria": {
      "has_iron": "2024-05-15 00:13:32 +0000"
    },
    "done": true
  },
  "securitycraft:recipes/misc/keycard_lv5": {
    "criteria": {
      "has_iron": "2024-05-15 00:13:32 +0000"
    },
    "done": true
  },
  "securitycraft:recipes/misc/keycard_lv3": {
    "criteria": {
      "has_iron": "2024-05-15 00:13:32 +0000"
    },
    "done": true
  },
  "securitycraft:recipes/misc/keycard_lv4": {
    "criteria": {
      "has_iron": "2024-05-15 00:13:32 +0000"
    },
    "done": true
  },
  "securitycraft:recipes/misc/keycard_lv1": {
    "criteria": {
      "has_iron": "2024-05-15 00:13:32 +0000"
    },
    "done": true
  },
  "securitycraft:recipes/misc/keycard_lv2": {
    "criteria": {
      "has_iron": "2024-05-15 00:13:32 +0000"
    },
    "done": true
  },
  "minecraft:recipes/combat/iron_boots": {
    "criteria": {
      "has_iron_ingot": "2024-05-15 00:13:32 +0000"
    },
    "done": true
  },
  "minecraft:recipes/decorations/lantern": {
    "criteria": {
      "has_iron_ingot": "2024-05-15 00:13:32 +0000"
    },
    "done": true
  },
  "securitycraft:recipes/misc/mine": {
    "criteria": {
      "has_iron": "2024-05-15 00:13:32 +0000"
    },
    "done": true
  },
  "minecraft:recipes/tools/iron_shovel": {
    "criteria": {
      "has_iron_ingot": "2024-05-15 00:13:32 +0000"
    },
    "done": true
  },
  "securitycraft:recipes/misc/trophy_system": {
    "criteria": {
      "has_iron": "2024-05-15 00:13:32 +0000"
    },
    "done": true
  },
  "minecraft:recipes/redstone/iron_trapdoor": {
    "criteria": {
      "has_iron_ingot": "2024-05-15 00:13:32 +0000"
    },
    "done": true
  },
  "minecraft:recipes/combat/crossbow": {
    "criteria": {
      "has_iron_ingot": "2024-05-15 00:13:32 +0000"
    },
    "done": true
  },
  "securitycraft:recipes/misc/speed_module": {
    "criteria": {
      "has_iron": "2024-05-15 00:13:32 +0000"
    },
    "done": true
  },
  "securitycraft:recipes/misc/camera_monitor": {
    "criteria": {
      "has_iron": "2024-05-15 00:13:32 +0000"
    },
    "done": true
  },
  "securitycraft:recipes/misc/redstone_module": {
    "criteria": {
      "has_iron": "2024-05-15 00:13:32 +0000"
    },
    "done": true
  },
  "securitycraft:recipes/misc/door_indestructible_iron_item": {
    "criteria": {
      "has_iron": "2024-05-15 00:13:32 +0000"
    },
    "done": true
  },
  "securitycraft:recipes/tools/universal_block_remover": {
    "criteria": {
      "has_iron": "2024-05-15 00:13:32 +0000"
    },
    "done": true
  },
  "minecraft:recipes/redstone/heavy_weighted_pressure_plate": {
    "criteria": {
      "has_iron_ingot": "2024-05-15 00:13:32 +0000"
    },
    "done": true
  },
  "minecraft:recipes/combat/iron_leggings": {
    "criteria": {
      "has_iron_ingot": "2024-05-15 00:13:32 +0000"
    },
    "done": true
  },
  "securitycraft:recipes/misc/blacklist_module": {
    "criteria": {
      "has_iron": "2024-05-15 00:13:32 +0000"
    },
    "done": true
  },
  "minecraft:recipes/combat/iron_chestplate": {
    "criteria": {
      "has_iron_ingot": "2024-05-15 00:13:32 +0000"
    },
    "done": true
  },
  "securitycraft:recipes/misc/limited_use_keycard": {
    "criteria": {
      "has_iron": "2024-05-15 00:13:32 +0000"
    },
    "done": true
  },
  "securitycraft:recipes/misc/bouncing_betty": {
    "criteria": {
      "has_iron": "2024-05-15 00:13:32 +0000"
    },
    "done": true
  },
  "minecraft:recipes/misc/iron_nugget": {
    "criteria": {
      "has_iron_ingot": "2024-05-15 00:13:32 +0000"
    },
    "done": true
  },
  "minecraft:recipes/misc/bucket": {
    "criteria": {
      "has_iron_ingot": "2024-05-15 00:13:32 +0000"
    },
    "done": true
  },
  "securitycraft:recipes/misc/disguise_module": {
    "criteria": {
      "has_iron": "2024-05-15 00:13:32 +0000"
    },
    "done": true
  },
  "minecraft:recipes/transportation/minecart": {
    "criteria": {
      "has_iron_ingot": "2024-05-15 00:13:32 +0000"
    },
    "done": true
  },
  "minecraft:recipes/tools/iron_hoe": {
    "criteria": {
      "has_iron_ingot": "2024-05-15 00:13:32 +0000"
    },
    "done": true
  },
  "securitycraft:recipes/redstone/block_change_detector": {
    "criteria": {
      "has_iron": "2024-05-15 00:13:32 +0000"
    },
    "done": true
  },
  "minecraft:story/smelt_iron": {
    "criteria": {
      "iron": "2024-05-15 00:13:32 +0000"
    },
    "done": true
  },
  "minecraft:recipes/decorations/chain": {
    "criteria": {
      "has_iron_ingot": "2024-05-15 00:13:32 +0000"
    },
    "done": true
  },
  "minecraft:recipes/decorations/smithing_table": {
    "criteria": {
      "has_iron_ingot": "2024-05-15 00:13:32 +0000"
    },
    "done": true
  },
  "minecraft:recipes/combat/iron_sword": {
    "criteria": {
      "has_iron_ingot": "2024-05-15 00:13:32 +0000"
    },
    "done": true
  },
  "minecraft:recipes/tools/iron_pickaxe": {
    "criteria": {
      "has_iron_ingot": "2024-05-15 00:13:32 +0000"
    },
    "done": true
  },
  "minecraft:recipes/combat/shield": {
    "criteria": {
      "has_iron_ingot": "2024-05-15 00:13:32 +0000"
    },
    "done": true
  },
  "minecraft:recipes/decorations/iron_bars": {
    "criteria": {
      "has_iron_ingot": "2024-05-15 00:13:32 +0000"
    },
    "done": true
  },
  "securitycraft:recipes/misc/harming_module": {
    "criteria": {
      "has_iron": "2024-05-15 00:13:32 +0000"
    },
    "done": true
  },
  "securitycraft:recipes/misc/smart_module": {
    "criteria": {
      "has_iron": "2024-05-15 00:13:32 +0000"
    },
    "done": true
  },
  "minecraft:recipes/tools/iron_axe": {
    "criteria": {
      "has_iron_ingot": "2024-05-15 00:13:32 +0000"
    },
    "done": true
  },
  "minecraft:recipes/redstone/iron_door": {
    "criteria": {
      "has_iron_ingot": "2024-05-15 00:13:32 +0000"
    },
    "done": true
  },
  "minecraft:story/obtain_armor": {
    "criteria": {
      "iron_chestplate": "2024-05-15 00:13:38 +0000"
    },
    "done": true
  },
  "minecraft:recipes/misc/iron_nugget_from_smelting": {
    "criteria": {
      "has_iron_chestplate": "2024-05-15 00:13:38 +0000"
    },
    "done": true
  },
  "minecraft:recipes/misc/iron_nugget_from_blasting": {
    "criteria": {
      "has_iron_chestplate": "2024-05-15 00:13:38 +0000"
    },
    "done": true
  },
  "minecraft:husbandry/root": {
    "criteria": {
      "consumed_item": "2024-05-15 00:13:59 +0000"
    },
    "done": true
  },
  "minecraft:husbandry/balanced_diet": {
    "criteria": {
      "cooked_beef": "2024-05-15 00:13:59 +0000",
      "baked_potato": "2024-05-15 20:08:29 +0000"
    },
    "done": false
  },
  "minecraft:recipes/food/cooked_mutton_from_smoking": {
    "criteria": {
      "has_mutton": "2024-05-15 00:15:35 +0000"
    },
    "done": true
  },
  "minecraft:recipes/decorations/white_bed": {
    "criteria": {
      "has_white_wool": "2024-05-15 00:15:35 +0000"
    },
    "done": true
  },
  "minecraft:recipes/decorations/painting": {
    "criteria": {
      "has_wool": "2024-05-15 00:15:35 +0000"
    },
    "done": true
  },
  "minecraft:recipes/decorations/white_carpet": {
    "criteria": {
      "has_white_wool": "2024-05-15 00:15:35 +0000"
    },
    "done": true
  },
  "minecraft:recipes/food/cooked_mutton": {
    "criteria": {
      "has_mutton": "2024-05-15 00:15:35 +0000"
    },
    "done": true
  },
  "minecraft:recipes/decorations/white_banner": {
    "criteria": {
      "has_white_wool": "2024-05-15 00:15:35 +0000"
    },
    "done": true
  },
  "minecraft:recipes/food/cooked_mutton_from_campfire_cooking": {
    "criteria": {
      "has_mutton": "2024-05-15 00:15:35 +0000"
    },
    "done": true
  },
  "minecraft:adventure/sleep_in_bed": {
    "criteria": {
      "slept_in_bed": "2024-05-15 00:15:46 +0000"
    },
    "done": true
  },
  "minecraft:recipes/building_blocks/dark_oak_planks": {
    "criteria": {
      "has_log": "2024-05-15 00:17:25 +0000"
    },
    "done": true
  },
  "minecraft:recipes/building_blocks/dark_oak_wood": {
    "criteria": {
      "has_log": "2024-05-15 00:17:25 +0000"
    },
    "done": true
  },
  "furnitura:recipes/misc/dark_oak_stump": {
    "criteria": {
      "has_dark_oak_planks": "2024-05-15 00:18:11 +0000"
    },
    "done": true
  },
  "minecraft:recipes/building_blocks/dark_oak_stairs": {
    "criteria": {
      "has_planks": "2024-05-15 00:18:11 +0000"
    },
    "done": true
  },
  "minecraft:recipes/redstone/dark_oak_door": {
    "criteria": {
      "has_planks": "2024-05-15 00:18:11 +0000"
    },
    "done": true
  },
  "furnitura:recipes/misc/dark_oak_cabinet": {
    "criteria": {
      "has_dark_oak_planks": "2024-05-15 00:18:11 +0000"
    },
    "done": true
  },
  "furnitura:recipes/misc/small_table_dark_oak": {
    "criteria": {
      "has_dark_oak_planks": "2024-05-15 00:18:11 +0000"
    },
    "done": true
  },
  "furnitura:recipes/misc/dark_oak_desk": {
    "criteria": {
      "has_dark_oak_planks": "2024-05-15 00:18:11 +0000"
    },
    "done": true
  },
  "furnitura:recipes/misc/single_leg_table_dark_oak": {
    "criteria": {
      "has_dark_oak_planks": "2024-05-15 00:18:11 +0000"
    },
    "done": true
  },
  "minecraft:recipes/decorations/dark_oak_sign": {
    "criteria": {
      "has_planks": "2024-05-15 00:18:11 +0000"
    },
    "done": true
  },
  "furnitura:recipes/misc/dark_oak_shelf_extenders": {
    "criteria": {
      "has_dark_oak_planks": "2024-05-15 00:18:11 +0000"
    },
    "done": true
  },
  "furnitura:recipes/misc/dark_oak_chair": {
    "criteria": {
      "has_dark_oak_planks": "2024-05-15 00:18:11 +0000"
    },
    "done": true
  },
  "furnitura:recipes/misc/dark_oak_stool": {
    "criteria": {
      "has_dark_oak_planks": "2024-05-15 00:18:11 +0000"
    },
    "done": true
  },
  "minecraft:recipes/redstone/dark_oak_fence_gate": {
    "criteria": {
      "has_planks": "2024-05-15 00:18:11 +0000"
    },
    "done": true
  },
  "minecraft:recipes/redstone/dark_oak_trapdoor": {
    "criteria": {
      "has_planks": "2024-05-15 00:18:11 +0000"
    },
    "done": true
  },
  "furnitura:recipes/misc/dark_oak_log_shelf": {
    "criteria": {
      "has_dark_oak_planks": "2024-05-15 00:18:11 +0000"
    },
    "done": true
  },
  "minecraft:recipes/redstone/dark_oak_button": {
    "criteria": {
      "has_planks": "2024-05-15 00:18:11 +0000"
    },
    "done": true
  },
  "furnitura:recipes/misc/dark_oak_table": {
    "criteria": {
      "has_dark_oak_planks": "2024-05-15 00:18:11 +0000"
    },
    "done": true
  },
  "minecraft:recipes/redstone/dark_oak_pressure_plate": {
    "criteria": {
      "has_planks": "2024-05-15 00:18:11 +0000"
    },
    "done": true
  },
  "furnitura:recipes/misc/dark_oak_shelf": {
    "criteria": {
      "has_dark_oak_planks": "2024-05-15 00:18:11 +0000"
    },
    "done": true
  },
  "minecraft:recipes/decorations/dark_oak_fence": {
    "criteria": {
      "has_planks": "2024-05-15 00:18:11 +0000"
    },
    "done": true
  },
  "minecraft:recipes/building_blocks/dark_oak_slab": {
    "criteria": {
      "has_planks": "2024-05-15 00:18:11 +0000"
    },
    "done": true
  },
  "furnitura:recipes/misc/dark_oak_crate": {
    "criteria": {
      "has_dark_oak_planks": "2024-05-15 00:18:11 +0000"
    },
    "done": true
  },
  "furnitura:recipes/misc/dark_oak_mailbox": {
    "criteria": {
      "has_dark_oak_planks": "2024-05-15 00:18:11 +0000"
    },
    "done": true
  },
  "minecraft:recipes/brewing/cauldron": {
    "criteria": {
      "has_water_bucket": "2024-05-15 00:21:05 +0000"
    },
    "done": true
  },
  "minecraft:recipes/food/cooked_beef_from_smoking": {
    "criteria": {
      "has_beef": "2024-05-15 00:21:24 +0000"
    },
    "done": true
  },
  "minecraft:recipes/food/cooked_beef_from_campfire_cooking": {
    "criteria": {
      "has_beef": "2024-05-15 00:21:24 +0000"
    },
    "done": true
  },
  "minecraft:recipes/combat/diamond_sword": {
    "criteria": {
      "has_diamond": "2024-05-15 00:36:16 +0000"
    },
    "done": true
  },
  "minecraft:recipes/decorations/jukebox": {
    "criteria": {
      "has_diamond": "2024-05-15 00:36:16 +0000"
    },
    "done": true
  },
  "minecraft:recipes/combat/diamond_chestplate": {
    "criteria": {
      "has_diamond": "2024-05-15 00:36:16 +0000"
    },
    "done": true
  },
  "minecraft:recipes/tools/diamond_pickaxe": {
    "criteria": {
      "has_diamond": "2024-05-15 00:36:16 +0000"
    },
    "done": true
  },
  "minecraft:recipes/tools/diamond_hoe": {
    "criteria": {
      "has_diamond": "2024-05-15 00:36:16 +0000"
    },
    "done": true
  },
  "minecraft:recipes/tools/diamond_shovel": {
    "criteria": {
      "has_diamond": "2024-05-15 00:36:16 +0000"
    },
    "done": true
  },
  "minecraft:recipes/combat/diamond_helmet": {
    "criteria": {
      "has_diamond": "2024-05-15 00:36:16 +0000"
    },
    "done": true
  },
  "minecraft:recipes/building_blocks/diamond_block": {
    "criteria": {
      "has_diamond": "2024-05-15 00:36:16 +0000"
    },
    "done": true
  },
  "minecraft:story/mine_diamond": {
    "criteria": {
      "diamond": "2024-05-15 00:36:16 +0000"
    },
    "done": true
  },
  "minecraft:recipes/combat/diamond_leggings": {
    "criteria": {
      "has_diamond": "2024-05-15 00:36:16 +0000"
    },
    "done": true
  },
  "minecraft:recipes/combat/diamond_boots": {
    "criteria": {
      "has_diamond": "2024-05-15 00:36:16 +0000"
    },
    "done": true
  },
  "minecraft:recipes/tools/diamond_axe": {
    "criteria": {
      "has_diamond": "2024-05-15 00:36:16 +0000"
    },
    "done": true
  },
  "securitycraft:recipes/building_blocks/reinforced_packed_mud": {
    "criteria": {
      "has_wheat": "2024-05-15 00:42:57 +0000"
    },
    "done": true
  },
  "minecraft:recipes/food/bread": {
    "criteria": {
      "has_wheat": "2024-05-15 00:42:57 +0000"
    },
    "done": true
  },
  "minecraft:recipes/building_blocks/hay_block": {
    "criteria": {
      "has_wheat": "2024-05-15 00:42:57 +0000"
    },
    "done": true
  },
  "tombstone:adventure/first_grave": {
    "criteria": {
      "coded_trigger": "2024-05-15 01:00:03 +0000"
    },
    "done": true
  },
  "tombstone:recipes/from_grave_key": {
    "criteria": {
      "has_ingredient": "2024-05-15 01:00:05 +0000"
    },
    "done": true
  },
  "minecraft:recipes/misc/paper": {
    "criteria": {
      "has_reeds": "2024-05-15 19:45:50 +0000"
    },
    "done": true
  },
  "minecraft:recipes/misc/sugar_from_sugar_cane": {
    "criteria": {
      "has_sugar_cane": "2024-05-15 19:45:50 +0000"
    },
    "done": true
  },
  "minecraft:recipes/misc/book": {
    "criteria": {
      "has_paper": "2024-05-15 19:46:20 +0000"
    },
    "done": true
  },
  "minecraft:recipes/decorations/cartography_table": {
    "criteria": {
      "has_paper": "2024-05-15 19:46:20 +0000"
    },
    "done": true
  },
  "minecraft:husbandry/plant_seed": {
    "criteria": {
      "wheat": "2024-05-15 19:46:33 +0000"
    },
    "done": true
  },
  "minecraft:story/iron_tools": {
    "criteria": {
      "iron_pickaxe": "2024-05-15 19:57:28 +0000"
    },
    "done": true
  },
  "minecraft:recipes/misc/yellow_dye_from_dandelion": {
    "criteria": {
      "has_dandelion": "2024-05-15 19:59:01 +0000"
    },
    "done": true
  },
  "minecraft:recipes/misc/bone_meal": {
    "criteria": {
      "has_bone": "2024-05-15 20:03:44 +0000"
    },
    "done": true
  },
  "minecraft:recipes/misc/white_dye": {
    "criteria": {
      "has_bone_meal": "2024-05-15 20:03:46 +0000"
    },
    "done": true
  },
  "minecraft:recipes/building_blocks/bone_block": {
    "criteria": {
      "has_bone_meal": "2024-05-15 20:03:46 +0000"
    },
    "done": true
  },
  "minecraft:story/shiny_gear": {
    "criteria": {
      "diamond_chestplate": "2024-05-15 20:08:53 +0000"
    },
    "done": true
  },
  "minecraft:recipes/building_blocks/stone_bricks": {
    "criteria": {
      "has_stone": "2024-05-15 20:11:00 +0000"
    },
    "done": true
  },
  "minecraft:recipes/building_blocks/stone_bricks_from_stone_stonecutting": {
    "criteria": {
      "has_stone": "2024-05-15 20:11:00 +0000"
    },
    "done": true
  },
  "minecraft:recipes/building_blocks/stone_slab": {
    "criteria": {
      "has_stone": "2024-05-15 20:11:00 +0000"
    },
    "done": true
  },
  "minecraft:recipes/building_blocks/stone_stairs_from_stone_stonecutting": {
    "criteria": {
      "has_stone": "2024-05-15 20:11:00 +0000"
    },
    "done": true
  },
  "minecraft:recipes/redstone/stone_button": {
    "criteria": {
      "has_stone": "2024-05-15 20:11:00 +0000"
    },
    "done": true
  },
  "minecraft:recipes/redstone/stone_pressure_plate": {
    "criteria": {
      "has_stone": "2024-05-15 20:11:00 +0000"
    },
    "done": true
  },
  "minecraft:recipes/building_blocks/stone_stairs": {
    "criteria": {
      "has_stone": "2024-05-15 20:11:00 +0000"
    },
    "done": true
  },
  "minecraft:recipes/decorations/stonecutter": {
    "criteria": {
      "has_stone": "2024-05-15 20:11:00 +0000"
    },
    "done": true
  },
  "minecraft:recipes/building_blocks/smooth_stone": {
    "criteria": {
      "has_stone": "2024-05-15 20:11:00 +0000"
    },
    "done": true
  },
  "minecraft:recipes/decorations/stone_brick_walls_from_stone_stonecutting": {
    "criteria": {
      "has_stone": "2024-05-15 20:11:00 +0000"
    },
    "done": true
  },
  "minecraft:recipes/building_blocks/stone_brick_slab_from_stone_stonecutting": {
    "criteria": {
      "has_stone": "2024-05-15 20:11:00 +0000"
    },
    "done": true
  },
  "minecraft:recipes/building_blocks/stone_brick_stairs_from_stone_stonecutting": {
    "criteria": {
      "has_stone": "2024-05-15 20:11:00 +0000"
    },
    "done": true
  },
  "minecraft:recipes/building_blocks/stone_slab_from_stone_stonecutting": {
    "criteria": {
      "has_stone": "2024-05-15 20:11:00 +0000"
    },
    "done": true
  },
  "minecraft:recipes/building_blocks/chiseled_stone_bricks_stone_from_stonecutting": {
    "criteria": {
      "has_stone": "2024-05-15 20:11:00 +0000"
    },
    "done": true
  },
  "securitycraft:recipes/misc/keypad_item": {
    "criteria": {
      "has_stone_button": "2024-05-15 20:11:03 +0000"
    },
    "done": true
  },
  "minecraft:recipes/redstone/tripwire_hook": {
    "criteria": {
      "has_string": "2024-05-15 20:17:43 +0000"
    },
    "done": true
  },
  "minecraft:recipes/decorations/candle": {
    "criteria": {
      "has_string": "2024-05-15 20:17:43 +0000"
    },
    "done": true
  },
  "minecraft:recipes/combat/bow": {
    "criteria": {
      "has_string": "2024-05-15 20:17:43 +0000"
    },
    "done": true
  },
  "minecraft:recipes/tools/fishing_rod": {
    "criteria": {
      "has_string": "2024-05-15 20:17:43 +0000"
    },
    "done": true
  },
  "minecraft:recipes/building_blocks/white_wool_from_string": {
    "criteria": {
      "has_string": "2024-05-15 20:17:43 +0000"
    },
    "done": true
  },
  "minecraft:recipes/decorations/loom": {
    "criteria": {
      "has_string": "2024-05-15 20:17:43 +0000"
    },
    "done": true
  },
  "tombstone:adventure/consume_soul": {
    "criteria": {
      "coded_trigger": "2024-05-15 20:20:25 +0000"
    },
    "done": true
  },
  "tombstone:adventure/first_knowledge": {
    "criteria": {
      "coded_trigger": "2024-05-15 20:20:25 +0000"
    },
    "done": true
  },
  "tombstone:adventure/enchanted_bundle": {
    "criteria": {
      "coded_trigger": "2024-05-15 20:20:25 +0000"
    },
    "done": true
  },
  "tombstone:adventure/talk_grave_guardian": {
    "criteria": {
      "coded_trigger": "2024-05-16 22:20:00 +0000"
    },
    "done": true
  },
  "minecraft:recipes/misc/gold_ingot_from_blasting_raw_gold": {
    "criteria": {
      "has_raw_gold": "2024-05-16 22:25:06 +0000"
    },
    "done": true
  },
  "minecraft:recipes/misc/gold_ingot_from_smelting_raw_gold": {
    "criteria": {
      "has_raw_gold": "2024-05-16 22:25:06 +0000"
    },
    "done": true
  },
  "minecraft:recipes/building_blocks/raw_gold_block": {
    "criteria": {
      "has_raw_gold": "2024-05-16 22:25:06 +0000"
    },
    "done": true
  },
  "minecraft:recipes/building_blocks/polished_deepslate": {
    "criteria": {
      "has_cobbled_deepslate": "2024-05-16 22:26:30 +0000"
    },
    "done": true
  },
  "minecraft:recipes/building_blocks/deepslate_tile_stairs_from_cobbled_deepslate_stonecutting": {
    "criteria": {
      "has_cobbled_deepslate": "2024-05-16 22:26:30 +0000"
    },
    "done": true
  },
  "minecraft:recipes/building_blocks/cobbled_deepslate_slab": {
    "criteria": {
      "has_cobbled_deepslate": "2024-05-16 22:26:30 +0000"
    },
    "done": true
  },
  "minecraft:recipes/building_blocks/polished_deepslate_stairs_from_cobbled_deepslate_stonecutting": {
    "criteria": {
      "has_cobbled_deepslate": "2024-05-16 22:26:30 +0000"
    },
    "done": true
  },
  "minecraft:recipes/decorations/deepslate_brick_wall_from_cobbled_deepslate_stonecutting": {
    "criteria": {
      "has_cobbled_deepslate": "2024-05-16 22:26:30 +0000"
    },
    "done": true
  },
  "minecraft:recipes/building_blocks/polished_deepslate_from_cobbled_deepslate_stonecutting": {
    "criteria": {
      "has_cobbled_deepslate": "2024-05-16 22:26:30 +0000"
    },
    "done": true
  },
  "minecraft:recipes/building_blocks/cobbled_deepslate_slab_from_cobbled_deepslate_stonecutting": {
    "criteria": {
      "has_cobbled_deepslate": "2024-05-16 22:26:30 +0000"
    },
    "done": true
  },
  "minecraft:recipes/building_blocks/deepslate_tile_slab_from_cobbled_deepslate_stonecutting": {
    "criteria": {
      "has_cobbled_deepslate": "2024-05-16 22:26:30 +0000"
    },
    "done": true
  },
  "minecraft:recipes/decorations/deepslate_tile_wall_from_cobbled_deepslate_stonecutting": {
    "criteria": {
      "has_cobbled_deepslate": "2024-05-16 22:26:30 +0000"
    },
    "done": true
  },
  "minecraft:recipes/building_blocks/deepslate_brick_stairs_from_cobbled_deepslate_stonecutting": {
    "criteria": {
      "has_cobbled_deepslate": "2024-05-16 22:26:30 +0000"
    },
    "done": true
  },
  "minecraft:recipes/building_blocks/chiseled_deepslate_from_cobbled_deepslate_stonecutting": {
    "criteria": {
      "has_cobbled_deepslate": "2024-05-16 22:26:30 +0000"
    },
    "done": true
  },
  "minecraft:recipes/decorations/cobbled_deepslate_wall_from_cobbled_deepslate_stonecutting": {
    "criteria": {
      "has_cobbled_deepslate": "2024-05-16 22:26:30 +0000"
    },
    "done": true
  },
  "minecraft:recipes/decorations/cobbled_deepslate_wall": {
    "criteria": {
      "has_cobbled_deepslate": "2024-05-16 22:26:30 +0000"
    },
    "done": true
  },
  "minecraft:recipes/decorations/polished_deepslate_wall_from_cobbled_deepslate_stonecutting": {
    "criteria": {
      "has_cobbled_deepslate": "2024-05-16 22:26:30 +0000"
    },
    "done": true
  },
  "minecraft:recipes/building_blocks/cobbled_deepslate_stairs_from_cobbled_deepslate_stonecutting": {
    "criteria": {
      "has_cobbled_deepslate": "2024-05-16 22:26:30 +0000"
    },
    "done": true
  },
  "minecraft:recipes/building_blocks/deepslate": {
    "criteria": {
      "has_cobbled_deepslate": "2024-05-16 22:26:30 +0000"
    },
    "done": true
  },
  "minecraft:recipes/building_blocks/polished_deepslate_slab_from_cobbled_deepslate_stonecutting": {
    "criteria": {
      "has_cobbled_deepslate": "2024-05-16 22:26:30 +0000"
    },
    "done": true
  },
  "minecraft:recipes/building_blocks/deepslate_brick_slab_from_cobbled_deepslate_stonecutting": {
    "criteria": {
      "has_cobbled_deepslate": "2024-05-16 22:26:30 +0000"
    },
    "done": true
  },
  "minecraft:recipes/building_blocks/cobbled_deepslate_stairs": {
    "criteria": {
      "has_cobbled_deepslate": "2024-05-16 22:26:30 +0000"
    },
    "done": true
  },
  "minecraft:recipes/building_blocks/deepslate_bricks_from_cobbled_deepslate_stonecutting": {
    "criteria": {
      "has_cobbled_deepslate": "2024-05-16 22:26:30 +0000"
    },
    "done": true
  },
  "minecraft:recipes/building_blocks/deepslate_tiles_from_cobbled_deepslate_stonecutting": {
    "criteria": {
      "has_cobbled_deepslate": "2024-05-16 22:26:30 +0000"
    },
    "done": true
  },
  "minecraft:recipes/decorations/smoker": {
    "criteria": {
      "has_furnace": "2024-05-16 22:27:36 +0000"
    },
    "done": true
  },
  "minecraft:recipes/decorations/glow_item_frame": {
    "criteria": {
      "has_glow_ink_sac": "2024-05-16 22:33:24 +0000"
    },
    "done": true
  },
  "minecraft:recipes/building_blocks/lapis_block": {
    "criteria": {
      "has_lapis_lazuli": "2024-05-16 22:35:36 +0000"
    },
    "done": true
  },
  "minecraft:recipes/misc/blue_dye": {
    "criteria": {
      "has_lapis_lazuli": "2024-05-16 22:35:36 +0000"
    },
    "done": true
  },
  "minecraft:recipes/redstone/redstone_torch": {
    "criteria": {
      "has_redstone": "2024-05-16 22:36:14 +0000"
    },
    "done": true
  },
  "securitycraft:recipes/misc/username_logger": {
    "criteria": {
      "has_redstone": "2024-05-16 22:36:14 +0000"
    },
    "done": true
  },
  "minecraft:recipes/redstone/target": {
    "criteria": {
      "has_redstone": "2024-05-16 22:36:14 +0000"
    },
    "done": true
  },
  "minecraft:recipes/tools/compass": {
    "criteria": {
      "has_redstone": "2024-05-16 22:36:14 +0000"
    },
    "done": true
  },
  "securitycraft:recipes/misc/portable_tune_player": {
    "criteria": {
      "has_redstone": "2024-05-16 22:36:14 +0000"
    },
    "done": true
  },
  "securitycraft:recipes/redstone/portable_radar": {
    "criteria": {
      "has_redstone": "2024-05-16 22:36:14 +0000"
    },
    "done": true
  },
  "securitycraft:recipes/tools/taser": {
    "criteria": {
      "has_redstone": "2024-05-16 22:36:14 +0000"
    },
    "done": true
  },
  "minecraft:recipes/redstone/redstone_block": {
    "criteria": {
      "has_redstone": "2024-05-16 22:36:14 +0000"
    },
    "done": true
  },
  "securitycraft:recipes/tools/universal_key_changer": {
    "criteria": {
      "has_redstone": "2024-05-16 22:36:14 +0000"
    },
    "done": true
  },
  "securitycraft:recipes/redstone/alarm": {
    "criteria": {
      "has_redstone": "2024-05-16 22:36:14 +0000"
    },
    "done": true
  },
  "minecraft:recipes/tools/clock": {
    "criteria": {
      "has_redstone": "2024-05-16 22:36:14 +0000"
    },
    "done": true
  },
  "securitycraft:recipes/tools/universal_block_reinforcer_lvl1": {
    "criteria": {
      "has_redstone": "2024-05-16 22:36:14 +0000"
    },
    "done": true
  },
  "securitycraft:recipes/tools/universal_block_reinforcer_lvl3": {
    "criteria": {
      "has_redstone": "2024-05-16 22:36:14 +0000"
    },
    "done": true
  },
  "securitycraft:recipes/tools/universal_block_reinforcer_lvl2": {
    "criteria": {
      "has_redstone": "2024-05-16 22:36:14 +0000"
    },
    "done": true
  },
  "minecraft:recipes/redstone/note_block": {
    "criteria": {
      "has_redstone": "2024-05-16 22:36:14 +0000"
    },
    "done": true
  },
  "securitycraft:recipes/redstone/reinforced_redstone_lamp": {
    "criteria": {
      "has_redstone": "2024-05-16 22:36:14 +0000"
    },
    "done": true
  },
  "securitycraft:recipes/misc/keypad_frame": {
    "criteria": {
      "has_redstone": "2024-05-16 22:36:14 +0000"
    },
    "done": true
  },
  "securitycraft:recipes/misc/claymore": {
    "criteria": {
      "has_redstone": "2024-05-16 22:36:14 +0000"
    },
    "done": true
  },
  "minecraft:recipes/redstone/dropper": {
    "criteria": {
      "has_redstone": "2024-05-16 22:36:14 +0000"
    },
    "done": true
  },
  "securitycraft:recipes/redstone/panic_button": {
    "criteria": {
      "has_redstone": "2024-05-16 22:36:14 +0000"
    },
    "done": true
  },
  "securitycraft:recipes/tools/universal_block_modifier": {
    "criteria": {
      "has_redstone": "2024-05-16 22:36:14 +0000"
    },
    "done": true
  },
  "securitycraft:recipes/misc/cage_trap": {
    "criteria": {
      "has_redstone": "2024-05-16 22:36:14 +0000"
    },
    "done": true
  },
  "minecraft:recipes/redstone/piston": {
    "criteria": {
      "has_redstone": "2024-05-16 22:36:14 +0000"
    },
    "done": true
  },
  "minecraft:story/lava_bucket": {
    "criteria": {
      "lava_bucket": "2024-05-16 22:37:00 +0000"
    },
    "done": true
  },
  "minecraft:adventure/kill_all_mobs": {
    "criteria": {
      "minecraft:skeleton": "2024-05-16 22:38:32 +0000",
      "minecraft:slime": "2024-05-16 22:46:48 +0000",
      "minecraft:phantom": "2024-05-18 22:04:39 +0000",
      "minecraft:zombie": "2024-05-16 22:37:43 +0000"
    },
    "done": false
  },
  "minecraft:adventure/kill_a_mob": {
    "criteria": {
      "minecraft:zombie": "2024-05-16 22:37:43 +0000"
    },
    "done": true
  },
  "minecraft:story/deflect_arrow": {
    "criteria": {
      "deflected_projectile": "2024-05-16 22:38:29 +0000"
    },
    "done": true
  },
  "minecraft:recipes/redstone/dispenser": {
    "criteria": {
      "has_bow": "2024-05-16 22:38:34 +0000"
    },
    "done": true
  },
  "minecraft:recipes/redstone/lectern": {
    "criteria": {
      "has_book": "2024-05-16 22:43:55 +0000"
    },
    "done": true
  },
  "minecraft:recipes/misc/writable_book": {
    "criteria": {
      "has_book": "2024-05-16 22:43:55 +0000"
    },
    "done": true
  },
  "minecraft:recipes/building_blocks/bookshelf": {
    "criteria": {
      "has_book": "2024-05-16 22:43:55 +0000"
    },
    "done": true
  },
  "securitycraft:recipes/building_blocks/reinforced_chiseled_bookshelf": {
    "criteria": {
      "has_book": "2024-05-16 22:43:55 +0000"
    },
    "done": true
  },
  "minecraft:recipes/building_blocks/chiseled_bookshelf": {
    "criteria": {
      "has_book": "2024-05-16 22:43:55 +0000"
    },
    "done": true
  },
  "securitycraft:recipes/building_blocks/reinforced_bookshelf": {
    "criteria": {
      "has_book": "2024-05-16 22:43:55 +0000"
    },
    "done": true
  },
  "minecraft:recipes/tools/golden_axe": {
    "criteria": {
      "has_gold_ingot": "2024-05-16 22:44:09 +0000"
    },
    "done": true
  },
  "minecraft:recipes/tools/golden_pickaxe": {
    "criteria": {
      "has_gold_ingot": "2024-05-16 22:44:09 +0000"
    },
    "done": true
  },
  "minecraft:recipes/misc/gold_nugget": {
    "criteria": {
      "has_gold_ingot": "2024-05-16 22:44:09 +0000"
    },
    "done": true
  },
  "minecraft:recipes/tools/golden_shovel": {
    "criteria": {
      "has_gold_ingot": "2024-05-16 22:44:09 +0000"
    },
    "done": true
  },
  "minecraft:recipes/food/golden_apple": {
    "criteria": {
      "has_gold_ingot": "2024-05-16 22:44:09 +0000"
    },
    "done": true
  },
  "minecraft:recipes/combat/golden_boots": {
    "criteria": {
      "has_gold_ingot": "2024-05-16 22:44:09 +0000"
    },
    "done": true
  },
  "minecraft:recipes/combat/golden_chestplate": {
    "criteria": {
      "has_gold_ingot": "2024-05-16 22:44:09 +0000"
    },
    "done": true
  },
  "minecraft:recipes/redstone/light_weighted_pressure_plate": {
    "criteria": {
      "has_gold_ingot": "2024-05-16 22:44:09 +0000"
    },
    "done": true
  },
  "minecraft:recipes/combat/golden_sword": {
    "criteria": {
      "has_gold_ingot": "2024-05-16 22:44:09 +0000"
    },
    "done": true
  },
  "minecraft:recipes/building_blocks/gold_block": {
    "criteria": {
      "has_gold_ingot": "2024-05-16 22:44:09 +0000"
    },
    "done": true
  },
  "minecraft:recipes/combat/golden_helmet": {
    "criteria": {
      "has_gold_ingot": "2024-05-16 22:44:09 +0000"
    },
    "done": true
  },
  "minecraft:recipes/tools/golden_hoe": {
    "criteria": {
      "has_gold_ingot": "2024-05-16 22:44:09 +0000"
    },
    "done": true
  },
  "minecraft:recipes/combat/golden_leggings": {
    "criteria": {
      "has_gold_ingot": "2024-05-16 22:44:09 +0000"
    },
    "done": true
  },
  "minecraft:recipes/misc/firework_rocket_simple": {
    "criteria": {
      "has_gunpowder": "2024-05-16 22:48:14 +0000"
    },
    "done": true
  },
  "minecraft:recipes/redstone/tnt": {
    "criteria": {
      "has_gunpowder": "2024-05-16 22:48:14 +0000"
    },
    "done": true
  },
  "minecraft:adventure/avoid_vibration": {
    "criteria": {
      "avoid_vibration": "2024-05-16 22:53:18 +0000"
    },
    "done": true
  },
  "tombstone:adventure/cancel_ghostly_shape": {
    "criteria": {
      "coded_trigger": "2024-05-16 23:10:23 +0000"
    },
    "done": true
  },
  "tombstone:recipes/from_grave_dust": {
    "criteria": {
      "has_ingredient": "2024-05-16 23:11:43 +0000"
    },
    "done": true
  },
  "vampirism:recipes/decorations/vampire/fog_diffuser": {
    "criteria": {
      "has_diamond": "2024-05-18 21:55:37 +0000"
    },
    "done": true
  },
  "vampirism:recipes/decorations/vampire/blood_pedestal": {
    "criteria": {
      "has_gold": "2024-05-18 21:55:37 +0000"
    },
    "done": true
  },
  "vampirism:recipes/decorations/general/grave_cage": {
    "criteria": {
      "has_iron": "2024-05-18 21:55:37 +0000"
    },
    "done": true
  },
  "ancient_elements:ancient_elements": {
    "criteria": {
      "ancient_elements": "2024-05-18 21:55:37 +0000"
    },
    "done": true
  },
  "vampirism:recipes/decorations/hunter/item_med_chair": {
    "criteria": {
      "has_iron_ingot": "2024-05-18 21:55:37 +0000"
    },
    "done": true
  },
  "werewolves:recipes/misc/weapontable/crossbow_arrow_silver_bolt": {
    "criteria": {
      "has_iron": "2024-05-18 21:55:37 +0000"
    },
    "done": true
  },
  "vampirism:recipes/decorations/vampire/altar_infusion": {
    "criteria": {
      "has_gold": "2024-05-18 21:55:37 +0000"
    },
    "done": true
  },
  "vampirism:recipes/combat/vampire/vampire_clothing_crown": {
    "criteria": {
      "has_gold": "2024-05-18 21:55:37 +0000"
    },
    "done": true
  },
  "shieldexp:recipes/diamond_shield": {
    "criteria": {
      "has_diamond": "2024-05-18 21:55:37 +0000"
    },
    "done": true
  },
  "minecraft:recipes/decorations/wolfsbane_diffuser_improved": {
    "criteria": {
      "has_diamond": "2024-05-18 21:55:37 +0000"
    },
    "done": true
  },
  "vampirism:recipes/decorations/vampire/chandelier_candle": {
    "criteria": {
      "has_honey": "2024-05-18 21:55:37 +0000"
    },
    "done": true
  },
  "vampirism:recipes/combat/weapontable/crucifix_enhanced": {
    "criteria": {
      "iron": "2024-05-18 21:55:37 +0000"
    },
    "done": true
  },
  "shieldexp:recipes/iron_shield": {
    "criteria": {
      "has_iron_ingot": "2024-05-18 21:55:37 +0000"
    },
    "done": true
  },
  "vampirism:recipes/misc/vampire/blood_infused_enhanced_iron_ingot": {
    "criteria": {
      "has_iron": "2024-05-18 21:55:37 +0000"
    },
    "done": true
  },
  "vampirism:recipes/misc/vampire/blood_infused_iron_ingot": {
    "criteria": {
      "has_iron": "2024-05-18 21:55:37 +0000"
    },
    "done": true
  },
  "vampirism:recipes/decorations/general/altar_cleansing_new": {
    "criteria": {
      "has_book": "2024-05-18 21:55:37 +0000"
    },
    "done": true
  },
  "vampirism:recipes/decorations/vampire/candelabra": {
    "criteria": {
      "has_gold": "2024-05-18 21:55:37 +0000"
    },
    "done": true
  },
  "vampirism:recipes/decorations/vampire/altar_tip": {
    "criteria": {
      "has_iron": "2024-05-18 21:55:37 +0000"
    },
    "done": true
  },
  "plenty_of_golems:not_enough_golem_ad": {
    "criteria": {
      "not_enough_golem_ad": "2024-05-18 21:55:37 +0000"
    },
    "done": true
  },
  "vampirism:recipes/decorations/vampire/blood_container": {
    "criteria": {
      "has_iron": "2024-05-18 21:55:37 +0000"
    },
    "done": true
  },
  "vampirism:recipes/decorations/general/fire_place": {
    "criteria": {
      "has_logs": "2024-05-18 21:55:37 +0000"
    },
    "done": true
  },
  "vampirism:recipes/decorations/hunter/garlic_diffuser_normal": {
    "criteria": {
      "has_diamond": "2024-05-18 21:55:37 +0000"
    },
    "done": true
  },
  "vampirism:recipes/decorations/vampire/candle_stick": {
    "criteria": {
      "has_iron": "2024-05-18 21:55:37 +0000"
    },
    "done": true
  },
  "werewolves:recipes/misc/wolfsbane_finder": {
    "criteria": {
      "has_redstone": "2024-05-18 21:55:37 +0000"
    },
    "done": true
  },
  "vampirism:recipes/decorations/bat_cage": {
    "criteria": {
      "has_gold": "2024-05-18 21:55:37 +0000"
    },
    "done": true
  },
  "vampirism:recipes/decorations/hunter/alchemical_cauldron": {
    "criteria": {
      "has_iron": "2024-05-18 21:55:37 +0000"
    },
    "done": true
  },
  "vampirism:recipes/combat/hunter/crossbow_arrow_normal": {
    "criteria": {
      "has_iron_ingot": "2024-05-18 21:55:37 +0000"
    },
    "done": true
  },
  "vampirism:recipes/decorations/vampire/candelabra_candles": {
    "criteria": {
      "has_gold": "2024-05-18 21:55:37 +0000"
    },
    "done": true
  },
  "minecraft:recipes/decorations/wolfsbane_diffuser_normal": {
    "criteria": {
      "has_diamond": "2024-05-18 21:55:37 +0000"
    },
    "done": true
  },
  "vampirism:recipes/misc/vampire/garlic_finder": {
    "criteria": {
      "has_redstone": "2024-05-18 21:55:37 +0000"
    },
    "done": true
  },
  "vampirism:recipes/decorations/hunter/weapon_table": {
    "criteria": {
      "has_iron_ingot": "2024-05-18 21:55:37 +0000"
    },
    "done": true
  },
  "shieldexp:recipes/golden_shield": {
    "criteria": {
      "has_gold_ingot": "2024-05-18 21:55:37 +0000"
    },
    "done": true
  },
  "vampirism:recipes/decorations/general/vampire_rack": {
    "criteria": {
      "has_book": "2024-05-18 21:55:37 +0000"
    },
    "done": true
  },
  "vampirism:recipes/transportation/cursed_spruce_boat": {
    "criteria": {
      "in_water": "2024-05-18 21:57:25 +0000"
    },
    "done": true
  },
  "vampirism:recipes/transportation/dark_spruce_boat": {
    "criteria": {
      "in_water": "2024-05-18 21:57:25 +0000"
    },
    "done": true
  },
  "werewolves:recipes/transportation/jacaranda_boat": {
    "criteria": {
      "in_water": "2024-05-18 21:57:25 +0000"
    },
    "done": true
  },
  "werewolves:recipes/transportation/magic_boat": {
    "criteria": {
      "in_water": "2024-05-18 21:57:25 +0000"
    },
    "done": true
  },
  "tombstone:adventure/find_grave_dust": {
    "criteria": {
      "from_undead": "2024-05-18 22:02:24 +0000"
    },
    "done": true
  },
  "tombstone:adventure/ambush": {
    "criteria": {
      "coded_trigger": "2024-05-18 22:04:39 +0000"
    },
    "done": true
  },
  "ancient_elements:can_someone_ventilate": {
    "criteria": {
      "can_someone_ventilate": "2024-05-18 22:04:58 +0000"
    },
    "done": true
  },
  "tombstone:adventure/strong_or_careful": {
    "criteria": {
      "coded_trigger": "2024-05-18 22:05:50 +0000"
    },
    "done": true
  },
  "tombstone:adventure/chain_death": {
    "criteria": {
      "coded_trigger": "2024-05-18 22:06:52 +0000"
    },
    "done": true
  },
  "vampirism:recipes/decorations/vampire/chandelier": {
    "criteria": {
      "has_string": "2024-05-18 22:07:16 +0000"
    },
    "done": true
  },
  "werewolves:recipes/misc/stone_altar_fire_bowl": {
    "criteria": {
      "has_planks": "2024-05-18 22:07:50 +0000"
    },
    "done": true
  },
  "vampirism:recipes/decorations/vampire/altar_inspiration": {
    "criteria": {
      "has_planks": "2024-05-18 22:07:50 +0000"
    },
    "done": true
  },
  "vampirism:recipes/decorations/general/throne": {
    "criteria": {
      "has_planks": "2024-05-18 22:07:50 +0000"
    },
    "done": true
  },
  "vampirism:recipes/decorations/hunter/cross": {
    "criteria": {
      "has_planks": "2024-05-18 22:07:50 +0000"
    },
    "done": true
  },
  "vampirism:recipes/combat/alchemy_table": {
    "criteria": {
      "has_planks": "2024-05-18 22:07:50 +0000"
    },
    "done": true
  },
  "vampirism:recipes/combat/hunter/crucifix": {
    "criteria": {
      "planks": "2024-05-18 22:07:50 +0000"
    },
    "done": true
  },
  "vampirism:recipes/decorations/general/altar_cleansing": {
    "criteria": {
      "has_vampire_book": "2024-05-18 22:07:50 +0000"
    },
    "done": true
  },
  "minecraft:recipes/tools/lead": {
    "criteria": {
      "has_slime_ball": "2024-05-18 22:14:06 +0000"
    },
    "done": true
  },
  "minecraft:recipes/redstone/sticky_piston": {
    "criteria": {
      "has_slime_ball": "2024-05-18 22:14:06 +0000"
    },
    "done": true
  },
  "minecraft:recipes/redstone/slime_block": {
    "criteria": {
      "has_slime_ball": "2024-05-18 22:14:06 +0000"
    },
    "done": true
  },
  "vampirism:recipes/misc/gold_nugget_from_accessory_blasting": {
    "criteria": {
      "has_amulet": "2024-05-18 22:22:26 +0000"
    },
    "done": true
  },
  "vampirism:recipes/misc/gold_nugget_from_accessory_smelting": {
    "criteria": {
      "has_amulet": "2024-05-18 22:22:26 +0000"
    },
    "done": true
  },
  "vampirism:recipes/alchemy_table/alchemy_table/plant_oil": {
    "criteria": {
      "has_wheat_seeds": "2024-05-18 22:22:37 +0000"
    },
    "done": true
  },
  "minecraft:recipes/misc/pumpkin_seeds": {
    "criteria": {
      "has_pumpkin": "2024-05-18 22:29:47 +0000"
    },
    "done": true
  },
  "minecraft:recipes/food/pumpkin_pie": {
    "criteria": {
      "has_pumpkin": "2024-05-18 22:29:47 +0000"
    },
    "done": true
  },
  "minecraft:recipes/building_blocks/mud_bricks": {
    "criteria": {
      "has_packed_mud": "2024-05-18 22:30:28 +0000"
    },
    "done": true
  },
  "minecraft:recipes/building_blocks/emerald_block": {
    "criteria": {
      "has_emerald": "2024-05-18 22:34:21 +0000"
    },
    "done": true
  },
  "minecraft:recipes/decorations/stone_brick_wall": {
    "criteria": {
      "has_stone_bricks": "2024-05-18 22:36:52 +0000"
    },
    "done": true
  },
  "minecraft:recipes/building_blocks/cracked_stone_bricks": {
    "criteria": {
      "has_stone_bricks": "2024-05-18 22:36:52 +0000"
    },
    "done": true
  },
  "vampirism:recipes/decorations/vampire/altar_pillar": {
    "criteria": {
      "has_stones": "2024-05-18 22:36:52 +0000"
    },
    "done": true
  },
  "minecraft:recipes/building_blocks/stone_brick_stairs_from_stone_bricks_stonecutting": {
    "criteria": {
      "has_stone_bricks": "2024-05-18 22:36:52 +0000"
    },
    "done": true
  },
  "minecraft:recipes/building_blocks/stone_brick_stairs": {
    "criteria": {
      "has_stone_bricks": "2024-05-18 22:36:52 +0000"
    },
    "done": true
  },
  "minecraft:recipes/building_blocks/chiseled_stone_bricks": {
    "criteria": {
      "has_tag": "2024-05-18 22:36:52 +0000"
    },
    "done": true
  },
  "minecraft:recipes/decorations/stone_brick_wall_from_stone_bricks_stonecutting": {
    "criteria": {
      "has_stone_bricks": "2024-05-18 22:36:52 +0000"
    },
    "done": true
  },
  "minecraft:recipes/building_blocks/stone_brick_slab_from_stone_bricks_stonecutting": {
    "criteria": {
      "has_stone_bricks": "2024-05-18 22:36:52 +0000"
    },
    "done": true
  },
  "minecraft:recipes/building_blocks/stone_brick_slab": {
    "criteria": {
      "has_stone_bricks": "2024-05-18 22:36:52 +0000"
    },
    "done": true
  },
  "minecraft:recipes/building_blocks/chiseled_stone_bricks_from_stone_bricks_stonecutting": {
    "criteria": {
      "has_stone_bricks": "2024-05-18 22:36:52 +0000"
    },
    "done": true
  },
  "werewolves:recipes/misc/stone_altar": {
    "criteria": {
      "has_stone_bricks": "2024-05-18 22:36:52 +0000"
    },
    "done": true
  },
  "vampirism:recipes/decorations/general/tombstone2": {
    "criteria": {
      "has_coble": "2024-05-18 22:39:15 +0000"
    },
    "done": true
  },
  "vampirism:vampire/blood_cult": {
    "criteria": {
      "main": "2024-05-18 22:40:18 +0000"
    },
    "done": false
  },
  "vampirism:vampire/freeze_kill": {
    "criteria": {
      "main": "2024-05-18 22:40:18 +0000"
    },
    "done": false
  },
  "vampirism:vampire/first_blood": {
    "criteria": {
      "main": "2024-05-18 22:40:18 +0000"
    },
    "done": false
  },
  "vampirism:vampire/extra_storage": {
    "criteria": {
      "main": "2024-05-18 22:40:18 +0000"
    },
    "done": false
  },
  "vampirism:vampire/yuck": {
    "criteria": {
      "main": "2024-05-18 22:40:18 +0000"
    },
    "done": false
  },
  "vampirism:vampire/sniped": {
    "criteria": {
      "main": "2024-05-18 22:40:18 +0000"
    },
    "done": false
  },
  "vampirism:vampire/kill_mother": {
    "criteria": {
      "main": "2024-05-18 22:40:18 +0000"
    },
    "done": false
  },
  "vampirism:vampire/become_vampire": {
    "criteria": {
      "main": "2024-05-18 22:40:18 +0000"
    },
    "done": true
  },
  "vampirism:vampire/resurrect": {
    "criteria": {
      "main": "2024-05-18 22:40:18 +0000"
    },
    "done": false
  },
  "vampirism:vampire/bat": {
    "criteria": {
      "main": "2024-05-18 22:40:18 +0000"
    },
    "done": false
  },
  "vampirism:recipes/decorations/item_tent": {
    "criteria": {
      "has_bed": "2024-05-18 22:50:10 +0000"
    },
    "done": true
  },
  "DataVersion": 3465
}